0467,1,3,127
10469,0,3,126
10471,0,4,128
nan
10459,1,3,124
10461,0,4,120
10462,0,5,121
10464,0,4,121
10466,0,2,125
10467,1,3,127
10469,0,3,126
10471,0,4,128
nan

3,0,2,137
4,0,3,134
6,0,6,137
7,0,3,136
9,0,3,137
10,0,3,140
12,0,4,137
13,0,1,133
15,0,4,134
16,1,4,135
18,0,3,132
19,0,4,129
21,2,0,132
22,0,5,128
24,0,7,126
25,0,5,124
27,0,2,125
28,0,7,124
30,0,4,126
31,0,3,123
33,0,4,126
34,0,4,123
36,0,3,124
37,0,4,125
39,0,5,127
40,0,3,126
43,0,3,128
44,1,2,130
46,0,2,130
47,0,3,129
49,1,4,132
50,0,4,135
52,0,2,135
53,0,2,136
55,0,5,135
56,0,2,136
58,0,4,136
59,0,4,136
61,1,3,137
62,0,0,136
64,-2,5,136
65,0,3,134
67,0,3,131
68,0,3,131
70,0,3,130
71,1,4,129
73,0,4,127
74,0,4,128
76,0,6,125
77,0,5,122
79,0,3,123
80,1,3,125
82,0,1,123
83,0,3,123
86,0,4,125
87,0,4,124
89,-3,5,124
91,0,4,124
92,0,3,125
94,0,5,130
95,1,4,129
97,0,3,132
98,0,4,133
100,0,3,133
101,0,3,136
103,0,3,138
104,0,6,134
106,-2,6,140
107,0,5,140
109,2,3,135
110,1,3,135
112,0,1,134
113,-2,5,136
115,0,4,132
117,0,6,134
118,0,5,132
120,0,2,128
121,0,5,128
123,3,2,126
124,0,5,127
126,0,1,123
128,0,7,125
130,0,4,120
132,0,6,123
133,1,3,126
135,2,4,124
136,0,3,122
138,0,4,124
139,1,3,128
141,0,5,128
142,0,2,129
144,0,0,130
146,0,6,128
147,0,3,130
149,0,3,132
150,0,4,132
152,0,5,138
153,0,3,139
155,-2,4,138
156,0,4,137
158,0,6,139
160,0,2,136
161,1,2,137
163,0,3,137
164,0,3,133
166,0,4,135
167,0,5,132
169,0,1,128
171,0,3,129
173,0,4,128
175,0,3,127
176,0,3,126
178,-2,4,124
179,0,1,123
181,2,2,122
182,0,4,124
184,0,4,121
185,1,2,124
187,0,4,124
189,0,3,124
190,0,4,128
192,0,4,128
193,0,1,129
195,1,3,130
196,0,6,131
198,1,1,132
199,0,4,137
201,1,4,136
203,1,4,138
204,0,3,138
206,0,2,139
207,0,3,137
209,0,4,138
210,0,7,136
212,0,0,136
214,0,4,133
216,0,4,134
218,0,1,135
219,0,1,131
221,0,6,129
222,0,2,128
224,0,8,128
225,0,4,124
227,0,3,126
228,0,2,125
230,0,3,124
231,0,3,122
233,0,3,121
235,0,4,123
236,2,3,123
238,0,3,124
239,0,4,124
241,1,3,128
242,0,4,128
244,0,5,130
245,0,4,129
247,1,2,134
249,0,4,134
250,0,6,138
252,0,2,137
253,1,3,137
256,0,5,137
257,-2,6,139
259,0,5,139
260,0,1,137
262,1,3,134
264,0,3,135
265,0,5,133
267,1,3,135
268,0,5,130
270,0,5,130
271,0,4,128
273,0,6,128
274,1,3,126
276,0,3,127
278,0,3,125
279,0,6,124
281,0,3,123
282,2,3,123
284,-2,5,121
285,0,4,123
287,0,5,126
288,0,4,127
290,0,3,128
292,0,2,127
293,0,3,128
295,1,2,134
296,0,1,133
299,0,3,133
300,1,4,136
302,0,3,138
303,-2,4,136
305,0,3,139
307,0,2,138
308,0,5,138
310,0,3,140
311,2,4,138
313,0,4,138
314,1,0,134
316,0,4,134
317,2,4,134
319,1,4,129
320,0,5,128
322,2,2,128
324,0,4,127
325,0,3,128
327,2,3,126
328,0,4,124
330,0,4,124
331,0,6,123
333,0,1,125
334,2,3,122
336,0,4,124
338,0,4,123
339,0,4,128
342,0,2,129
343,1,5,128
345,3,2,132
346,0,3,131
348,1,4,132
349,0,3,135
351,0,2,138
353,0,4,137
354,0,3,138
356,1,4,136
357,0,2,138
359,0,4,137
360,1,5,137
362,0,5,136
363,0,6,136
365,1,5,134
367,0,5,133
368,0,4,129
370,0,3,128
371,0,6,128
373,0,4,127
374,2,1,128
376,0,6,126
377,2,3,123
379,2,3,124
381,0,5,124
382,0,2,125
385,-2,6,126
386,1,3,125
388,1,4,126
389,0,2,125
391,3,3,125
392,0,3,129
394,0,3,128
396,1,3,132
397,-2,5,131
399,0,2,133
400,0,1,134
402,1,2,135
403,1,1,139
405,1,3,136
406,0,3,138
408,0,4,139
409,1,3,136
411,0,3,137
413,0,4,135
414,1,4,132
416,0,4,133
417,0,2,129
419,0,4,131
420,0,5,128
422,0,3,126
423,1,0,127
425,0,3,126
428,0,7,126
429,-3,3,121
431,0,3,124
432,0,4,122
434,0,3,123
435,0,6,124
437,0,1,125
438,0,3,125
440,0,3,127
442,0,4,128
443,0,6,129
445,1,2,129
446,0,3,132
448,2,4,135
449,0,3,136
451,1,4,136
452,0,3,136
454,2,4,137
456,0,2,138
457,0,3,138
459,0,3,136
460,0,3,140
462,0,4,133
463,0,2,134
465,0,2,134
466,0,5,133
468,0,4,130
471,0,5,132
472,0,6,128
474,1,2,128
475,0,2,127
477,1,4,124
478,0,3,121
480,2,5,123
481,0,5,121
483,0,5,121
484,0,5,124
486,0,4,121
488,0,5,126
489,0,4,127
491,-2,3,125
492,0,4,128
494,0,5,131
495,0,3,131
497,0,3,133
498,0,3,134
500,0,3,136
502,0,4,137
503,0,3,138
505,0,4,138
506,0,3,140
508,0,4,139
509,0,2,136
512,0,8,138
513,0,3,134
515,1,1,134
517,0,0,133
518,0,7,131
520,0,4,134
521,1,5,128
523,0,6,128
524,0,4,128
526,1,4,121
527,0,5,122
529,3,4,125
531,1,2,126
532,0,3,127
534,0,3,123
535,0,4,123
537,0,4,124
538,0,4,127
540,0,1,127
541,0,2,128
543,0,3,128
545,0,5,130
546,0,4,131
548,0,4,136
549,0,1,134
551,0,4,132
552,0,4,137
555,1,5,137
556,1,3,138
558,0,3,136
560,1,3,135
561,0,4,135
563,0,4,136
564,0,3,132
566,0,3,133
567,0,1,131
569,0,4,128
570,0,3,128
572,1,4,127
574,0,6,127
575,1,4,124
577,2,3,125
578,0,4,124
580,0,2,121
581,2,4,122
583,0,4,121
584,0,5,121
586,2,3,124
587,0,4,124
589,0,4,126
591,0,4,127
592,1,4,126
594,0,4,129
595,0,4,129
598,2,3,132
599,0,5,132
601,0,4,133
602,0,3,136
604,1,3,137
606,0,2,140
607,0,4,140
609,0,4,138
610,0,4,136
612,1,1,133
613,1,4,138
615,0,2,134
616,-2,4,131
618,0,3,128
620,0,4,128
621,0,6,128
623,0,4,126
624,0,2,123
626,0,3,125
627,0,3,125
629,0,2,124
630,0,6,124
632,0,3,124
634,0,2,123
635,0,4,124
637,0,5,125
638,0,4,127
641,0,5,128
642,-2,5,128
644,0,4,131
645,0,2,130
647,0,2,131
649,0,4,135
650,0,3,135
652,1,3,133
653,0,2,137
655,0,2,139
656,0,4,137
658,0,5,136
659,1,3,135
661,0,5,136
663,0,3,138
664,1,2,135
666,0,5,134
667,0,3,132
669,0,7,130
670,2,3,130
672,0,3,126
673,0,3,127
675,0,3,126
676,0,3,122
678,2,3,128
680,-2,2,125
681,0,3,120
684,1,0,124
685,0,5,122
687,0,3,125
688,0,3,128
690,0,1,128
691,0,4,130
693,1,7,128
695,-2,2,131
696,0,2,130
698,1,5,132
699,1,4,136
701,0,6,135
702,0,3,138
704,0,1,137
705,0,6,139
707,0,2,137
709,0,5,140
710,1,3,134
712,0,3,138
713,0,4,135
715,-2,6,132
716,0,5,132
718,0,3,132
719,0,5,128
721,1,3,128
723,0,0,125
724,0,6,127
727,0,5,126
728,0,4,125
730,0,4,124
731,0,4,123
733,1,4,126
734,0,3,124
736,0,4,126
738,0,3,122
739,0,3,126
741,1,3,125
742,0,6,128
744,0,5,129
745,0,2,130
747,0,4,132
748,0,3,133
750,0,3,135
752,1,3,136
753,0,6,136
755,0,4,139
756,0,4,136
758,0,4,139
759,0,4,140
761,0,1,136
762,2,3,135
764,0,5,134
766,0,3,135
768,1,2,131
770,0,5,128
771,0,1,128
773,1,3,128
774,0,3,128
776,0,4,126
777,0,4,124
779,1,4,125
780,0,4,124
782,0,4,124
784,0,4,123
785,0,3,124
787,0,3,124
788,1,3,122
790,0,3,126
791,1,2,128
793,0,2,129
794,-2,4,131
796,0,3,131
798,0,4,131
799,0,5,134
801,1,2,138
802,0,3,135
804,0,1,140
805,0,4,135
807,0,2,138
808,0,4,140
811,0,3,137
813,0,2,135
814,0,6,136
816,1,2,132
817,0,1,134
819,0,6,129
820,0,6,131
822,0,2,128
823,0,3,127
825,0,4,125
827,0,4,125
828,0,5,123
830,0,5,123
831,0,4,124
833,0,3,121
834,1,3,124
836,2,3,123
837,0,3,126
839,0,4,127
841,1,4,128
842,0,4,127
844,1,4,128
845,-2,4,132
847,0,6,133
848,0,4,136
850,1,3,138
851,0,2,136
854,0,2,138
856,0,0,139
857,0,4,139
859,0,0,143
860,0,2,137
862,1,2,137
863,0,4,136
865,1,3,136
866,0,3,133
868,0,2,132
869,0,4,132
871,0,4,129
873,0,4,125
874,0,5,126
876,0,4,122
877,0,4,125
879,0,5,124
880,0,4,126
882,0,4,119
883,0,3,124
885,0,2,124
887,0,5,126
888,0,6,124
890,0,4,126
891,0,1,128
893,0,4,130
894,0,3,132
897,0,5,132
898,0,2,132
900,3,2,134
902,0,6,138
903,0,3,136
905,1,4,138
906,0,3,137
908,1,3,137
909,0,3,138
911,0,5,134
912,0,3,134
914,0,6,136
916,1,4,134
917,-2,6,131
919,0,2,128
920,1,3,128
922,0,3,128
923,0,3,128
925,0,3,127
926,0,1,126
928,0,3,127
930,0,4,123
931,0,5,123
933,0,4,123
934,0,4,123
936,0,5,124
937,1,3,125
940,0,0,128
941,0,3,126
943,0,3,130
945,0,2,129
946,0,3,129
948,0,3,131
949,0,3,132
951,0,4,135
952,0,3,135
954,2,3,138
955,2,1,139
957,1,2,137
958,0,3,139
960,0,3,136
962,0,4,133
963,0,2,134
965,0,3,133
966,-2,4,135
968,0,0,130
969,0,5,129
971,0,5,128
972,0,3,128
974,0,6,124
976,0,5,126
977,0,4,122
979,0,4,123
980,0,4,119
983,1,3,122
984,1,0,119
986,1,3,125
987,0,4,123
989,0,3,123
991,0,4,125
992,0,3,126
994,0,3,129
995,0,5,131
997,0,3,131
998,0,5,131
1000,0,1,136
1001,0,2,137
1003,0,4,137
1005,-2,4,139
1006,0,3,135
1008,1,4,137
1009,0,3,138
1011,0,7,132
1013,0,3,135
1014,0,6,134
1016,0,3,131
1017,0,4,131
1019,0,3,128
1021,0,4,130
1022,1,2,127
1025,0,4,126
1026,0,3,126
1028,0,5,122
1030,0,0,123
1031,0,4,123
1033,2,2,123
1034,0,5,123
1036,0,2,124
1038,0,5,125
1039,1,3,127
1041,0,4,127
1042,0,4,127
1044,0,5,129
1046,1,4,131
1047,1,2,132
1049,2,3,134
1050,1,3,134
1052,0,2,138
1054,0,4,138
1055,1,3,136
1057,0,3,138
1058,0,5,140
1060,0,4,137
1062,0,5,134
1063,0,3,136
1065,0,3,132
1067,0,1,132
1069,0,3,131
1071,0,4,127
1072,2,5,128
1074,0,6,126
1075,0,4,127
1077,2,3,125
1079,0,2,124
1080,0,4,120
1082,0,4,122
1083,0,4,122
1085,0,3,122
1087,0,5,126
1088,1,6,126
1090,1,3,126
1091,0,4,129
1093,0,4,128
1095,0,2,133
1096,0,2,133
1098,0,4,134
1099,0,7,135
1101,0,0,137
1103,0,6,138
1104,0,4,136
1106,0,3,136
1107,0,4,139
1110,0,2,135
1112,0,4,136
1113,0,5,136
1115,0,4,134
1116,1,4,134
1118,0,0,133
1120,1,4,129
1121,0,3,129
1123,0,3,125
1124,1,3,125
1126,1,3,124
1128,0,4,123
1129,-4,3,126
1131,0,5,121
1132,0,2,125
1134,0,4,125
1136,3,1,124
1137,0,4,128
1139,0,4,126
1140,0,3,122
1142,0,4,128
1143,0,7,128
1145,1,4,131
1147,0,1,132
1148,0,4,134
1150,0,0,136
1152,0,5,136
1154,0,2,138
1156,0,3,137
1157,0,3,140
1159,1,3,139
1160,0,3,136
1162,0,4,137
1164,0,6,137
1165,1,4,131
1167,0,2,133
1168,2,2,131
1170,0,3,128
1172,0,3,127
1173,0,6,124
1175,2,6,124
1176,1,3,125
1178,0,4,122
1180,0,4,122
1181,0,1,124
1183,0,4,124
1184,0,3,124
1186,0,4,125
1188,0,3,125
1189,0,3,126
1191,1,0,128
1192,0,3,129
1195,0,3,130
1197,0,2,131
1198,0,5,131
1200,0,3,134
1201,0,2,133
1203,1,3,135
1205,0,7,137
1206,0,2,137
1208,0,6,135
1209,1,3,137
1211,0,4,140
1213,0,1,135
1214,0,6,134
1216,0,3,132
1217,0,3,129
1219,1,1,129
1221,0,5,131
1222,2,3,127
1224,0,3,127
1225,-2,6,127
1227,0,4,123
1229,0,6,123
1230,1,3,124
1232,0,6,122
1233,3,5,122
1235,0,3,126
1238,0,3,125
1239,1,4,125
1241,0,2,128
1242,-2,4,131
1244,0,4,128
1246,0,4,132
1247,0,4,133
1249,0,3,136
1250,0,2,135
1252,-2,3,138
1254,1,3,134
1255,1,2,137
1257,0,3,137
1258,0,3,140
1260,1,3,138
1262,1,2,135
1263,2,5,134
1265,1,3,133
1266,0,3,132
1268,0,4,130
1270,0,2,132
1271,1,3,128
1273,1,4,128
1274,0,4,125
1276,0,5,124
1278,0,3,121
1280,0,3,126
1282,0,4,123
1283,0,3,122
1285,0,3,123
1286,1,3,127
1288,0,7,123
1290,0,2,128
1291,0,3,129
1293,0,4,129
1294,1,4,128
1296,1,5,131
1298,0,3,135
1299,0,3,133
1301,0,3,135
1302,0,5,135
1304,0,2,137
1306,0,4,138
1307,0,2,141
1309,0,3,135
1310,0,2,139
1312,1,4,136
1314,0,5,134
1315,0,4,134
1317,2,3,131
1318,0,5,130
1320,0,4,128
1323,0,4,125
1324,0,3,125
1326,1,2,123
1327,0,3,124
1329,0,6,122
1331,1,2,123
1332,0,7,120
1334,1,4,121
1335,0,5,123
1337,0,4,125
1339,0,3,126
1340,0,4,128
1342,0,4,128
1343,0,3,129
1345,0,5,132
1347,1,3,133
1348,0,5,133
1350,0,3,132
1351,2,3,138
1353,0,3,137
1355,0,0,139
1356,1,3,136
1358,0,2,137
1359,0,7,137
1361,0,1,136
1363,0,3,138
1364,1,3,133
1367,0,4,135
1368,1,3,130
1370,1,2,128
1372,0,3,128
1373,2,4,128
1375,0,3,128
1376,1,5,126
1378,0,6,123
1380,0,4,122
1381,0,4,120
1383,1,2,118
1384,0,5,124
1386,0,3,124
1388,0,4,126
1389,0,3,124
1391,0,2,127
1392,1,3,130
1394,0,2,129
1396,0,3,134
1397,0,4,133
1399,0,2,136
1400,0,7,136
1402,-2,6,137
1404,0,3,135
1405,0,3,138
1408,0,3,140
1409,0,5,137
1411,2,1,138
1413,0,3,135
1414,0,4,137
1416,0,4,133
1417,0,2,134
1419,0,6,131
1421,0,4,128
1422,2,0,124
1424,-3,4,126
1425,0,4,123
1427,0,5,124
1429,0,3,124
1430,1,3,123
1432,1,3,123
1433,0,2,123
1435,0,5,126
1437,0,5,126
1438,0,4,124
1440,0,3,125
1441,1,2,128
1443,0,2,130
1444,0,2,133
1446,2,0,134
1448,0,3,131
1449,1,1,134
1452,0,2,135
1453,2,1,135
1455,0,3,139
1457,-2,4,142
1458,0,4,140
1460,0,4,138
1461,1,3,136
1463,0,4,134
1465,0,3,131
1466,0,5,135
1468,0,2,131
1469,0,5,128
1471,0,3,127
1473,0,1,126
1474,0,4,125
1476,0,4,124
1477,0,5,121
1479,1,3,124
1481,0,3,121
1482,1,3,122
1484,0,3,124
1485,0,2,123
1487,1,2,128
1489,0,4,123
1490,0,4,128
1492,0,5,129
1494,0,2,130
1496,0,3,132
1498,0,5,132
1499,0,7,133
1501,1,2,135
1502,2,4,140
1504,1,4,139
1506,-4,7,137
1507,3,3,134
1509,3,0,139
1510,0,3,139
1512,0,4,136
1514,0,3,132
1515,0,3,134
1517,0,4,130
1518,0,4,129
1520,0,4,128
1522,0,4,128
1523,0,4,126
1525,0,6,126
1526,0,4,122
1528,0,4,124
1530,0,4,124
1531,0,4,122
1533,0,3,124
1534,0,2,125
1537,0,3,124
1539,2,3,126
1540,0,3,126
1542,0,4,129
1543,0,2,130
1545,0,5,132
1547,-2,5,133
1548,2,5,135
1550,1,3,135
1551,0,2,134
1553,0,4,139
1555,1,4,139
1556,0,3,138
1558,0,4,138
1559,0,4,136
1561,0,3,135
1563,0,2,136
1564,0,6,134
1566,0,3,132
1567,0,3,132
1569,-4,4,128
1571,0,3,128
1572,0,2,124
1574,0,1,124
1575,0,3,122
1577,0,1,124
1580,0,3,123
1581,0,4,123
1583,0,4,126
1584,2,1,122
1586,0,5,124
1588,0,4,127
1589,0,4,128
1591,0,3,127
1592,0,2,127
1594,0,3,128
1595,0,1,129
1597,1,5,133
1599,0,3,135
1600,1,4,135
1602,0,3,135
1603,0,3,139
1605,0,1,137
1607,1,3,140
1608,0,2,139
1610,0,1,139
1611,0,3,134
1613,0,6,133
1615,0,3,132
1616,0,3,132
1618,0,5,128
1619,0,3,128
1622,0,5,128
1624,0,2,127
1625,1,4,128
1627,2,3,123
1628,0,6,125
1630,0,4,126
1632,0,4,123
1633,0,4,122
1635,0,4,121
1636,0,6,126
1638,0,5,125
1640,0,3,127
1641,0,3,128
1643,0,4,130
1644,0,4,129
1646,2,4,131
1648,-2,6,136
1649,0,3,134
1651,-2,7,136
1652,0,2,138
1654,1,2,138
1656,0,1,141
1657,0,4,139
1659,0,6,139
1660,0,2,137
1662,0,4,133
1665,0,4,131
1666,0,3,132
1668,0,3,132
1669,0,5,131
1671,0,4,127
1673,0,2,128
1674,0,4,126
1676,0,4,123
1677,0,1,124
1679,0,6,124
1681,0,4,126
1682,0,3,123
1684,0,3,120
1685,0,3,124
1687,2,2,124
1689,0,3,127
1690,-2,6,128
1692,0,5,126
1693,0,4,130
1695,0,4,132
1697,0,3,134
1698,0,6,135
1700,0,3,138
1701,0,4,136
1703,2,3,138
1705,0,3,136
1707,0,3,139
1709,0,5,138
1710,0,2,136
1712,0,3,134
1714,0,5,136
1715,0,3,131
1717,0,3,131
1718,0,2,130
1720,0,4,127
1722,0,2,128
1723,0,2,126
1725,0,6,124
1726,0,4,125
1728,0,7,125
1729,0,1,124
1731,0,6,126
1733,0,4,123
1734,0,6,124
1736,1,3,127
1737,0,3,127
1739,0,2,125
1741,1,3,124
1742,0,6,131
1744,0,3,128
1745,0,3,135
1747,1,2,129
1750,1,3,134
1751,0,4,137
1753,0,2,139
1754,0,4,141
1756,0,5,137
1758,0,2,139
1759,0,5,138
1761,3,0,138
1762,0,3,134
1764,0,5,135
1766,0,4,135
1767,0,2,131
1769,0,5,129
1770,0,2,128
1772,0,3,124
1774,0,4,125
1775,1,4,125
1777,0,3,124
1778,0,4,124
1780,0,3,126
1782,0,4,123
1783,0,4,122
1785,2,3,122
1786,0,4,124
1788,1,4,124
1790,0,5,125
1792,0,4,128
1794,0,1,128
1795,0,4,132
1797,0,6,135
1799,0,3,134
1800,0,3,133
1802,0,5,136
1803,1,4,137
1805,0,2,139
1807,0,2,138
1808,0,3,139
1810,0,5,136
1811,0,3,137
1813,2,1,135
1815,0,3,134
1816,0,6,130
1818,0,5,130
1819,0,4,128
1821,1,6,127
1823,0,4,127
1824,0,3,128
1826,1,3,125
1827,0,4,122
1829,0,3,124
1831,0,4,123
1832,0,2,124
1835,0,4,125
1836,0,4,122
1838,0,4,126
1840,0,4,128
1841,1,2,130
1843,0,4,128
1844,0,4,129
1846,0,4,131
1848,0,3,134
1849,0,4,140
1851,0,3,136
1852,0,3,134
1854,0,3,137
1856,0,4,138
1857,0,0,135
1859,1,3,136
1860,0,4,137
1862,0,4,134
1864,2,3,135
1865,0,3,134
1867,0,3,133
1868,0,4,128
1870,0,3,129
1871,0,6,128
1873,1,3,127
1875,-3,5,126
1876,0,4,124
1879,0,4,121
1880,0,7,123
1882,0,3,122
1884,0,4,122
1885,0,4,128
1887,0,3,126
1888,0,5,124
1890,0,2,128
1892,0,4,129
1893,0,4,128
1895,0,3,132
1896,1,3,134
1898,1,3,133
1900,0,5,137
1901,0,4,135
1903,-2,4,140
1904,1,3,137
1906,-2,5,137
1908,0,4,138
1909,0,1,135
1911,0,3,136
1912,0,4,134
1914,0,1,135
1916,0,4,130
1917,0,3,128
1920,2,3,128
1921,0,5,128
1923,0,2,128
1925,0,3,122
1926,1,4,125
1928,1,2,121
1929,0,3,123
1931,-2,2,124
1933,0,6,121
1934,0,4,125
1936,0,4,124
1937,0,2,126
1939,1,1,128
1941,1,2,128
1942,0,1,128
1944,1,4,131
1945,1,5,131
1947,0,3,134
1949,0,5,134
1950,0,5,136
1952,1,4,137
1953,0,4,139
1955,1,3,137
1957,0,3,137
1958,0,3,136
1960,0,2,134
1961,2,2,133
1964,0,5,135
1966,0,3,135
1967,0,4,132
1969,0,1,130
1970,0,3,128
1972,0,5,128
1974,0,1,128
1975,0,4,125
1977,0,4,126
1978,0,3,121
1980,0,5,124
1982,0,3,120
1983,0,3,122
1985,0,3,126
1986,0,5,123
1988,0,4,122
1990,0,5,126
1991,0,1,125
1993,0,4,128
1994,0,6,133
1996,3,1,134
1998,0,3,133
1999,0,3,137
2001,0,3,135
2002,1,3,136
2004,1,2,137
2007,0,4,139
2008,1,3,137
2010,0,6,136
2011,0,4,136
2013,0,3,135
2015,0,4,133
2016,0,4,135
2018,1,4,129
2019,1,3,131
2021,3,0,129
2023,-2,4,126
2024,0,4,125
2026,0,2,126
2027,0,3,126
2029,0,4,125
2031,0,3,122
2032,0,5,124
2034,0,4,122
2035,0,3,126
2037,0,4,123
2039,0,1,127
2040,0,4,128
2042,0,2,131
2043,0,4,132
2045,0,3,132
2046,0,4,132
2049,0,4,136
2051,0,4,137
2052,1,4,138
2054,0,3,140
2055,2,5,139
2057,0,2,136
2059,0,4,139
2060,1,0,137
2062,1,6,135
2063,0,5,134
2065,0,2,136
2067,0,6,132
2068,0,3,129
2070,-2,7,129
2071,0,5,126
2073,0,4,128
2075,0,3,124
2076,0,3,125
2078,2,2,123
2079,0,4,121
2081,0,3,123
2083,1,1,123
2084,-2,4,125
2086,0,7,125
2087,0,2,128
2089,0,3,124
2092,0,4,128
2093,1,3,130
2095,0,4,128
2096,0,3,132
2098,0,1,132
2100,0,6,136
2101,0,3,138
2103,1,1,137
2104,0,4,138
2106,0,2,137
2108,1,4,138
2109,0,4,137
2111,0,1,136
2112,0,4,134
2114,0,2,132
2116,-2,6,134
2117,0,2,131
2119,0,2,129
2120,0,3,129
2122,0,4,127
2124,0,1,128
2125,2,0,127
2127,0,3,124
2128,0,3,126
2130,0,3,120
2132,0,5,123
2134,2,0,123
2136,2,4,126
2137,1,2,124
2139,0,4,127
2141,0,4,128
2142,0,5,126
2144,0,4,128
2145,0,2,132
2147,0,4,133
2149,0,3,137
2150,0,4,135
2152,2,3,136
2153,0,3,136
2155,0,3,140
2157,3,5,137
2158,0,3,137
2160,0,4,136
2161,0,3,134
2163,1,6,134
2165,0,3,134
2166,0,1,136
2168,0,1,128
2169,0,3,130
2171,0,0,128
2173,0,6,126
2174,0,3,124
2177,0,3,125
2178,0,4,123
2180,0,5,124
2182,0,3,121
2183,0,1,125
2185,1,3,126
2186,0,3,125
2188,0,4,124
2190,0,6,126
2191,0,3,128
2193,0,4,129
2194,1,3,132
2196,0,1,131
2198,0,2,134
2199,0,5,134
2201,0,3,139
2202,0,7,138
2204,0,6,139
2206,0,5,138
2207,1,3,140
2209,1,3,136
2210,0,1,138
2212,0,3,134
2213,0,3,130
2215,1,3,133
2217,-2,4,131
2219,0,3,128
2221,0,5,127
2222,-2,3,126
2224,0,5,124
2226,0,5,126
2227,0,4,124
2229,0,2,124
2230,3,3,124
2232,0,1,122
2234,0,3,121
2235,1,4,122
2237,0,5,125
2238,0,7,126
2240,0,4,128
2242,0,3,130
2243,0,4,129
2245,-3,4,132
2246,-2,3,134
2248,0,4,131
2250,0,1,134
2251,0,5,138
2253,1,4,138
2254,0,3,133
2256,0,5,137
2258,0,2,137
2259,0,1,136
2262,0,4,140
2263,0,4,132
2265,0,3,136
2267,1,3,131
2268,0,3,130
2270,1,4,129
2271,2,4,128
2273,0,2,126
2275,0,6,124
2276,0,3,123
2278,2,2,123
2279,0,3,122
2281,0,4,123
2283,0,4,124
2284,0,4,121
2286,0,6,125
2287,0,5,124
2289,0,4,128
2291,0,5,128
2292,0,3,128
2294,1,6,130
2295,2,4,131
2297,1,3,133
2299,1,2,136
2300,1,4,135
2302,-3,4,136
2304,0,5,137
2306,0,1,137
2308,2,3,137
2309,0,4,138
2311,0,3,139
2312,1,2,136
2314,2,0,131
2316,-2,3,134
2317,0,3,130
2319,0,4,131
2320,0,2,128
2322,0,3,128
2324,0,4,126
2325,0,3,124
2327,0,2,123
2328,2,3,122
2330,0,3,124
2332,1,2,123
2333,1,4,123
2335,0,3,125
2336,0,2,124
2338,0,4,127
2340,0,4,128
2341,2,2,128
2343,0,3,129
2344,0,4,129
2347,0,3,134
2349,0,4,131
2350,0,4,135
2352,0,5,137
2353,0,3,135
2355,0,6,136
2357,0,3,139
2358,0,3,139
2360,0,5,137
2361,0,4,133
2363,0,3,137
2365,0,3,133
2366,1,3,135
2368,0,3,129
2369,0,3,127
2371,0,4,130
2373,0,3,126
2374,0,3,124
2376,0,3,123
2377,0,4,122
2379,0,4,123
2381,2,4,123
2382,0,4,123
2384,0,2,122
2385,0,7,123
2387,0,2,126
2388,0,2,127
2391,0,4,128
2393,2,4,129
2394,0,6,128
2396,0,2,134
2397,1,2,135
2399,0,3,135
2401,0,6,137
2402,0,4,137
2404,0,4,137
2405,0,3,137
2407,0,3,136
2409,0,5,137
2410,0,3,137
2412,0,3,136
2413,0,4,135
2415,0,6,133
2417,0,4,132
2418,0,3,131
2420,0,5,129
2421,0,3,126
2423,0,4,126
2425,0,5,123
2426,0,3,125
2428,-2,4,123
2429,0,4,123
2432,1,4,123
2434,0,4,122
2435,0,7,122
2437,0,3,127
2438,-2,3,127
2440,0,2,127
2442,0,4,128
2443,0,5,130
2445,0,3,131
2446,0,4,131
2448,1,6,132
2450,0,6,135
2451,0,3,139
2453,1,5,136
2454,1,4,136
2456,0,3,137
2458,0,3,135
2459,0,3,137
2461,0,6,136
2462,0,2,132
2464,0,6,135
2466,2,2,132
2467,0,5,130
2469,2,2,131
2470,0,5,127
2472,0,2,127
2475,2,4,125
2476,0,3,123
2478,1,3,124
2479,0,3,122
2481,0,3,125
2483,0,3,123
2484,0,4,124
2486,0,2,123
2487,1,3,124
2489,0,2,124
2491,1,2,129
2492,1,6,128
2494,2,2,132
2495,1,4,131
2497,0,5,134
2499,0,3,137
2500,0,5,138
2502,0,4,139
2503,0,3,135
2505,0,4,136
2507,0,5,136
2508,0,4,136
2510,0,1,138
2511,0,3,134
2513,1,2,136
2515,0,4,133
2516,2,3,132
2519,0,5,130
2520,0,6,128
2522,0,4,125
2524,0,3,128
2525,0,5,122
2527,1,4,124
2528,0,4,123
2530,3,4,122
2532,0,4,124
2533,0,4,125
2535,1,2,124
2536,1,1,124
2538,0,4,127
2540,0,3,128
2541,0,4,128
2543,-2,3,131
2544,0,5,132
2546,0,5,130
2548,0,2,136
2549,0,2,134
2551,0,3,136
2552,0,3,138
2554,0,3,137
2555,0,3,137
2557,0,5,139
2560,2,1,138
2561,0,2,138
2563,0,3,134
2564,0,3,133
2566,0,3,132
2568,1,3,131
2569,0,4,129
2571,0,3,128
2572,0,3,128
2574,-2,5,127
2576,0,4,123
2577,0,3,122
2579,0,5,122
2580,0,4,127
2582,0,4,122
2584,0,6,125
2585,0,4,125
2587,0,3,128
2588,0,3,127
2590,0,5,126
2592,0,4,131
2593,0,3,131
2595,0,3,132
2596,0,3,133
2598,0,3,138
2600,0,1,134
2601,0,5,138
2604,1,4,135
2605,1,4,139
2607,0,4,138
2609,0,5,136
2610,0,3,135
2612,0,1,134
2613,0,7,136
2615,0,5,133
2617,0,3,131
2618,1,5,129
2620,0,3,129
2621,0,2,128
2623,0,3,125
2625,0,2,127
2626,1,3,122
2628,0,3,122
2629,0,4,122
2631,0,4,123
2633,0,2,125
2634,0,2,124
2636,0,2,126
2637,0,2,126
2639,0,6,128
2641,0,3,126
2642,0,5,129
2644,0,5,131
2646,3,0,135
2648,2,3,134
2650,0,5,135
2651,0,5,137
2653,-2,4,137
2654,1,3,138
2656,0,3,137
2658,0,4,139
2659,1,1,140
2661,0,0,136
2662,0,3,134
2664,1,3,134
2666,0,3,131
2667,0,4,130
2669,0,4,130
2670,0,3,128
2672,0,1,128
2674,0,5,128
2675,0,2,126
2677,0,2,123
2678,0,4,123
2680,1,3,124
2682,-3,4,124
2683,0,2,125
2685,0,5,126
2686,0,3,128
2689,0,3,128
2691,-2,6,128
2692,0,3,129
2694,0,1,131
2695,0,3,133
2697,0,4,135
2699,0,4,136
2700,4,1,136
2702,0,3,138
2703,0,4,137
2705,1,4,137
2707,0,3,139
2708,1,4,140
2710,0,3,138
2711,0,3,134
2713,1,4,133
2715,0,6,132
2716,0,2,131
2718,0,6,128
2719,0,4,128
2721,0,4,127
2722,0,1,127
2724,0,4,127
2726,0,2,127
2727,0,2,124
2729,0,4,120
2731,3,1,120
2733,0,5,124
2735,1,2,125
2736,1,2,125
2738,2,4,126
2739,2,6,128
2741,2,6,127
2743,0,4,129
2744,0,4,133
2746,0,1,135
2747,0,3,134
2749,1,2,138
2751,1,2,137
2752,0,3,136
2754,0,3,138
2755,0,2,136
2757,2,4,138
2759,0,2,141
2760,1,3,138
2762,0,4,133
2763,1,3,134
2765,0,4,130
2767,0,2,132
2768,0,1,128
2770,1,3,127
2771,0,5,128
2774,0,4,124
2776,0,5,124
2777,0,4,124
2779,0,1,126
2780,0,4,122
2782,0,4,124
2784,1,5,124
2785,0,3,124
2787,0,3,126
2788,0,6,128
2790,0,2,128
2792,0,4,128
2793,0,4,132
2795,1,3,134
2796,0,2,136
2798,0,4,135
2800,0,5,138
2801,0,3,138
2803,-2,4,139
2804,0,4,140
2806,0,4,137
2808,0,2,137
2809,0,4,136
2811,0,4,134
2812,1,4,134
2814,1,4,132
2817,0,4,131
2818,0,6,129
2820,0,6,128
2821,1,3,127
2823,0,3,126
2825,1,3,124
2826,0,5,126
2828,0,4,120
2829,0,2,124
2831,0,5,122
2833,0,4,124
2834,0,3,123
2836,1,4,124
2837,0,6,126
2839,0,3,127
2841,1,1,128
2842,2,2,129
2844,0,3,128
2845,0,4,133
2847,0,1,132
2849,1,3,134
2850,2,2,138
2852,0,3,135
2853,0,1,138
2855,0,6,138
2856,0,4,139
2859,0,5,135
2861,0,4,136
2862,0,2,135
2864,0,4,131
2865,0,4,131
2867,1,4,135
2869,0,4,129
2870,2,4,129
2872,0,5,126
2873,0,6,127
2875,1,5,123
2877,0,5,127
2878,0,3,122
2880,0,1,121
2881,0,5,122
2883,0,5,123
2885,1,2,122
2886,1,5,125
2888,0,5,125
2889,-2,5,128
2891,0,4,128
2893,0,4,130
2894,1,3,131
2896,0,3,134
2897,0,4,133
2899,0,2,136
2902,0,4,136
2903,0,2,138
2905,0,4,138
2906,0,6,138
2908,2,3,139
2910,0,1,135
2911,0,6,134
2913,0,7,135
2914,0,3,133
2916,0,3,134
2918,0,4,130
2919,4,2,131
2921,0,4,125
2922,0,4,127
2924,0,1,127
2926,0,6,127
2927,2,4,123
2929,1,4,120
2930,0,2,126
2932,0,5,122
2934,1,5,125
2935,0,4,123
2937,0,2,124
2938,0,6,125
2940,0,3,128
2942,0,3,128
2944,0,3,131
2946,1,3,134
2947,0,5,136
2949,0,3,133
2951,2,4,135
2952,0,4,135
2954,0,4,137
2955,1,4,139
2957,0,4,139
2959,0,3,137
2960,0,3,136
2962,0,2,136
2963,0,5,134
2965,1,4,133
2967,0,5,132
2968,0,3,128
2970,1,3,128
2971,0,4,128
2973,1,4,126
2975,0,5,123
2976,2,3,121
2978,2,2,121
2979,0,4,123
2981,0,4,124
2983,0,4,121
2984,0,6,128
2987,0,1,125
2988,0,3,128
2990,0,5,128
2992,2,3,131
2993,0,1,130
2995,0,1,129
2996,0,3,135
2998,0,3,132
2999,0,3,135
3001,1,2,138
3003,0,6,135
3004,1,6,137
3006,0,3,138
3007,0,3,137
3009,0,4,135
3011,1,4,134
3012,2,1,135
3014,0,2,136
3015,2,3,134
3017,0,7,131
3019,1,1,130
3020,1,4,126
3022,0,3,123
3023,0,4,124
3025,1,6,125
3027,0,3,126
3028,0,6,123
3031,0,3,122
3032,0,5,122
3034,2,4,124
3036,1,3,124
3037,0,3,126
3039,1,3,127
3040,0,3,126
3042,2,5,131
3044,0,3,134
3045,0,3,133
3047,0,4,134
3048,1,0,132
3050,1,3,134
3052,0,3,137
3053,2,2,137
3055,0,6,138
3056,0,4,136
3058,0,4,138
3060,1,4,138
3061,0,5,132
3063,2,3,133
3064,0,4,134
3066,0,5,131
3068,1,4,131
3069,0,6,128
3072,2,2,128
3073,0,0,125
3075,0,1,123
3077,0,5,125
3078,1,3,123
3080,0,3,123
3081,0,5,123
3083,0,4,123
3085,-2,4,124
3086,0,4,126
3088,0,4,125
3089,0,4,128
3091,0,3,127
3093,1,3,128
3094,0,6,129
3096,0,6,133
3097,-3,6,136
3099,0,3,136
3101,0,6,137
3102,1,2,140
3104,0,2,140
3105,0,4,138
3107,0,3,139
3109,0,3,137
3110,0,4,136
3112,0,2,135
3113,3,3,132
3116,0,5,132
3118,0,4,132
3119,0,3,130
3121,0,3,126
3122,0,5,125
3124,1,2,123
3126,1,0,126
3127,0,3,126
3129,0,3,120
3130,0,2,123
3132,0,2,122
3134,3,3,123
3135,0,3,122
3137,0,1,124
3138,0,3,128
3140,0,3,130
3142,0,6,128
3143,0,3,131
3145,0,4,136
3146,1,3,132
3148,0,6,136
3149,0,2,137
3151,0,3,135
3153,1,2,139
3154,0,2,139
3156,1,4,136
3158,0,2,137
3160,0,4,135
3162,0,3,134
3163,1,7,134
3165,0,3,135
3166,0,0,129
3168,0,4,128
3170,1,3,126
3171,0,5,124
3173,0,4,126
3174,0,6,124
3176,0,3,123
3178,0,4,124
3179,0,5,124
3181,2,0,122
3182,0,4,122
3184,0,3,123
3186,0,4,125
3187,2,4,127
3189,0,4,126
3190,0,5,127
3192,0,5,129
3194,0,6,131
3195,0,5,134
3197,1,4,135
3198,0,4,133
3201,0,2,137
3203,1,3,136
3204,1,3,138
3206,0,5,136
3207,0,4,139
3209,0,4,139
3211,0,3,136
3212,2,3,133
3214,0,6,132
3215,0,7,130
3217,0,4,132
3219,0,1,128
