3,0,0,288
4,0,1,294
6,-2,3,289
7,1,1,278
9,-3,4,262
10,0,2,235
12,0,5,207
13,0,4,178
15,0,3,147
16,0,3,128
18,0,3,97
19,0,4,73
21,0,3,54
22,0,3,44
24,3,4,27
25,1,4,14
26,0,4,10
28,0,6,3
29,3,3,0
31,1,4,3
32,2,6,8
34,1,5,17
35,1,4,28
36,0,5,40
38,1,3,60
39,-2,1,87
41,1,5,104
43,0,4,134
45,0,3,166
46,0,3,200
48,0,4,230
49,0,3,253
51,0,4,268
52,-2,1,286
54,2,3,291
55,0,5,288
57,0,1,277
58,0,3,259
60,0,2,238
61,0,4,213
63,0,3,183
64,0,2,153
66,0,2,124
67,0,3,99
69,-2,4,81
70,0,3,58
72,0,3,38
73,2,6,29
75,1,4,15
76,0,4,12
78,0,4,5
79,2,3,2
80,0,5,5
82,0,7,6
83,0,7,14
86,1,5,26
87,0,7,40
89,0,3,57
90,0,5,79
92,0,4,108
93,0,5,141
95,0,6,162
96,0,1,194
98,0,2,226
99,0,4,253
101,0,2,274
102,0,2,284
104,0,1,290
105,0,6,287
107,-2,3,277
108,2,0,256
110,0,0,231
111,-2,4,205
113,0,1,176
115,-2,3,145
116,-3,4,118
118,0,6,91
119,0,6,74
121,0,2,52
122,2,3,35
124,2,4,24
125,0,7,12
128,0,5,11
129,1,3,3
131,3,3,2
132,0,7,6
133,3,2,12
135,1,2,21
136,0,7,34
138,0,5,55
139,0,4,75
141,0,6,99
142,0,3,126
144,-3,6,160
146,0,4,190
147,0,4,222
149,0,1,249
150,0,1,270
152,0,3,283
153,0,1,291
155,0,3,289
156,0,2,281
158,0,3,258
160,0,1,235
161,0,2,209
163,0,4,179
164,0,3,148
166,0,2,123
167,0,2,96
169,0,3,74
171,0,4,55
173,0,4,38
174,1,5,23
176,1,6,14
177,0,6,7
179,0,3,3
180,0,4,2
182,3,1,6
183,1,3,12
185,0,3,22
186,1,5,35
188,0,6,52
189,0,4,75
191,0,4,93
192,1,3,124
194,0,2,155
195,0,2,188
197,-2,4,216
198,0,3,245
200,0,2,266
201,0,2,281
203,0,3,292
205,0,4,291
206,0,2,281
208,0,1,263
209,0,3,241
211,0,3,216
212,0,2,184
215,0,1,153
216,0,2,125
218,0,1,99
219,0,4,76
221,1,5,54
222,0,3,40
224,0,4,28
225,0,4,15
227,3,7,7
228,1,1,5
230,0,4,3
231,0,6,4
233,0,5,9
234,0,4,18
236,0,5,32
237,0,5,47
239,0,2,72
240,0,4,92
242,0,7,116
243,0,6,150
245,0,5,183
246,0,0,216
248,0,2,241
249,1,2,264
251,-3,3,283
253,0,1,294
254,0,1,289
257,0,1,282
258,0,2,268
260,0,2,243
261,0,6,216
263,0,5,181
264,0,3,160
266,0,2,128
268,0,3,101
269,0,3,78
271,1,2,60
272,0,5,39
274,2,4,30
275,1,6,14
277,0,7,9
278,0,7,4
279,1,6,2
281,1,4,4
282,2,4,10
284,0,2,15
285,0,5,30
287,0,4,45
288,0,4,67
290,0,0,94
291,2,2,119
293,0,1,155
295,0,2,184
296,0,3,214
299,0,3,243
300,0,4,268
302,2,0,282
303,-2,4,289
305,0,2,293
306,0,1,283
308,0,3,267
309,0,2,244
311,0,3,222
313,0,3,192
314,1,3,159
316,2,0,130
317,0,4,104
319,2,6,81
320,1,5,59
322,0,2,40
323,0,7,28
325,0,5,15
326,0,1,8
328,0,4,2
329,1,6,4
331,0,5,6
332,0,4,11
334,0,6,17
335,1,4,30
337,0,3,48
338,0,5,65
340,0,4,88
342,0,3,117
344,0,3,149
345,0,3,180
347,1,2,209
348,-2,4,245
350,0,4,262
351,0,4,280
353,0,0,290
355,0,2,289
356,1,2,285
358,0,3,267
359,1,2,248
361,0,1,218
362,1,1,190
364,0,6,159
365,0,2,132
367,0,3,106
368,0,2,78
370,0,3,56
371,0,3,45
373,1,4,30
374,0,5,18
376,0,4,8
377,1,4,3
379,1,4,3
380,0,5,5
382,2,3,10
384,0,7,16
386,0,4,29
387,0,5,45
389,0,3,66
390,0,4,92
392,0,4,112
393,0,2,145
395,1,2,177
396,0,4,206
398,0,4,235
400,-2,4,262
401,-2,4,281
403,0,3,289
404,0,4,291
406,0,4,287
407,-2,3,272
409,0,3,247
410,0,3,223
412,1,2,192
414,0,4,165
415,0,3,135
417,0,3,105
418,0,1,79
420,0,3,59
421,2,3,42
423,3,6,30
424,2,2,20
427,0,7,10
428,0,5,0
430,0,3,3
431,3,4,5
433,0,4,10
434,0,3,16
436,1,2,30
437,0,7,44
439,0,3,65
440,0,3,88
442,-2,5,116
443,-2,2,144
445,1,1,177
446,0,1,206
448,0,2,239
449,0,3,262
451,0,2,279
452,0,3,290
454,1,3,292
455,-3,5,283
457,0,1,266
459,0,4,246
460,1,2,217
462,0,2,190
463,2,2,160
465,0,6,131
466,0,2,103
468,0,5,79
470,0,4,62
472,0,2,44
473,1,2,31
475,2,5,19
476,1,7,9
478,3,3,4
479,0,6,4
481,0,5,4
482,1,4,4
484,0,6,19
485,0,4,29
487,1,5,44
488,1,3,59
490,0,3,85
491,1,3,112
493,0,3,141
494,0,3,175
496,0,2,204
497,0,2,236
499,-3,6,258
500,0,3,281
502,0,1,288
504,0,2,289
505,0,1,286
507,0,3,271
508,2,0,250
510,0,3,221
512,0,4,193
514,0,1,167
515,0,3,134
517,-2,6,108
519,0,3,83
520,0,6,60
522,0,5,47
523,0,4,32
525,0,6,17
526,1,5,11
528,0,3,4
529,0,6,3
530,1,4,5
532,0,6,8
533,2,6,15
535,0,5,26
536,2,2,42
538,0,4,60
539,0,3,88
541,0,4,109
542,1,5,137
544,0,3,170
546,0,4,197
547,1,5,229
549,0,3,256
550,0,4,272
552,-2,5,289
553,0,3,290
556,0,4,286
557,-3,3,274
559,0,3,256
561,0,3,228
562,0,3,197
564,0,3,167
565,0,3,140
567,0,1,114
568,1,0,86
570,0,5,64
571,2,4,43
573,1,4,33
574,0,5,20
576,0,8,12
577,0,4,4
579,1,4,1
580,2,4,0
582,2,7,6
583,0,4,15
585,3,5,26
586,3,2,37
588,0,4,61
589,1,3,83
591,0,3,110
592,0,2,140
594,0,4,172
595,0,3,202
598,0,2,233
599,-2,3,258
601,0,2,277
602,0,2,288
604,0,1,292
606,0,2,286
607,0,1,273
609,0,4,252
610,0,1,225
612,0,2,194
613,0,3,167
615,1,3,137
616,0,5,110
618,1,6,87
620,0,3,66
621,1,4,49
623,0,6,32
624,0,4,24
626,4,3,12
627,1,4,6
628,2,4,4
630,2,6,2
631,1,5,6
633,0,2,15
634,0,4,23
636,0,7,39
637,1,6,58
640,2,3,86
641,0,3,103
643,0,4,137
644,0,3,167
646,-2,1,199
648,0,1,229
649,0,1,254
651,0,4,275
652,0,3,287
654,-2,3,291
655,0,3,291
657,0,3,274
658,1,1,256
660,0,4,227
662,0,3,200
663,0,0,169
665,0,3,142
666,0,4,111
668,0,2,89
669,0,4,65
671,1,2,48
672,1,4,32
674,1,4,23
675,1,2,14
677,-2,5,6
678,0,6,0
680,2,4,3
681,0,7,7
684,3,5,14
685,0,6,25
687,0,5,37
688,-2,6,59
690,1,2,80
691,0,4,107
693,0,3,139
694,0,5,171
696,0,2,202
697,0,3,231
699,0,1,256
700,0,3,276
702,0,1,289
704,0,3,291
705,0,3,286
707,0,3,273
708,1,5,255
710,0,2,229
711,0,4,200
713,0,3,173
714,0,1,136
716,0,4,110
718,0,0,87
719,1,4,63
721,0,3,48
722,2,2,32
724,0,6,21
726,2,4,13
727,2,2,6
729,2,5,2
730,2,6,2
732,0,5,7
733,2,5,12
735,0,6,25
736,0,6,42
738,0,5,60
739,0,3,77
741,1,4,101
742,0,2,132
744,0,5,164
745,0,2,195
747,0,2,226
749,0,2,254
750,0,3,275
752,0,4,288
753,0,4,292
755,0,1,288
756,0,1,276
758,0,3,254
759,0,4,228
761,0,4,201
763,0,3,173
764,0,3,143
766,0,3,115
768,0,5,90
770,0,3,68
771,1,6,48
773,0,4,34
774,1,6,23
776,1,7,11
777,0,5,6
779,1,4,1
780,0,5,2
782,3,5,6
783,1,4,14
784,1,3,22
786,1,6,34
787,0,6,56
789,0,4,80
790,1,4,108
792,1,5,134
794,1,3,165
795,0,7,198
797,0,4,226
798,0,4,256
800,0,3,274
801,0,2,288
803,2,2,295
804,0,3,287
806,0,2,275
808,0,3,255
809,0,2,229
812,0,2,205
813,0,4,177
815,1,3,147
816,0,2,118
818,0,3,96
819,0,7,70
821,0,4,48
822,0,4,34
824,0,6,24
825,0,4,14
827,1,2,6
828,1,4,1
830,0,7,3
831,3,4,8
833,0,5,11
834,0,4,25
836,0,5,35
837,1,4,53
839,0,4,77
840,1,6,103
842,0,2,128
843,0,3,163
845,0,6,196
846,1,3,225
848,1,2,254
850,0,1,274
851,-3,2,287
854,0,3,292
855,0,2,290
857,0,1,275
858,0,4,257
860,0,2,231
861,0,2,204
863,2,4,176
865,1,2,143
866,0,1,117
868,0,3,92
869,0,1,67
871,2,4,51
872,0,5,32
874,3,4,26
875,0,6,14
877,0,6,8
878,2,4,2
880,0,7,2
881,3,5,5
882,0,7,15
884,1,0,20
885,0,3,35
887,0,5,54
888,0,5,75
890,0,3,105
891,0,4,133
893,0,2,165
896,0,4,200
897,0,4,227
899,0,6,254
900,0,2,276
902,0,2,286
903,0,3,292
905,0,3,291
906,0,1,281
908,0,3,260
910,0,2,238
911,0,4,207
913,0,3,180
914,1,3,151
916,0,2,121
917,1,3,96
919,0,1,69
920,1,5,49
922,0,1,34
923,0,5,23
925,2,6,14
926,0,7,8
928,1,4,4
929,1,7,4
931,0,5,4
932,0,4,10
934,0,6,22
935,0,4,37
937,0,6,56
939,1,5,72
941,0,3,102
942,0,1,128
944,0,3,161
945,0,5,192
947,2,3,224
948,0,0,251
950,0,4,268
952,-2,4,288
953,0,3,291
955,0,0,288
956,0,4,276
958,0,3,257
959,0,2,233
961,0,3,209
962,0,1,175
964,0,2,148
966,0,3,118
967,2,3,93
969,0,2,71
970,0,3,51
972,2,3,37
973,0,4,27
975,0,5,12
976,2,3,8
978,0,7,3
979,2,3,6
980,2,5,5
983,2,4,8
984,2,3,21
986,0,4,34
987,1,3,51
989,0,3,73
990,2,1,96
992,0,3,125
993,0,6,155
995,0,4,189
996,0,2,217
998,0,3,247
1000,0,3,270
1001,0,4,284
1003,-3,1,290
1004,0,5,289
1006,0,2,277
1008,0,3,257
1009,0,0,231
1011,0,1,203
1012,1,3,176
1014,1,2,145
1016,0,3,118
1017,0,3,84
1019,0,7,68
1020,0,4,49
1022,1,6,35
1024,0,3,23
1026,0,4,11
1027,1,5,3
1029,0,6,2
1030,0,6,5
1032,1,2,9
1033,0,4,21
1035,0,5,27
1037,0,3,41
1038,1,3,63
1040,0,5,87
1041,0,3,116
1043,1,2,146
1044,0,5,184
1046,-2,3,214
1048,0,3,243
1049,0,4,267
1051,0,2,284
1052,0,1,290
1054,0,3,293
1056,1,1,281
1057,1,3,261
1059,0,2,240
1060,0,2,212
1062,0,3,177
1064,0,2,150
1065,0,2,122
1068,1,3,94
1069,0,3,72
1071,0,5,54
1072,3,3,38
1074,0,4,23
1075,0,3,11
1077,2,4,6
1078,1,5,1
1080,1,4,4
1081,1,4,8
1083,0,5,12
1085,1,3,24
1086,1,3,40
1088,1,6,60
1089,0,5,83
1091,0,5,112
1092,0,6,140
1094,0,3,172
1095,2,1,211
1097,0,3,237
1099,1,2,263
1100,0,3,283
1102,0,2,289
1103,-3,3,291
1105,0,4,283
1107,0,2,263
1108,0,3,240
1111,0,3,213
1112,3,2,182
1114,0,2,155
1116,0,3,126
1117,0,3,97
1119,0,1,76
1120,1,4,55
1122,0,4,38
1123,0,3,22
1125,1,6,15
1127,0,6,5
1128,0,7,0
1130,0,5,2
1131,3,5,6
1133,1,4,14
1134,3,5,23
1136,1,4,35
1137,0,5,56
1139,0,4,79
1140,-2,6,104
1142,0,3,140
1143,1,2,168
1145,0,4,201
1147,0,5,233
1148,0,2,258
1150,0,4,277
1152,0,1,291
1154,0,1,291
1156,1,2,285
1157,0,3,268
1159,0,1,244
1160,1,0,217
1162,0,5,188
1164,2,3,158
1165,0,4,128
1167,1,2,98
1168,3,0,79
1170,0,2,60
1171,0,4,38
1173,0,5,28
1175,0,6,17
1176,3,6,6
1178,0,5,5
1179,1,3,2
1181,0,5,7
1182,2,4,11
1184,1,3,25
1185,0,7,32
1187,0,3,55
1188,0,3,75
1190,0,3,102
1191,1,3,136
1193,0,3,163
1196,0,4,196
1197,0,4,225
1199,0,5,256
1200,0,4,275
1202,0,1,288
1204,0,3,291
1205,0,4,285
1207,0,2,272
1208,0,5,252
1210,0,3,222
1212,0,3,192
1213,0,3,160
1215,0,1,132
1216,0,4,104
1218,0,2,82
1219,1,3,60
1221,0,3,40
1223,2,3,28
1224,1,4,14
1226,1,4,8
1227,1,3,1
1229,0,7,5
1230,4,3,4
1232,2,2,12
1233,0,3,21
1235,1,3,32
1236,0,4,50
1239,0,4,76
1240,0,4,101
1242,0,2,129
1244,0,4,160
1245,0,2,195
1247,0,6,229
1248,0,4,253
1250,0,3,274
1252,0,1,288
1253,0,3,291
1255,1,1,288
1256,0,4,274
1258,0,2,256
1260,1,1,224
1261,0,3,194
1263,0,4,164
1264,0,3,136
1266,0,4,108
1268,0,6,84
1269,0,2,62
1271,0,6,44
1272,3,2,30
1274,3,5,17
1275,0,3,6
1277,0,6,5
1278,1,4,4
1281,0,6,4
1282,0,6,11
1284,2,4,18
1285,0,5,32
1287,0,5,48
1288,0,5,71
1290,0,5,98
1291,0,0,124
1293,0,3,157
1295,0,2,186
1296,-2,1,218
1298,0,2,243
1299,0,3,272
1301,0,2,288
1303,0,2,293
1304,0,3,288
1306,0,2,276
1307,0,2,257
1309,0,0,235
1311,0,3,206
1312,0,4,169
1314,0,3,136
1315,0,3,116
1317,1,0,86
1319,0,2,64
1320,1,5,45
1323,3,4,28
1324,2,4,18
1326,2,4,14
1327,2,6,6
1329,1,5,0
1330,0,6,0
1332,1,7,7
1333,2,7,18
1335,0,4,30
1336,0,5,43
1338,1,3,65
1339,0,4,88
1341,0,1,122
1343,0,2,152
1344,0,4,182
1346,0,3,216
1347,0,4,243
1349,0,4,264
1351,1,4,285
1352,0,4,291
1354,0,3,289
1355,0,3,277
1357,0,3,259
1359,0,3,238
1360,0,2,209
1362,0,2,179
1363,0,3,141
1366,0,2,116
1368,0,4,88
1369,0,3,69
1371,1,2,46
1372,0,1,31
1374,0,6,19
1375,0,8,13
1377,1,3,4
1378,1,3,3
1380,0,4,2
1381,2,7,7
1383,0,5,15
1384,0,5,27
1386,1,2,44
1387,0,3,62
1389,0,4,87
1391,0,6,113
1392,0,1,147
1394,0,2,179
1395,1,3,212
1397,0,3,237
1399,0,4,262
1400,0,3,281
1402,0,2,288
1403,0,1,290
1405,0,3,282
1406,0,2,264
1409,1,1,241
1411,-2,2,210
1412,1,2,184
1414,-2,3,155
1415,0,3,118
1417,-2,4,96
1419,1,2,71
1420,0,6,51
1422,1,2,34
1423,2,3,23
1425,1,5,14
1426,0,3,6
1428,3,5,1
1429,2,4,2
1431,0,6,7
1432,1,6,16
1434,1,4,26
1435,0,3,41
1437,0,3,63
1439,0,3,86
1440,0,3,108
1442,0,1,144
1443,-2,3,178
1445,0,4,207
1446,0,4,236
1448,0,5,260
1451,0,0,279
1452,0,2,290
1454,0,2,291
1455,0,3,283
1457,0,2,269
1459,0,1,246
1460,0,4,218
1462,0,4,188
1463,0,3,159
1465,0,1,128
1467,1,3,95
1468,0,2,72
1470,0,3,53
1471,1,3,41
1473,0,5,25
1474,0,4,15
1476,3,6,8
1477,0,3,4
1479,0,5,5
1480,0,5,6
1482,0,5,10
1483,0,4,27
1485,1,4,36
1487,1,4,56
1488,0,2,76
1490,0,3,103
1491,0,3,137
1494,0,2,169
1495,0,4,200
1497,0,3,234
1499,0,1,256
1500,0,4,275
1502,2,1,289
1503,0,3,290
1505,0,2,284
1507,0,3,267
1508,-2,4,248
1510,-2,0,224
1511,0,3,192
1513,0,3,163
1515,0,4,128
1516,0,2,98
1518,0,4,77
1519,0,5,56
1521,2,3,39
1522,1,3,27
1524,1,2,18
1526,1,5,10
1527,1,4,4
1529,1,2,3
1530,1,4,4
1532,2,4,12
1533,2,3,22
1536,0,4,34
1537,0,5,55
1539,0,3,78
1540,1,2,97
1542,0,5,129
1543,0,4,164
1545,0,1,195
1547,0,1,230
1548,0,3,256
1550,0,4,272
1551,0,2,288
1553,0,4,292
1555,0,3,287
1556,0,4,269
1558,0,4,251
1559,0,4,226
1561,0,4,196
1563,0,2,165
1564,-2,3,135
1566,0,0,110
1567,0,6,80
1569,0,3,60
1570,1,5,46
1572,0,6,31
1574,0,4,17
1575,0,4,10
1577,2,4,6
1579,2,4,3
1581,0,3,6
1582,0,4,11
1584,2,3,21
1585,0,4,35
1587,0,3,52
1588,0,3,73
1590,0,4,96
1591,0,3,126
1593,1,1,160
1595,0,3,193
1596,0,5,224
1598,0,3,252
1599,0,3,271
1601,0,2,286
1603,0,3,291
1604,0,3,290
1606,0,2,271
1607,0,3,256
1609,0,3,230
1611,0,1,199
1612,0,3,169
1614,0,4,136
1615,2,3,113
1617,0,5,84
1618,1,6,65
1620,1,4,49
1623,0,4,31
1624,0,3,19
1626,1,6,12
1627,2,6,5
1629,0,8,4
1630,2,4,3
1632,1,4,11
1633,0,4,19
1635,0,4,32
1636,1,6,52
1638,1,4,68
1639,0,4,93
1641,0,3,123
1643,0,4,151
1644,2,2,188
1646,0,1,218
1647,0,2,248
1649,0,3,267
1651,1,4,286
1652,-3,4,289
1654,0,3,290
1655,0,4,276
1657,0,0,256
1659,0,2,232
1660,0,4,202
1662,2,3,175
1664,0,3,143
1666,0,2,116
1667,0,5,94
1669,0,5,68
1671,0,4,47
1672,1,3,32
1674,3,1,24
1675,3,4,12
1677,1,3,6
1678,1,2,6
1680,0,5,5
1681,0,5,4
1683,0,6,14
1684,0,3,28
1686,0,6,43
1687,0,5,60
1689,0,4,88
1690,0,3,115
1692,0,3,149
1694,2,3,175
1695,0,3,212
1697,0,3,243
1698,0,4,265
1700,0,0,284
1702,0,2,292
1703,0,2,291
1705,0,3,283
1707,0,1,263
1709,0,2,239
1711,0,3,211
1712,0,6,179
1714,0,3,146
1715,-2,3,119
1717,0,4,94
1719,0,2,70
1720,1,4,50
1722,0,5,36
1723,0,5,20
1725,0,5,12
1726,1,3,3
1728,0,4,1
1729,3,4,5
1731,0,5,4
1732,1,5,15
1734,0,5,24
1735,1,4,41
1737,0,4,64
1738,0,2,88
1740,0,4,112
1742,1,3,142
1743,0,3,172
1745,0,4,204
1746,0,3,236
1748,0,0,264
1751,0,2,280
1752,0,0,292
1754,-4,0,291
1755,0,2,283
1757,0,3,265
1759,0,3,242
1760,0,4,210
1762,0,2,181
1763,-3,3,154
1765,0,2,123
1767,0,3,97
1768,0,3,72
1770,1,2,55
1771,0,6,35
1773,1,5,23
1774,0,3,13
1776,3,4,6
1777,2,4,2
1779,0,7,4
1780,1,6,10
1782,3,4,15
1783,2,5,22
1785,0,6,35
1786,0,3,61
1788,0,7,84
1790,0,5,108
1792,2,5,140
1794,0,3,168
1795,0,3,202
1797,0,4,235
1799,0,4,263
1800,0,3,278
1802,0,2,289
1803,0,3,291
1805,-2,0,285
1807,1,0,268
1808,0,1,246
1810,0,2,220
1811,0,5,184
1813,0,3,158
1815,0,3,127
1816,0,4,103
1818,0,1,77
1819,0,3,57
1821,0,3,38
1822,2,6,23
1824,4,2,18
1825,0,4,6
1827,1,5,3
1828,0,4,2
1830,0,6,3
1831,1,3,9
1833,0,5,23
1835,0,3,36
1837,0,7,53
1839,1,4,76
1840,0,4,102
1842,0,4,133
1843,0,3,166
1845,1,3,195
1846,0,2,227
1848,0,1,255
1850,0,3,277
1851,0,3,289
1853,-2,2,290
1854,0,1,286
1856,-3,4,272
1858,0,1,249
1859,0,2,223
1861,0,4,190
1862,0,4,159
1864,1,3,130
1866,0,4,102
1867,1,6,79
1869,1,3,58
1870,1,5,37
1872,1,6,26
1873,0,4,15
1875,0,6,8
1876,0,4,6
1879,0,8,0
1880,1,6,6
1882,2,7,7
1883,1,5,22
1885,0,3,32
1887,0,3,52
1888,0,1,76
1890,0,6,100
1891,0,3,131
1893,0,4,162
1894,0,5,195
1896,0,3,223
1898,0,3,251
1899,0,3,278
1901,0,3,289
1902,0,2,290
1904,0,2,287
1906,0,4,276
1907,0,3,256
1909,0,4,226
1910,0,2,198
1912,-3,2,165
1914,0,1,134
1915,0,3,107
1917,0,4,84
1918,1,6,59
1921,1,4,42
1922,0,4,27
1924,0,4,20
1926,0,6,8
1927,0,5,6
1929,1,3,2
1930,2,5,3
1932,0,7,11
1933,0,5,19
1935,0,6,31
1936,0,3,49
1938,0,4,70
1939,1,3,99
1941,1,4,126
1942,0,6,156
1944,0,6,192
1946,0,2,220
1947,-2,2,248
1949,0,4,268
1950,-3,6,288
1952,0,2,292
1954,0,3,287
1955,0,1,275
1957,0,2,256
1958,0,1,233
1960,0,3,204
1963,0,2,172
1964,1,1,138
1966,1,3,110
1967,0,3,85
1969,0,3,62
1970,3,3,47
1972,1,3,30
1974,2,4,18
1975,0,6,10
1977,0,6,2
1978,1,4,2
1980,0,4,3
1981,2,4,7
1983,1,5,15
1984,2,5,29
1986,0,2,49
1987,0,4,69
1989,2,3,95
1990,0,6,124
1992,0,4,154
1994,2,4,186
1995,0,1,217
1997,-2,3,244
1998,0,1,268
2000,0,2,283
2002,0,1,293
2003,0,2,290
2006,0,1,283
2007,0,2,260
2009,0,2,234
2010,0,2,210
2012,0,3,175
2014,0,2,146
2015,0,4,115
2017,1,3,88
2018,0,6,65
2020,1,3,49
2022,1,3,35
2023,0,7,22
2025,2,5,11
2026,0,5,8
2028,1,4,3
2029,2,4,0
2031,0,5,8
2032,2,6,16
2034,0,4,26
2035,1,2,42
2037,0,5,62
2038,0,7,86
2040,1,3,110
2041,1,4,148
2043,0,4,179
2045,0,1,212
2046,1,1,239
2049,0,3,264
2050,0,2,282
2052,0,4,288
2054,0,1,291
2055,0,3,279
2057,0,1,264
2058,1,2,238
2060,1,6,212
2062,1,3,182
2063,1,1,153
2065,0,4,125
2066,0,3,97
2068,0,3,75
2069,1,4,58
2071,1,3,39
2073,0,6,25
2074,1,4,12
2076,0,4,6
2077,2,4,0
2079,0,6,3
2080,1,4,6
2082,2,2,16
2083,0,5,24
2085,0,3,35
2086,0,5,62
2088,0,5,82
2089,0,2,108
2092,0,4,140
2094,0,4,177
2095,1,4,211
2097,0,3,238
2098,0,3,259
2100,0,4,279
2102,0,2,289
2103,0,1,290
2105,0,2,285
2106,2,1,262
2108,0,4,243
2110,0,3,217
2111,0,2,185
2113,0,3,156
2114,0,3,128
2116,0,3,101
2118,1,3,77
2119,2,4,56
2121,0,4,39
2122,0,2,26
2124,0,6,16
2125,0,6,6
2127,1,4,3
2128,2,5,1
2130,3,4,4
2131,1,6,12
2134,0,4,21
2135,2,2,36
2137,1,1,57
2138,0,2,80
2140,2,5,103
2142,0,4,132
2143,0,3,171
2145,0,3,203
2146,0,3,234
2148,-2,3,257
2150,0,4,277
2151,0,1,289
2153,0,2,294
2154,0,1,288
2156,0,5,267
2158,0,2,244
2159,0,2,222
2161,0,3,189
2162,0,2,160
2164,0,0,129
2166,0,3,101
2167,0,7,82
2169,0,4,59
2170,0,5,44
2172,1,6,26
2173,0,5,16
2176,1,4,7
2177,1,6,5
2179,0,6,3
2180,0,7,4
2182,1,5,14
2183,0,4,23
2185,0,5,35
2186,0,4,52
2188,0,4,75
2190,0,5,101
2191,-2,2,129
2193,0,4,168
2194,2,3,199
2196,0,2,229
2198,1,3,254
2199,1,2,276
2201,0,1,289
2202,2,4,289
2204,1,3,285
2206,0,2,270
2207,0,2,252
2209,-3,3,222
2210,1,0,195
2212,0,2,163
2214,0,2,132
2215,0,4,106
2217,0,5,76
2219,2,3,61
2221,0,4,47
2222,1,3,28
2224,0,7,16
2225,0,4,12
2227,0,7,3
2228,0,5,1
2230,1,5,6
2231,1,4,10
2233,1,3,21
2235,2,4,35
2236,0,7,49
2238,1,3,71
2239,0,6,96
2241,-3,5,128
2242,0,3,164
2244,0,2,195
2246,0,3,224
2247,0,3,252
2249,0,0,270
2250,0,2,286
2252,0,3,294
2254,0,2,288
2255,0,6,273
2257,1,1,254
2258,0,1,227
2260,0,2,197
2262,0,4,168
2264,0,2,137
2266,0,2,112
2267,1,3,83
2269,1,3,65
2270,0,5,48
2272,2,3,32
2273,0,4,18
2275,1,4,12
2277,0,3,4
2278,1,5,6
2280,0,5,3
2281,2,5,7
2283,2,5,16
2284,0,3,31
2286,0,4,47
2287,0,3,69
2289,0,3,93
2290,0,4,120
2292,0,2,154
2293,0,3,186
2295,1,2,221
2297,0,3,249
2298,0,3,268
2300,0,3,286
2301,0,3,291
2304,0,3,288
2306,1,2,281
2307,0,3,260
2309,0,0,231
2310,1,4,200
2312,0,1,174
2314,1,1,141
2315,0,3,117
2317,0,6,89
2318,0,4,66
2320,0,8,48
2321,0,3,33
2323,0,6,20
2325,3,5,12
2326,3,5,6
2328,0,6,1
2329,0,6,4
2331,0,4,6
2332,0,6,15
2334,0,4,28
2335,0,4,44
2337,0,3,65
2338,0,7,88
2340,0,3,118
2341,2,4,148
2343,0,3,181
2345,0,1,209
2347,0,2,240
2349,1,3,266
2350,-2,3,283
2352,0,3,291
2354,0,3,289
2355,0,5,281
2357,0,4,262
2358,1,1,237
2360,0,4,206
2362,0,4,176
2363,0,4,144
2365,0,3,119
2366,0,6,90
2368,0,6,71
2369,0,3,51
2371,0,3,36
2373,1,4,21
2374,0,5,10
2376,0,3,6
2377,2,3,3
2379,3,4,3
2380,0,6,7
2382,1,5,13
2383,0,5,26
2385,0,3,39
2386,0,3,64
2388,1,5,87
2390,0,3,112
2392,0,3,145
2394,0,2,176
2395,0,1,209
2397,0,0,239
2398,0,3,259
2400,0,3,283
2401,0,2,292
2403,0,3,290
2405,0,2,282
2406,0,6,266
2408,0,3,242
2409,0,6,213
2411,0,1,185
2413,0,3,150
2414,0,4,125
2416,0,3,98
2417,0,3,72
2419,0,5,51
2420,0,5,35
2422,0,6,23
2424,2,4,13
2425,2,2,5
2427,0,4,3
2428,2,4,3
2430,0,6,4
2432,0,5,14
2434,0,3,23
2435,0,3,40
2437,1,4,63
2438,0,4,84
2440,0,5,113
2441,-2,2,140
2443,0,4,171
2445,0,4,202
2446,0,3,237
2448,0,3,261
2449,0,4,278
2451,0,2,289
2453,0,1,292
2454,0,4,285
2456,2,0,271
2457,0,4,249
2459,0,2,220
2461,0,2,191
2462,0,6,152
2464,0,3,126
2465,0,3,100
2467,0,1,76
2469,0,4,57
2470,1,4,38
2472,0,3,26
2473,3,5,14
2476,1,5,6
2477,0,5,2
2479,1,3,2
2480,1,5,6
2482,1,3,12
2483,0,2,25
2485,0,5,37
2486,0,3,56
2488,0,4,78
2489,0,3,105
2491,0,3,139
2493,0,7,168
2494,0,4,199
2496,0,3,226
2497,0,3,256
2499,0,3,278
2501,0,2,288
2502,0,4,288
2504,0,2,287
2505,0,4,266
2507,0,2,249
2509,0,4,222
2510,0,3,188
2512,0,1,160
2513,0,3,128
2515,0,4,105
2518,0,4,78
2519,0,2,56
2521,0,6,37
2522,0,7,26
2524,1,5,17
2525,4,5,6
2527,1,3,1
2528,1,8,1
2530,2,4,5
2531,3,2,10
2533,0,7,20
2534,1,5,35
2536,0,5,53
2538,0,5,75
2539,0,4,104
2541,0,2,132
2542,0,4,160
2544,0,5,197
2545,-2,3,229
2547,0,3,256
2549,0,2,275
2550,0,1,288
2552,0,4,291
2553,0,3,286
2555,0,2,275
2557,0,3,252
2558,3,3,225
2561,0,1,191
2562,0,1,162
2564,0,4,131
2566,0,6,105
2567,0,1,84
2569,0,5,60
2570,0,5,44
2572,1,3,29
2573,1,5,17
2575,0,6,12
2577,1,3,5
2578,2,4,4
2579,1,5,3
2581,1,3,8
2582,1,5,20
2584,0,4,32
2586,2,4,50
2587,0,3,74
2589,0,2,99
2590,0,5,128
2592,1,4,158
2593,0,2,192
2595,0,3,220
2597,0,2,248
2598,-2,4,270
2600,0,5,286
2601,0,1,290
2604,0,2,289
2606,0,2,273
2607,0,4,254
2609,0,1,231
2610,0,3,202
2612,0,3,172
2614,0,4,136
2615,0,5,106
2617,0,6,85
2618,1,2,64
2620,0,4,46
2621,2,4,30
2623,0,4,19
2624,1,3,10
2626,0,6,6
2628,0,5,3
2629,3,7,5
2631,1,4,10
2632,1,5,20
2634,0,6,32
2635,1,4,47
2637,0,5,69
2638,0,3,96
2640,0,3,124
2641,1,4,156
2643,0,5,186
2646,0,3,220
2647,0,1,247
2649,0,3,270
2650,0,3,286
2652,0,3,290
2654,0,2,288
2655,0,3,278
2657,0,1,257
2658,0,0,232
2660,0,4,204
2662,1,5,177
2663,0,5,137
2665,0,4,114
2666,0,4,86
2668,0,3,69
2669,0,7,45
2671,1,6,31
2673,0,4,18
2674,0,4,10
2676,0,4,4
2677,0,4,5
2679,2,7,3
2680,1,6,6
2682,0,5,16
2683,1,4,28
2685,0,4,46
2686,1,3,66
2689,1,3,90
2690,0,3,121
2692,0,3,149
2694,0,4,184
2695,0,3,212
2697,0,3,242
2698,0,3,265
2700,0,1,283
2702,0,2,291
2703,0,0,290
2705,0,3,280
2706,0,3,260
2708,0,3,238
2710,0,2,211
2711,1,4,180
2713,0,3,144
2714,0,5,119
2716,0,2,93
2717,0,1,70
2719,1,5,48
2721,0,5,32
2722,0,2,21
2724,0,5,12
2725,1,7,5
2727,0,4,1
2728,1,5,3
2731,0,4,5
2732,1,6,14
2734,1,4,27
2735,0,4,44
2737,0,6,64
2738,0,5,88
2740,0,4,108
2741,0,5,147
2743,0,3,177
2745,0,2,212
2746,0,4,238
2748,0,2,263
2749,1,1,281
2751,0,3,290
2753,2,3,291
2754,0,2,279
2756,0,4,264
2757,0,1,240
2759,0,4,213
2761,0,3,183
2762,0,4,153
2764,0,2,124
2765,0,4,95
2767,0,1,70
2769,0,6,56
2770,1,4,36
2772,0,6,23
2774,0,4,11
2776,1,3,7
2777,2,4,4
2779,1,4,3
2780,1,3,5
2782,0,5,15
2783,1,5,24
2785,0,3,37
2786,0,4,56
2788,2,3,82
2789,0,4,107
2791,0,4,136
2793,0,2,174
2794,0,3,206
2796,0,0,235
2797,0,2,260
2799,0,2,279
2801,1,1,291
2802,2,3,292
2804,0,1,284
2805,0,2,266
2807,0,2,243
2809,2,2,216
2810,0,4,189
2812,0,3,156
2813,0,3,128
2816,0,2,103
2818,0,3,75
2819,0,3,59
2821,1,5,39
2822,1,4,25
2824,0,6,16
2825,1,6,6
2827,2,6,6
2828,0,5,4
2830,0,4,5
2831,1,6,11
2833,2,2,22
2834,0,4,39
2836,0,5,56
2837,0,4,71
2839,1,6,103
2841,0,3,132
2842,0,3,171
2844,0,2,201
2845,0,2,231
2847,0,3,255
2849,0,2,276
2850,0,4,287
2852,0,4,292
2853,0,3,285
2855,0,1,266
2857,0,3,248
2859,0,2,222
2861,0,1,192
2862,0,4,160
2864,0,3,131
2866,0,3,108
2867,0,5,76
2869,0,4,61
2870,0,5,44
2872,1,1,28
2873,0,6,16
2875,0,6,9
2876,0,4,4
2878,0,6,0
2879,4,4,5
2881,0,5,12
2882,0,6,23
2884,0,6,36
2886,-2,6,55
2887,0,3,74
2889,0,2,99
2890,0,7,127
2892,2,3,164
2893,0,4,198
2895,0,1,226
2897,1,0,255
2898,0,3,272
2900,0,3,287
2902,0,3,290
2904,0,4,288
2906,0,3,267
2907,1,1,251
2909,1,2,224
2910,0,3,197
2912,1,2,166
2914,0,2,136
2915,0,3,106
2917,0,7,81
2918,1,5,64
2920,0,3,44
2921,1,0,31
2923,1,4,17
2924,0,6,13
2926,0,4,3
2927,2,4,6
2929,2,5,4
2930,1,4,9
2932,1,4,21
2934,2,2,32
2935,0,2,48
2937,0,4,71
2938,0,6,96
2940,0,7,122
2941,1,5,156
2944,0,2,195
2945,0,2,223
2947,0,3,253
2949,-2,6,271
2950,-2,3,285
2952,0,4,291
2953,-2,1,288
2955,-2,3,278
2957,-2,4,256
2958,0,3,228
2960,0,4,197
2961,1,2,167
2963,0,2,141
2965,0,1,114
2966,1,5,89
2968,2,3,67
2969,0,5,44
2971,1,3,32
2972,3,4,20
2974,0,4,10
2976,2,4,4
2977,1,4,2
2979,3,6,4
2980,0,5,9
2982,0,3,17
2983,0,4,30
2985,0,6,46
2987,0,4,67
2989,0,3,92
2990,0,3,120
2992,0,3,153
2993,0,4,183
2995,0,1,224
2997,0,2,249
2998,0,2,273
3000,0,1,287
3001,0,3,290
3003,0,3,288
3005,0,2,279
3006,1,1,261
3008,0,2,231
3009,0,4,205
3011,-4,4,175
3013,0,4,143
3014,0,3,117
3016,0,3,92
3017,0,4,65
3019,0,4,51
3020,1,4,31
3022,2,6,18
3023,0,6,9
3025,0,1,4
3026,0,4,2
3028,0,5,3
3031,2,6,7
3032,0,3,12
3034,0,3,25
3035,1,3,41
3037,0,2,65
3038,1,3,89
3040,0,4,115
3041,0,2,146
3043,0,3,177
3045,0,2,211
3046,0,2,240
3048,0,3,265
3049,0,2,284
3051,0,0,292
3053,0,4,291
3054,0,1,284
3056,2,2,262
3057,0,4,240
3059,0,2,214
3060,1,2,176
3062,0,3,146
3064,0,2,120
3065,0,4,93
3067,0,3,69
3068,0,8,50
3070,1,3,34
3072,1,4,20
3074,0,7,13
3076,0,4,6
3077,1,4,1
3079,2,4,3
3080,2,3,5
3082,1,5,12
3083,0,4,24
3085,1,5,40
3086,0,5,63
3088,0,7,85
3089,0,3,113
3091,1,3,141
3092,0,5,175
3094,0,7,206
3096,0,2,233
3097,0,2,262
3099,0,1,279
3100,0,1,289
3102,2,3,294
3104,0,1,283
3105,0,2,265
3107,-3,2,244
3108,0,0,216
3110,0,3,189
3112,0,2,159
3113,1,3,122
3116,0,3,95
3117,0,4,76
3119,0,5,54
3120,1,2,38
3122,0,4,19
3124,1,3,13
3125,2,5,9
3127,1,5,3
3128,1,8,1
3130,2,5,6
3131,2,4,11
3133,0,5,25
3134,0,6,38
3136,0,4,60
3137,0,4,81
3139,0,3,107
3140,0,5,139
3142,2,2,171
3144,0,4,200
3145,0,2,229
3147,0,2,258
3148,0,3,276
3150,0,5,287
3152,0,3,291
3153,0,1,283
3155,0,0,270
3156,2,1,247
3159,0,2,223
3161,0,3,188
3162,0,3,164
3164,0,4,128
3165,0,2,100
3167,-2,3,77
3168,1,4,57
3170,0,7,38
3172,1,7,25
3173,0,3,14
3175,1,4,6
3176,2,5,4
3178,3,3,1
3179,0,6,4
3181,1,6,11
3182,2,4,24
3184,0,3,35
3185,0,3,54
3187,0,2,79
3188,0,4,104
3190,0,4,135
3192,0,3,166
3193,0,3,196
3195,0,2,227
3196,0,3,255
3198,0,0,279
3201,0,2,289
3202,0,1,293
3204,0,3,286
3205,0,2,272
3207,0,3,250
3209,0,3,224
3210,1,3,197
3212,0,3,159
3213,1,3,132
3215,0,2,103
3217,2,6,81
3218,0,4,61
3220,1,2,36
3221,0,4,27
3223,0,4,14
3224,0,4,12
3226,2,4,3
3227,0,4,3
3229,0,3,6
3230,0,7,10
3232,0,4,19
3233,0,4,35
3235,0,4,53
3236,0,5,74
3238,0,5,100
3240,0,4,128
3241,0,5,162
3244,0,4,192
3245,0,3,223
3247,1,0,250
3249,0,2,275
3250,0,3,289
3252,0,2,290
3253,0,2,288
3255,0,1,272
3257,0,3,254
3258,0,1,228
3260,-3,3,199
3261,0,5,164
3263,0,2,134
3265,0,2,106
3266,0,4,83
3268,0,4,63
3269,1,2,42
3271,0,5,28
3272,2,2,17
3274,3,4,7
3275,0,2,5
3277,2,6,2
3278,1,4,6
3280,2,4,10
3281,1,4,21
3283,2,5,33
3286,0,3,49
3287,0,3,71
3289,0,4,98
3290,0,2,126
3292,0,3,158
3293,0,3,190
3295,0,3,222
3297,-2,2,249
3298,0,2,268
3300,0,2,288
3301,0,4,293
3303,0,3,288
3305,0,5,273
3306,0,3,256
3308,0,0,234
3309,-2,4,203
3311,0,2,172
3313,0,2,137
3314,0,4,111
3316,0,3,87
3317,0,4,64
3319,1,3,46
3320,0,4,32
3322,0,7,18
3323,3,4,11
3325,1,2,4
3326,2,3,0
3329,0,3,5
3331,3,6,8
3332,3,4,19
3334,0,5,29
3335,1,6,47
3337,0,6,69
3338,0,4,94
3340,1,0,124
3341,1,2,154
3343,2,3,185
3345,0,3,216
3346,0,1,242
3348,0,2,266
3349,0,1,285
3351,0,2,291
3353,0,3,291
3354,0,3,276
3356,0,4,259
3357,0,3,238
3359,0,4,205
3361,0,4,179
3362,1,3,140
3364,0,2,115
3365,0,3,91
3367,0,2,69
3368,0,5,50
3371,0,5,32
3372,1,3,20
3374,2,7,9
3375,1,6,8
3377,2,5,3
3378,1,5,3
3380,0,3,7
3381,0,6,13
3383,0,6,25
3385,2,3,44
3386,0,3,60
3388,0,6,85
3389,2,1,114
3391,1,2,147
3392,0,3,181
3394,0,2,211
3396,1,2,238
3397,0,3,265
3399,0,5,284
3400,0,1,290
3402,0,3,292
3404,0,5,278
3405,0,3,263
3407,0,5,236
3408,0,2,211
3410,0,4,182
3412,0,3,153
3414,0,3,123
3416,0,2,96
3417,0,4,73
3419,1,4,54
3420,0,4,36
3422,0,3,23
3423,0,5,12
3425,1,6,7
3427,1,7,1
3428,1,3,4
3430,2,5,5
3431,0,5,10
3433,0,4,21
3434,0,6,38
3436,0,4,58
3437,2,2,82
3439,0,3,108
3440,0,3,139
3442,0,5,170
3444,0,2,207
3445,0,5,236
3447,3,0,262
3448,0,5,280
3450,0,4,291
3452,-2,2,292
3453,0,3,286
3456,0,2,271
3457,0,1,241
3459,0,2,217
3460,0,2,187
3462,0,4,156
3464,0,3,126
3465,0,5,98
3467,1,4,79
3468,0,3,55
3470,1,3,38
3471,0,5,24
3473,0,5,14
3475,0,4,6
3476,0,6,6
3478,0,5,2
3479,1,4,3
3481,0,6,11
3482,0,4,21
3484,0,3,34
3485,0,4,52
3487,0,5,78
3488,-2,6,107
3490,0,3,129
3491,0,3,166
3493,0,2,196
3495,0,3,232
3496,0,3,256
3499,-2,4,277
3500,0,2,288
3502,0,3,294
3504,0,3,289
3505,0,3,271
3507,1,0,248
3508,0,5,222
3510,0,3,189
3512,1,3,159
3513,0,1,132
3515,0,5,103
3516,2,6,80
3518,0,3,57
3520,1,4,40
3521,1,4,29
3523,0,5,18
3524,0,3,8
3526,1,6,3
3527,0,5,1
3529,0,4,5
3530,0,6,9
3532,0,6,21
3533,0,3,34
3535,0,4,51
3536,2,2,75
3538,0,5,103
3539,1,3,128
3542,0,5,160
3544,1,2,191
3545,0,4,224
3547,0,3,256
3548,0,4,275
3550,0,2,288
3552,0,2,293
3553,0,2,286
3555,0,2,272
3556,0,1,255
3558,0,3,222
3560,0,2,195
3561,0,3,164
3563,0,2,134
3564,0,3,108
3566,0,3,81
3568,0,6,64
3569,0,5,45
3571,0,1,29
3572,0,3,17
3574,0,6,9
3575,0,4,4
3577,1,4,2
3578,1,7,4
3580,1,4,8
3581,0,5,18
3584,0,5,32
3585,0,3,53
3587,1,2,68
3588,0,6,95
3590,0,6,129
3592,1,4,159
3593,0,4,188
3595,0,3,218
3596,0,3,246
3598,1,3,271
3600,2,1,287
3601,0,1,294
3603,0,3,288
3604,0,3,277
3606,0,3,256
3608,0,3,232
3609,0,2,206
3611,1,2,168
3612,0,2,138
3614,0,3,112
3615,0,3,86
3617,1,4,66
3619,0,6,46
3620,1,4,30
3622,0,6,17
3623,0,5,6
3625,0,5,5
3627,0,7,4
3629,2,4,5
3630,0,3,8
3632,1,3,19
3633,0,5,29
3635,-2,7,45
3636,0,5,68
3638,0,5,94
3639,0,5,125
3641,-2,7,154
3643,1,3,184
3644,0,2,213
3646,0,2,243
3647,0,5,265
3649,0,5,279
3651,1,4,291
3652,0,3,288
3654,1,1,278
3655,0,2,261
3657,0,0,236
3659,0,3,207
3660,1,4,178
3662,0,5,142
3663,-2,4,114
3665,0,4,91
3667,0,3,68
3668,0,4,46
3671,0,6,35
3672,2,4,20
3674,4,4,9
3675,1,4,7
3677,0,5,4
3678,1,3,3
3680,0,5,8
3681,1,3,20
3683,1,4,26
3684,2,4,43
3686,0,7,64
3687,0,5,88
3689,0,3,112
3691,0,5,150
3692,0,3,183
3694,0,1,211
3695,-2,2,239
3697,0,2,263
3699,0,2,280
3700,0,3,288
3702,0,1,288
3703,0,1,281
3705,0,2,262
3707,0,4,238
3708,0,3,214
3710,0,4,184
3712,0,5,152
3714,0,1,124
3716,0,5,91
3717,0,1,75
3719,1,3,56
3720,2,3,37
3722,1,6,25
3723,0,6,14
3725,-2,6,7
3726,1,5,3
3728,0,4,1
3729,0,3,8
3731,0,7,15
3732,0,4,23
3734,0,4,40
3735,0,3,56
3737,1,2,81
3739,0,4,106
3740,1,4,139
3742,1,3,176
3743,0,3,209
3745,0,3,238
3747,0,2,262
3748,0,4,279
3750,-2,4,289
3751,0,3,289
3753,-3,4,282
3755,0,1,267
3757,0,4,240
3759,-2,4,219
3760,0,1,185
3762,0,2,156
3763,0,2,128
3765,0,3,100
3767,0,4,72
3768,0,4,53
3770,0,5,35
3771,0,5,24
3773,0,3,15
3774,0,7,6
3776,1,6,4
3777,0,4,3
3779,1,4,8
3780,0,4,13
3782,1,5,25
3783,1,3,36
3785,0,2,56
3787,1,5,80
3788,0,3,101
3790,0,3,141
3791,0,4,172
3793,0,4,204
3794,0,2,230
3796,0,1,258
3799,-2,4,275
3800,0,3,288
3802,0,3,292
3803,0,3,283
3805,0,1,267
3807,0,1,246
3808,0,2,220
3810,1,4,188
3811,0,4,158
3813,0,3,132
3815,0,3,106
3816,1,4,75
3818,0,5,53
3819,0,6,40
3821,0,3,27
3822,1,2,16
3824,0,7,6
3825,0,6,4
3827,3,5,2
3828,1,4,7
3830,0,7,12
3832,0,5,24
3833,1,4,39
3835,0,5,52
3836,0,4,72
3838,0,2,100
3840,0,4,134
3842,0,4,166
3843,-2,4,200
3845,0,4,228
3847,-2,5,254
3848,0,3,275
3850,0,3,288
3851,0,0,289
3853,0,4,286
3855,-2,5,267
3856,0,2,248
3858,0,4,224
3859,0,4,192
3861,0,3,163
3863,0,2,134
3864,0,3,102
3866,0,2,77
3867,0,5,57
3869,0,5,42
3870,0,6,29
3872,0,6,17
3874,0,4,10
3875,2,3,1
3877,0,6,3
3878,0,4,4
3880,0,6,7
3881,1,3,18
3884,0,7,39
3885,0,3,52
3887,0,2,69
3888,0,5,97
3890,1,3,128
3891,0,0,164
3893,1,3,196
3895,0,5,224
3896,1,1,253
3898,0,3,275
3899,0,2,286
3901,0,4,291
3903,0,0,289
3904,0,2,275
3906,-2,4,254
3907,0,3,229
3909,1,0,200
3911,0,0,167
3912,0,1,134
3914,2,4,112
3915,0,4,80
3917,0,3,62
3919,0,4,46
3920,2,8,31
3922,0,6,17
3923,2,6,10
3926,0,4,5
3927,2,3,1
3929,0,6,3
3930,1,6,10
3932,1,4,16
3933,0,3,35
3935,1,3,48
3936,1,4,72
3938,0,4,99
3939,0,3,123
3941,0,3,160
3943,0,2,191
3944,0,5,219
3946,1,1,247
3947,0,3,269
3949,-3,5,287
3951,0,1,291
3952,0,1,286
3954,0,2,274
3955,0,2,256
3957,0,0,228
3959,0,2,200
3960,0,1,172
3962,0,2,141
3963,0,3,114
3965,1,3,85
3968,0,6,63
3969,0,5,50
3971,0,6,33
3972,3,3,18
3974,0,5,12
3975,0,5,4
3977,0,4,1
3978,0,5,5
3980,0,7,8
3981,0,4,22
3983,2,4,28
3984,0,4,47
3986,0,4,70
3987,0,5,91
3989,0,3,115
3991,0,4,155
3992,0,1,185
3994,0,2,218
3995,0,1,244
3997,1,3,268
3999,0,3,285
4000,0,6,289
4002,0,3,289
4003,2,0,279
4005,2,1,258
4007,0,3,234
4008,-2,2,207
4011,0,5,177
4012,0,0,144
4014,0,2,119
4016,0,7,92
4017,1,5,70
4019,0,5,50
4020,1,5,32
4022,2,3,22
4023,1,5,12
4025,1,4,8
4026,1,2,3
4028,1,5,3
4029,1,6,7
4031,1,5,11
4032,0,4,25
4034,1,4,42
4035,-2,5,63
4037,0,2,86
4039,0,4,115
4040,0,4,143
4042,0,6,176
4043,0,5,210
4045,0,1,243
4047,0,2,268
4048,0,4,284
4050,0,1,289
4051,0,2,290
4054,0,2,282
4056,0,2,262
4057,0,4,238
4059,0,3,211
4060,0,1,178
4062,0,4,150
4063,0,3,121
4065,2,0,96
4067,0,5,72
4068,0,4,52
4070,0,4,37
4071,0,4,20
4073,0,4,11
4074,3,5,6
4076,1,3,4
4077,0,5,4
4079,1,7,5
4080,0,6,11
4082,1,3,23
4083,0,4,39
4085,0,5,60
4087,0,6,83
4088,0,3,106
4090,0,4,140
4091,0,1,172
4093,-2,4,204
4094,0,1,240
4097,0,4,260
4099,0,3,282
4100,0,3,291
4102,0,2,289
4103,0,3,284
4105,1,1,267
4107,-2,2,243
4108,0,3,216
4110,1,3,184
4111,0,3,156
4113,1,4,127
4115,0,5,99
4116,0,4,76
4118,0,5,54
4119,0,4,39
4121,1,1,27
4122,1,6,16
4124,0,6,6
4125,0,5,0
4127,1,4,1
4128,0,7,6
4130,0,4,15
4131,3,4,23
4133,0,4,34
4135,0,3,58
4136,0,3,79
4139,0,4,106
4140,1,1,138
4142,0,3,164
4143,0,3,199
4145,0,3,233
4147,2,0,259
4148,0,1,276
4150,0,5,288
4151,-2,1,291
4153,0,3,288
4155,0,2,272
4156,0,2,250
4158,0,3,219
4159,0,2,188
4161,0,3,158
4163,0,6,129
4164,0,4,103
4166,-2,5,81
4167,0,7,59
4169,0,4,39
4170,1,5,28
4172,0,6,16
4174,0,3,8
4175,0,7,4
4177,2,7,0
4178,0,7,7
4180,2,6,10
4182,2,4,24
4184,0,2,33
4185,0,4,54
4187,0,5,73
4188,0,5,103
4190,0,4,133
4191,0,4,165
4193,0,2,192
4195,0,3,232
4196,0,3,256
4198,0,1,276
4199,0,0,287
4201,0,1,292
4203,0,4,288
4204,0,1,275
4206,0,3,255
4207,-3,4,223
4209,0,3,195
4211,0,2,161
4212,0,4,132
4214,0,5,105
4215,0,1,79
4217,0,5,62
4218,1,3,42
4220,0,4,26
4222,0,3,16
4224,0,4,13
4226,1,5,4
4227,0,4,0
4229,2,7,3
4230,3,6,12
4232,0,4,19
4233,0,6,35
4235,1,3,52
4236,0,4,72
4238,-2,3,99
4239,0,6,126
4241,0,3,159
4243,0,3,187
4244,0,5,224
4246,0,2,251
4247,0,2,274
4249,-3,3,288
4251,1,2,292
4252,0,2,288
4254,0,0,276
4255,0,3,251
4257,0,4,225
4259,0,2,196
4260,0,2,166
4262,0,4,139
4263,1,3,111
4265,1,2,86
4268,0,3,64
4269,0,3,45
4271,1,5,31
4272,0,6,19
4274,2,4,6
4275,0,7,4
4277,0,3,4
4278,3,3,3
4280,1,6,10
4281,2,4,18
4283,0,4,28
4284,3,3,48
4286,1,6,71
4287,0,4,94
4289,0,3,123
4291,0,3,153
4292,0,4,187
4294,0,7,224
4295,0,4,251
4297,0,3,266
4299,0,0,287
4300,0,3,293
4302,0,2,288
4303,0,2,276
4305,0,0,260
4307,0,1,229
4308,0,3,199
4311,0,2,167
4312,0,1,142
4314,0,2,114
4316,0,1,88
4317,0,3,64
4319,1,5,48
4320,1,5,33
4322,1,3,17
4323,0,4,8
4325,1,5,3
4326,0,7,0
4328,1,4,5
4329,2,4,8
4331,1,7,14
4332,0,4,30
4334,0,3,44
4335,-3,7,67
4337,0,4,92
4338,0,3,121
4340,1,3,150
4342,1,2,185
4343,0,4,213
4345,0,4,240
4346,0,4,265
4348,0,2,284
4350,0,4,292
4352,0,4,289
4354,0,3,280
4355,-2,5,260
4357,0,2,238
4359,-3,0,208
4360,0,3,176
4362,0,3,144
4363,0,4,116
4365,0,4,93
4367,0,4,68
4368,0,4,49
4370,0,5,32
4371,2,3,25
4373,0,5,11
4374,1,3,3
4376,1,6,0
4377,0,4,7
4379,1,6,5
4380,0,4,15
4382,1,6,25
4383,0,4,43
4385,0,4,61
4387,0,2,85
4388,0,2,113
4390,0,4,145
4391,0,2,174
4393,0,1,209
4395,0,3,236
4397,0,2,265
4399,0,2,284
4400,0,4,291
4402,1,0,291
4403,0,1,281
4405,0,3,262
4407,0,1,241
4408,0,1,210
4410,0,3,182
4411,1,1,146
4413,1,3,122
4415,0,3,93
4416,0,3,70
4418,1,6,51
4419,1,2,32
4421,0,3,25
4422,0,6,12
4424,3,3,4
4425,1,2,4
4427,2,3,2
4428,0,7,6
4430,0,6,18
4431,0,6,24
4433,1,3,41
4435,0,3,58
4436,0,3,83
4439,0,4,112
4440,0,6,142
4442,0,1,174
4443,0,3,201
4445,0,3,231
4447,0,3,258
4448,0,2,280
4450,0,0,289
4451,0,3,291
4453,0,0,285
4455,0,2,265
4456,0,1,246
4458,0,4,219
4459,0,3,183
4461,0,3,152
4463,-2,5,122
4464,0,5,96
4466,0,3,76
4467,0,3,54
4469,2,1,37
4470,0,5,26
4472,1,5,15
4473,1,6,5
4475,1,6,3
4476,1,4,4
4478,1,4,5
4480,0,5,14
4482,0,4,23
4484,2,6,36
4485,2,0,57
4487,0,4,79
4488,0,3,108
4490,0,3,137
4491,0,6,170
4493,0,2,201
4495,0,2,231
4496,0,3,256
4498,1,0,283
4499,0,0,290
4501,0,4,292
4503,0,4,284
4504,0,1,268
4506,0,2,251
4507,0,1,224
4509,0,3,194
4511,0,4,158
4512,0,3,131
4514,0,0,101
4515,0,1,76
4517,0,2,55
4518,0,6,42
4520,0,6,25
4521,1,6,16
4524,3,4,4
4526,0,3,5
4527,0,5,3
4529,3,3,6
4530,0,4,11
4532,0,5,21
4533,2,3,36
4535,0,2,58
4536,0,5,74
4538,0,5,102
4539,0,4,134
4541,1,6,164
4543,0,1,195
4544,0,2,226
4546,0,3,254
4547,-2,1,276
4549,0,3,287
4551,0,3,291
4552,0,1,287
4554,0,4,273
4555,0,2,252
4557,0,3,226
4559,0,1,196
4560,0,1,160
4562,1,0,132
4563,0,4,103
4566,0,2,80
4567,0,4,62
4569,0,4,42
4571,0,6,27
4572,0,3,16
4574,2,4,7
4575,0,5,1
4577,0,7,2
4578,2,5,4
4580,0,6,9
4581,1,4,20
4583,0,4,33
4584,0,7,53
4586,0,6,73
4587,0,3,102
4589,0,4,128
4590,0,3,160
4592,0,4,195
4594,0,3,222
4595,0,4,248
4597,0,0,271
4598,0,3,286
4600,0,3,290
4602,-2,2,284
4603,0,3,273
4605,0,1,256
4606,0,4,228
4609,2,2,201
4611,0,3,166
4612,0,3,135
4614,0,3,111
4615,1,6,84
4617,0,3,60
4619,0,4,42
4620,0,4,28
4622,2,3,19
4623,0,3,12
4625,0,5,4
4626,0,5,3
4628,0,5,4
4629,0,5,7
4631,0,4,17
4632,1,3,31
4634,1,5,49
4635,0,3,71
4637,0,6,95
4638,-3,5,128
4640,0,3,154
4642,0,6,188
4643,0,2,219
4645,0,1,246
4646,0,3,267
4648,0,4,288
4651,1,3,291
4652,0,4,288
4654,-2,2,275
4655,0,2,259
4657,0,4,233
4659,0,3,206
4660,0,2,174
4662,0,2,139
4663,0,5,109
4665,0,3,88
4667,1,2,65
4668,0,4,49
4670,2,3,30
4671,0,4,17
4673,0,4,11
4674,3,4,3
4676,2,5,2
4677,0,4,2
4679,0,6,7
4680,2,3,18
4682,0,4,31
4683,0,7,46
4685,0,3,65
4686,1,6,92
4688,1,3,119
4690,0,2,149
4691,1,4,183
4694,0,4,212
4695,0,3,244
4697,0,3,267
4699,0,2,281
4700,0,3,291
4702,0,3,288
4703,0,2,281
4705,0,2,260
4707,0,2,237
4708,1,2,210
4710,0,2,176
4711,0,3,149
4713,0,3,115
4715,0,3,91
4716,0,2,68
4718,0,6,48
4719,0,2,33
4721,0,6,24
4722,2,5,11
4724,1,4,8
4725,1,3,1
4727,0,4,3
4728,0,3,7
4730,1,3,12
4731,0,3,28
4733,1,4,43
4734,0,4,64
4737,1,2,91
4739,0,5,118
4740,0,6,145
4742,0,2,178
4743,0,3,211
4745,0,3,239
4747,-2,4,261
4748,0,4,280
4750,0,1,292
4751,0,2,290
4753,0,4,279
4755,0,3,262
4756,0,0,240
4758,0,3,214
4759,0,2,184
4761,1,1,154
4763,0,3,120
4764,1,2,92
4766,0,2,68
4767,0,3,51
4769,0,5,36
4770,0,3,23
4772,0,7,15
4773,0,3,6
4775,0,6,5
4776,0,5,5
4779,1,6,5
4780,1,5,14
4782,1,5,25
4783,2,3,40
4785,0,5,64
4787,0,4,84
4788,0,5,114
4790,0,4,143
4791,0,3,172
4793,0,1,205
4795,1,3,233
4796,-2,2,258
4798,0,2,278
4799,0,2,290
4801,0,3,289
4803,0,4,281
4804,0,2,263
4806,0,4,245
4807,2,1,217
4809,1,2,184
4810,0,1,158
4812,1,3,129
4814,0,5,96
4815,0,4,74
4817,2,3,51
4818,0,6,41
4820,0,5,25
4822,0,5,16
4824,2,3,7
4825,0,7,5
4827,0,6,2
4828,0,6,5
4830,0,8,11
4831,0,4,26
4833,0,5,35
4835,0,5,53
4836,0,4,76
4838,0,4,106
4839,0,3,138
4841,0,3,172
4842,0,4,201
4844,0,3,234
4846,0,3,257
4847,0,4,278
4849,0,4,287
4850,0,3,293
4852,0,2,284
4854,0,2,270
4855,0,0,249
4857,-2,2,218
4858,0,2,192
4860,0,5,159
4862,0,2,133
4864,0,7,98
4866,0,3,81
4867,1,2,59
4869,0,6,40
4870,0,4,27
4872,0,6,15
4873,2,3,10
4875,1,5,2
4877,2,5,0
4878,2,5,3
4880,1,3,10
4881,2,4,23
4883,2,6,34
4884,0,5,55
4886,0,3,74
4887,0,0,98
4889,0,4,127
4890,1,3,167
4892,1,1,199
4894,0,2,228
4895,0,3,252
4897,0,1,275
4898,0,3,288
4900,0,3,291
4902,0,4,286
4903,0,1,273
4905,0,2,252
4907,0,2,224
4909,0,3,196
4911,0,1,164
4912,1,3,135
4914,0,0,110
4915,0,6,78
4917,0,4,64
4918,1,3,44
4920,0,5,30
4922,1,6,18
4923,0,7,8
4925,0,3,3
4926,2,5,2
4928,0,4,3
4929,0,5,12
4931,0,5,20
4932,1,3,32
4934,0,3,47
4935,1,3,69
4937,0,3,95
4938,0,3,127
4940,0,2,156
4942,0,4,192
4943,0,2,224
4945,0,1,249
4946,0,3,271
4948,0,2,286
4951,2,1,292
4952,1,3,289
4954,0,3,276
4955,0,1,255
4957,0,2,227
4958,1,1,201
4960,0,2,167
4962,0,3,141
4963,0,1,114
4965,0,4,88
4966,1,2,64
4968,0,5,44
4970,0,3,32
4971,0,4,19
4973,0,6,11
4974,3,4,5
4976,0,6,4
4977,1,4,5
4979,1,6,7
4980,0,3,14
4982,1,4,31
4983,0,6,41
4985,1,2,70
4986,0,5,93
4988,0,4,121
4989,0,3,150
4992,0,3,184
4994,0,2,214
4995,0,3,247
4997,0,4,268
4998,0,2,281
5000,0,4,291
5002,0,4,290
5003,0,2,280
5005,0,3,262
5006,0,2,232
5008,1,0,204
5010,0,4,173
5011,0,2,146
5013,0,3,114
5014,0,3,92
5016,0,4,68
5018,0,3,49
5019,0,6,35
5021,1,6,21
5022,1,4,11
5024,1,2,4
5025,2,3,4
5027,0,6,4
5028,1,4,7
5030,1,4,15
5031,0,5,28
5033,0,6,44
5035,-2,6,64
5037,-3,5,89
5038,1,3,115
5040,0,1,146
5042,0,3,180
5043,0,4,206
5045,0,5,244
5046,0,2,267
5048,0,6,284
5050,-2,3,291
5051,0,2,290
5053,0,2,281
5054,0,1,261
5056,0,4,239
5058,0,1,209
5059,0,4,180
5061,0,3,148
5062,0,3,119
5064,0,6,92
5066,1,3,72
5067,1,3,49
5069,0,5,35
5070,0,6,23
5072,0,4,12
5073,0,5,7
5075,1,6,2
5076,0,6,3
5079,3,4,6
5080,0,5,11
5082,0,6,28
5083,0,5,42
5085,0,4,64
5086,0,3,88
5088,0,3,113
5090,0,4,145
5091,0,7,176
5093,0,4,206
5094,1,1,235
5096,0,1,258
5098,0,1,280
5099,-3,2,291
5101,0,4,290
5102,0,3,282
5104,0,4,266
5106,0,3,243
5107,0,3,217
5109,0,1,183
5110,0,2,153
5112,0,4,123
5114,0,3,97
5115,1,1,73
5117,0,5,53
5118,1,6,36
5121,3,2,23
5122,2,4,14
5124,0,4,6
5125,1,6,3
5127,0,4,0
5128,3,3,5
5130,-2,5,16
5131,0,6,26
5133,1,3,37
5134,3,2,58
5136,0,2,82
5138,0,2,108
5139,0,4,136
5141,0,5,169
5142,0,0,203
5144,2,3,230
5146,0,0,257
5147,-3,3,279
5149,0,4,288
5150,0,2,291
5152,0,4,286
5153,0,4,268
5155,0,4,247
5157,0,3,221
5158,0,3,193
5160,0,4,158
5161,0,2,126
5164,0,0,98
5166,1,3,74
5167,0,5,55
5169,2,4,37
5170,0,2,27
5172,1,5,17
5173,0,5,6
5175,1,6,4
5176,3,3,4
5178,2,4,7
5179,2,4,10
5181,0,6,22
5182,0,3,34
5184,0,4,56
5186,0,4,77
5187,-2,5,108
5189,0,4,135
5190,0,2,167
5192,0,4,199
5193,0,4,230
5195,0,4,253
5197,0,2,277
5198,0,4,288
5200,0,4,291
5201,0,6,285
5203,0,1,272
5206,0,3,250
5207,0,4,225
5209,0,2,196
5210,0,3,161
5212,-2,3,130
5214,0,3,102
5215,1,6,82
5217,1,5,59
5218,0,5,40
5220,2,4,26
5221,1,4,17
5223,2,3,8
5224,2,5,3
5226,0,4,2
5227,0,4,5
5229,1,5,10
5230,2,6,19
5232,0,7,34
5234,0,5,51
5235,0,5,73
5237,0,3,101
5238,0,4,130
5240,0,4,160
5241,0,2,194
5243,0,3,224
5245,0,0,254
5246,0,0,273
5249,0,3,288
5250,0,3,292
5252,0,3,288
5254,1,4,273
5255,0,1,252
5257,0,3,228
5258,0,4,202
5260,0,2,162
5262,1,1,136
5263,1,2,109
5265,0,3,85
5266,0,4,63
5268,2,4,42
5269,0,6,32
5271,1,3,18
5273,2,7,8
5274,1,5,4
5276,1,3,3
5277,0,6,4
5279,1,8,8
5280,0,4,19
5282,0,5,34
5283,0,4,52
5285,0,4,73
5286,0,3,96
5288,0,5,128
5289,0,4,159
5292,0,2,190
5294,0,3,220
5295,0,4,245
5297,0,3,271
5298,0,3,286
5300,0,3,288
5302,0,2,288
5303,0,4,275
5305,0,0,259
5306,0,3,231
5308,0,1,203
5310,0,4,175
5311,0,5,144
5313,0,2,109
5314,0,3,84
5316,2,2,60
5317,2,4,45
5319,2,4,28
5321,0,5,18
5322,0,4,12
5324,2,3,7
5325,1,5,3
5327,0,5,5
5328,1,4,9
5330,0,7,18
5331,0,6,31
5334,0,2,45
5335,0,3,67
5337,0,4,94
5338,0,3,125
5340,0,3,153
5342,0,3,183
5343,0,3,216
5345,0,1,243
5346,0,4,266
5348,0,3,282
5350,0,3,292
5351,0,2,288
5353,0,4,277
5354,0,3,259
5356,0,4,238
5357,0,2,208
5359,0,0,177
5361,0,2,147
5362,0,3,120
5364,0,2,89
5365,0,5,63
5367,1,1,51
5369,0,6,36
5370,1,3,24
5372,0,7,10
5373,1,4,4
5376,1,4,5
5377,0,6,2
5379,0,6,5
5380,0,5,16
5382,0,3,29
5383,0,5,42
5385,0,3,61
5386,1,3,84
5388,2,3,110
5389,0,5,145
5391,1,6,180
5393,0,4,212
5394,1,2,241
5396,-2,3,265
5397,0,2,284
5399,1,2,289
5401,0,2,290
5402,-2,4,279
5404,0,2,263
5405,0,3,237
5407,1,4,213
5409,1,2,180
5410,0,3,150
5412,1,2,124
5413,0,4,92
5415,0,4,72
5417,0,3,52
5419,0,2,38
5421,1,3,24
5422,2,5,13
5424,2,4,8
5425,0,7,4
5427,1,6,3
5428,2,4,6
5430,1,3,13
5431,0,4,24
5433,1,3,36
5434,0,5,58
5436,1,3,83
5437,0,4,106
5439,1,3,137
5441,0,2,178
5442,0,3,206
5444,0,3,235
5445,1,3,260
5447,0,1,280
5449,0,1,291
5450,0,4,291
5452,0,3,285
5453,0,2,263
5455,0,2,243
5457,0,3,215
5458,0,1,187
5460,0,4,157
5462,0,2,128
5464,0,5,100
5466,0,3,78
5467,1,2,56
5469,-3,4,38
5470,0,4,27
5472,1,3,15
5473,3,5,8
5475,0,7,2
5476,1,5,2
5478,1,6,5
5479,0,6,11
5481,2,4,25
5482,2,5,35
5484,0,3,55
5485,0,6,78
5487,0,5,103
5489,0,4,138
5490,0,1,172
5492,0,3,206
5493,0,3,232
5495,2,0,259
5497,0,3,276
5498,0,3,291
5500,0,1,289
5501,0,1,287
5504,0,0,267
5506,0,1,245
5507,0,1,220
5509,0,3,189
5510,1,1,159
5512,0,2,129
5514,0,2,104
5515,-2,4,75
5517,0,2,56
5518,1,5,41
5520,1,6,25
5521,2,4,17
5523,0,4,8
5524,0,5,3
5526,3,6,2
5527,0,6,3
5529,1,6,11
5530,0,4,20
5532,0,5,39
5534,0,1,54
5535,2,3,73
5537,0,5,99
5538,0,4,131
5540,0,3,161
5541,0,2,196
5543,0,1,230
5545,1,4,256
5547,0,5,272
5549,-3,2,288
5550,0,2,291
5552,-2,5,288
5554,0,1,271
5555,0,3,251
5557,0,4,222
5558,0,3,192
5560,0,3,163
5562,-2,3,135
5563,0,2,108
5565,1,2,82
5566,1,2,61
5568,1,4,41
5569,2,3,31
5571,1,5,18
5572,0,5,9
5574,0,5,4
5575,0,4,2
5577,2,5,4
5578,1,4,11
5580,1,7,18
5582,1,4,32
5583,0,4,49
5585,0,5,71
5586,0,4,98
5588,0,2,124
5590,0,4,156
5592,0,4,193
5594,0,1,225
5595,0,1,253
5597,0,1,273
5598,0,0,287
5600,1,0,289
5602,0,0,288
5603,1,1,278
5605,0,3,253
5606,0,3,226
5608,0,3,198
5609,0,4,168
5611,0,3,136
5613,0,3,110
5614,-2,3,86
5616,1,3,64
5617,0,6,43
5619,1,5,32
5620,2,5,18
5622,0,4,9
5623,1,5,6
5625,0,7,3
5626,0,5,4
5628,1,5,8
5630,1,6,16
5632,1,3,31
5634,4,2,43
5635,0,2,71
5637,0,3,93
5638,0,4,123
5640,0,4,156
5641,0,4,181
5643,0,3,217
5645,0,3,245
5646,0,3,270
5648,0,2,283
5649,0,2,288
5651,0,3,290
5653,0,2,280
5654,2,1,259
5656,1,3,234
5657,0,1,203
5659,0,1,173
5661,0,0,139
5662,0,3,113
5664,0,6,90
5665,1,6,67
5667,0,5,48
5668,0,5,32
5670,0,4,20
5671,0,6,10
5673,3,3,6
5676,1,6,2
5677,0,6,0
5679,2,6,9
5680,2,6,16
5682,1,4,26
5683,0,3,45
5685,0,5,64
5686,0,5,89
5688,0,4,115
5689,0,4,150
5691,0,5,178
5693,1,2,213
5694,0,2,240
5696,0,5,266
5697,1,3,283
5699,0,3,290
5701,0,3,289
5702,-4,4,282
5704,0,1,261
5705,2,3,239
5707,0,4,211
5709,0,1,173
5710,1,4,144
5712,0,4,117
5713,0,2,94
5715,0,6,68
5716,0,4,50
5719,0,4,36
5720,0,4,19
5722,0,4,12
5724,0,6,3
5725,1,6,1
5727,0,5,3
5728,4,3,7
5730,1,4,13
5731,1,2,25
5733,0,4,42
5734,0,4,62
5736,0,3,88
5737,0,4,115
5739,0,6,144
5740,0,3,175
5742,-2,2,210
5744,0,5,235
5745,0,1,262
5747,0,2,279
5748,0,4,290
5750,0,3,289
5752,0,6,283
5753,0,3,267
5755,0,2,239
5756,1,2,216
5758,0,2,185
5761,0,4,149
5762,0,3,122
5764,0,2,96
5765,-3,7,72
5767,0,4,55
5768,2,4,34
5770,0,6,24
5772,2,4,12
5773,1,5,7
5775,1,5,0
5776,0,5,4
5778,0,5,6
5779,1,5,13
5781,2,5,24
5782,0,6,40
5784,0,5,63
5785,0,5,81
5787,0,4,112
5788,0,3,139
5790,1,3,172
5792,0,2,201
5793,0,2,233
5795,0,2,258
5796,-2,3,278
5798,0,2,288
5800,0,1,291
5801,0,1,284
5804,0,1,268
5805,0,3,248
5807,0,1,219
5809,1,3,192
5810,-2,2,159
5812,0,2,124
5813,0,5,100
5815,0,6,75
5817,0,5,55
5818,1,4,38
5820,0,3,26
5821,1,3,13
5823,1,4,7
5824,1,5,2
5826,0,4,2
5827,0,4,1
5829,2,6,12
5830,1,3,23
5832,1,5,37
5833,1,1,55
5835,0,4,78
5836,0,4,105
5838,0,4,133
5840,0,6,167
5841,1,0,200
5843,0,3,229
5844,0,2,256
5847,0,3,282
5849,1,0,290
5850,0,2,291
5852,0,4,284
5853,0,1,272
5855,0,0,249
5857,-2,5,220
5858,0,4,194
5860,0,3,158
5861,0,5,129
5863,0,2,100
5865,0,6,79
5866,0,5,57
5868,0,5,43
5869,0,4,25
5871,0,4,13
5872,0,5,8
5874,0,4,0
5875,0,4,4
5877,0,5,6
5878,-2,5,10
5880,2,2,20
5881,1,3,35
5883,0,4,53
5885,2,2,78
5886,0,5,100
5889,1,4,132
5890,0,3,164
5892,0,3,195
5893,0,2,226
5895,1,0,259
5897,0,4,277
5898,0,0,288
5900,0,4,292
5901,1,3,289
5903,0,2,273
5905,0,2,252
5906,0,1,227
5908,0,5,192
5909,0,3,161
5911,0,3,133
5913,0,2,103
5914,0,0,79
5916,0,5,57
5917,2,2,40
5919,0,2,28
5920,3,5,17
5922,0,5,7
5924,2,5,4
5925,0,4,4
5927,2,4,6
5928,1,7,12
5931,1,5,18
5932,0,4,31
5934,0,7,50
5935,0,6,73
5937,0,7,100
5938,0,3,128
5940,0,4,160
5942,0,4,191
5943,0,4,223
5945,1,2,252
5946,0,1,273
5948,0,4,289
5949,0,2,290
5951,0,3,286
5953,0,2,277
5954,0,3,256
5956,0,2,224
5957,0,5,196
5959,0,3,167
5961,0,3,138
5962,0,4,107
5964,0,1,83
5965,0,6,62
5967,1,4,43
5969,0,5,32
5970,1,5,15
5972,0,6,9
5974,2,5,5
5976,0,6,1
5977,2,4,6
5979,0,6,8
5980,0,7,21
5982,0,2,32
5983,0,4,48
5985,1,4,71
5986,3,3,96
5988,0,3,124
5989,0,4,156
5991,0,4,187
5993,0,2,219
5994,1,1,244
5996,1,0,273
5997,0,3,285
5999,0,2,291
6001,0,2,290
6002,0,3,279
6004,0,2,259
6005,0,3,236
6007,0,4,205
6009,0,3,172
6010,0,6,139
6012,0,4,112
6013,0,4,85
6016,3,1,67
6017,1,3,45
6019,0,4,32
6021,0,5,20
6022,1,5,8
6024,0,4,6
6025,0,5,0
6027,0,4,3
6028,0,6,6
6030,1,4,16
6031,1,4,29
6033,0,4,46
6034,0,3,64
6036,-4,6,96
6037,0,5,121
6039,0,5,150
6041,0,5,183
6042,0,0,214
6044,0,0,243
6045,0,1,264
6047,0,3,281
6049,0,6,294
6050,1,0,290
6052,0,1,279
6053,0,4,261
6055,0,1,241
6056,0,3,211
6059,0,3,182
6061,0,3,151
6062,1,3,116
6064,0,3,90
6065,0,1,68
6067,3,4,48
6069,1,5,32
6070,0,4,21
6072,1,3,12
6073,1,6,4
6075,2,5,0
6076,0,5,3
6078,1,6,6
6079,0,5,15
6081,0,6,31
6082,0,3,45
6084,0,3,67
6085,0,7,88
6087,0,4,116
6089,0,1,147
6090,0,3,178
6092,0,2,206
6093,1,3,234
6095,1,0,261
6096,0,1,280
6098,0,3,290
6100,0,2,290
6102,0,2,284
6104,0,1,264
6105,0,2,241
6107,0,4,215
6109,1,1,184
6110,0,3,153
6112,0,1,121
6113,0,4,93
6115,0,4,68
6117,2,5,52
6118,0,4,34
6120,0,6,22
6121,0,6,15
6123,0,6,7
6124,0,5,3
6126,0,7,3
6127,0,5,8
6129,3,4,15
6130,0,4,25
6132,1,4,41
6133,0,3,61
6135,0,4,85
6136,0,3,109
6138,0,4,141
6140,0,4,177
6141,0,2,204
6144,0,3,231
6145,2,2,259
6147,0,1,280
6149,1,5,289
6150,0,4,291
6152,0,1,282
6153,0,3,265
6155,0,5,244
6157,0,2,217
6158,0,1,188
6160,0,0,158
6161,0,3,124
6163,0,3,96
6165,1,0,71
6166,1,5,54
6168,0,3,39
6169,0,4,27
6171,0,4,17
6172,0,7,8
6174,2,5,5
6175,1,5,4
6177,2,4,4
6178,0,5,15
6180,0,7,27
6181,0,5,39
6183,0,5,58
6184,1,2,82
6187,0,5,100
6189,0,3,139
6190,0,2,167
6192,0,4,199
6193,0,3,234
6195,0,2,256
6197,0,2,279
6198,0,3,287
6200,1,5,288
6201,0,1,283
6203,-4,4,270
6205,0,0,248
6206,-2,5,220
6208,0,2,189
6209,0,4,162
6211,2,3,126
6213,0,3,100
6214,0,3,76
6216,0,4,55
6217,1,5,39
6219,0,5,24
6220,0,5,13
6222,2,6,6
6223,1,5,3
6225,3,4,2
6226,1,2,6
6228,2,5,12
6230,0,4,20
6232,2,2,36
6234,1,4,53
6235,1,3,77
6237,0,3,102
6238,2,2,132
6240,0,4,165
6241,0,2,195
6243,0,2,229
6245,0,4,256
6246,2,0,274
6248,-2,2,288
6249,2,3,291
6251,0,3,287
6253,0,1,271
6254,0,2,251
6256,0,3,224
6257,0,4,198
6259,0,5,160
6261,-2,2,132
6262,2,1,102
6264,0,4,80
6265,0,6,60
6267,0,3,39
6268,1,5,26
6270,1,3,16
6273,0,7,7
6274,2,3,4
6276,1,7,3
6277,0,4,3
6279,1,3,10
6280,0,6,19
6282,1,4,32
6283,0,3,51
6285,0,6,76
6286,1,3,99
6288,0,4,128
6289,0,6,162
6291,1,3,192
6293,1,1,223
6294,0,3,251
6296,0,4,273
6297,0,3,288
6299,0,3,291
6301,0,2,289
6302,0,2,276
6304,0,2,255
6305,0,3,234
6307,0,2,200
6309,1,3,171
6310,1,3,134
6312,0,3,110
6313,0,4,86
6316,1,3,62
6317,2,4,46
6319,0,4,30
6321,0,5,17
6322,0,5,9
6324,0,7,6
6325,1,4,4
6327,0,6,6
6328,0,7,9
6330,0,5,20
6331,0,4,32
6333,0,3,52
6334,1,4,69
6336,0,3,96
6337,0,3,128
6339,2,4,157
6341,0,5,192
6342,0,4,218
6344,0,4,247
6345,0,4,270
6347,0,4,284
6349,0,2,292
6350,0,3,288
6352,0,3,275
6353,0,2,257
6355,0,3,234
6358,0,2,204
6359,0,3,176
6361,0,3,145
6362,-2,4,119
6364,0,3,85
6365,0,7,64
6367,0,6,46
6369,1,3,30
6370,0,8,20
6372,2,6,12
6373,0,5,6
6375,0,5,1
6376,0,3,5
6378,2,5,7
6379,0,5,15
6381,0,6,30
6382,0,5,46
6384,0,1,66
6385,0,5,94
6387,2,4,123
6389,0,3,153
6390,0,3,186
6392,0,2,215
6393,0,2,245
6395,0,2,266
6397,0,5,286
6398,0,4,292
6401,0,3,291
6402,0,0,283
6404,0,1,259
6406,0,3,237
6407,0,3,206
6409,1,3,179
6410,0,3,149
6412,0,6,116
6414,2,1,91
6415,0,3,65
6417,0,5,43
6418,2,4,34
6420,1,4,20
6421,0,5,13
6423,-2,6,8
6424,1,3,0
6426,1,6,4
6427,0,4,7
6429,0,5,16
6430,2,2,30
6432,2,2,41
6433,0,2,63
6435,0,4,83
6436,3,3,113
6438,0,1,152
6440,0,3,180
6441,0,2,211
6444,0,3,239
6445,0,5,265
6447,0,2,281
6449,0,1,291
6450,0,2,289
6452,0,2,281
6453,0,2,261
6455,1,0,238
6457,1,0,213
6458,0,3,182
6460,0,1,152
6461,0,2,124
6463,0,3,96
6465,0,2,73
6466,0,3,56
6468,3,3,34
6469,0,5,24
6471,0,5,13
6472,2,2,8
6474,1,5,3
6475,1,5,4
6477,0,6,7
6478,0,4,12
6480,0,5,23
6481,0,6,35
6483,0,6,62
6484,0,3,81
6487,0,6,109
6489,0,4,136
6490,0,5,176
6492,0,6,204
6493,0,2,238
6495,0,0,258
6497,1,0,279
6498,1,4,288
6500,0,3,291
6501,-2,6,284
6503,1,0,267
6505,0,3,243
6506,0,1,218
6508,0,3,187
6509,0,4,157
6511,0,2,127
6513,0,5,102
6514,2,4,79
6516,0,3,57
6517,0,3,39
6519,2,5,23
6520,1,4,14
6522,1,5,8
6523,0,4,4
6525,0,7,0
6526,0,6,6
6529,0,6,12
6530,1,2,24
6532,1,3,35
6534,0,6,53
6535,0,3,77
6537,0,6,106
6538,2,3,134
6540,-2,5,172
6541,1,1,203
6543,0,3,232
6545,0,3,260
6546,0,3,276
6548,0,2,286
6549,0,2,292
6551,0,4,286
6553,1,2,269
6554,0,0,244
6556,0,3,219
6557,-2,4,191
6559,0,3,158
6561,1,2,132
6562,0,2,102
6564,0,5,78
6565,1,3,54
6567,1,3,40
6568,2,4,27
6571,0,4,18
6573,0,5,8
6574,2,3,3
6576,1,7,0
6577,0,4,4
6579,0,4,13
6580,0,5,24
6582,0,4,35
6583,0,6,56
6585,0,5,75
6586,0,3,102
6588,0,6,134
6589,2,3,169
6591,0,3,198
6593,0,3,229
6594,0,5,254
6596,0,3,274
6597,1,3,288
6599,0,2,292
6601,0,4,289
6602,0,3,269
6604,-3,6,251
6605,0,3,222
6607,0,3,195
6609,0,3,164
6610,0,3,132
6612,0,2,105
6614,0,3,79
6616,0,4,58
6617,0,3,40
6619,2,7,29
6621,1,3,18
6622,0,7,7
6624,2,6,4
6625,2,4,2
6627,0,5,4
6628,0,3,9
6630,0,4,24
6631,0,4,32
6633,0,5,49
6634,0,3,71
6636,1,3,99
6637,0,5,125
6639,0,5,158
6641,0,4,190
6642,0,3,224
6644,0,3,256
6645,0,0,272
6647,0,3,289
6649,0,2,289
6650,0,4,290
6652,0,3,275
6653,0,3,253
6656,0,2,225
6657,0,3,195
6659,0,1,169
6661,0,4,134
6662,0,3,110
6664,0,2,84
6665,-2,5,64
6667,0,4,44
6669,1,4,28
6670,0,7,16
6672,1,3,12
6673,0,5,3
6675,0,5,0
6676,1,2,2
6678,1,5,11
6679,2,3,16
6681,0,5,30
6682,0,3,45
6684,0,6,69
6685,0,3,95
6687,0,5,122
6689,0,1,155
6690,0,4,184
6692,3,2,219
6693,0,3,247
6695,0,3,271
6696,0,2,286
6699,0,3,290
6701,0,3,288
6702,0,4,280
6704,0,2,255
6705,0,3,230
6707,2,0,203
6709,1,2,171
6710,0,2,143
6712,1,3,113
6713,0,3,90
6715,0,5,65
6717,0,3,50
6718,1,3,32
6720,4,4,19
6721,3,3,12
6723,2,2,3
6724,0,2,2
6726,0,4,6
6727,1,5,7
6729,2,6,16
6730,0,6,28
6732,0,6,45
6733,0,4,64
6735,0,3,91
6736,0,3,119
6738,0,2,148
6740,0,2,180
6742,1,4,211
6744,0,3,248
6745,1,4,267
6747,0,2,283
6749,1,2,290
6750,0,4,290
6752,0,2,280
6753,0,1,263
6755,0,5,237
6757,0,1,207
6758,0,3,176
6760,0,4,144
6761,0,3,118
6763,0,6,94
6765,0,4,68
6766,1,5,47
6768,0,6,35
6769,2,2,24
6771,1,5,12
6772,0,6,7
6774,0,3,4
6775,0,6,5
6777,0,3,10
6778,2,3,15
6780,1,3,28
6781,2,3,42
6784,1,4,62
6785,1,4,85
6787,0,3,116
6789,0,3,144
6790,0,2,176
6792,1,3,207
6793,0,2,235
6795,0,3,265
6797,0,3,281
6798,0,3,289
6800,2,0,291
6801,0,2,282
6803,1,1,263
6805,1,5,243
6806,0,5,210
6808,1,3,178
6809,0,2,152
6811,0,2,121
6813,0,2,96
6814,0,5,73
6816,0,7,53
6817,0,5,36
6819,2,2,20
6820,0,3,15
6822,0,3,4
6823,0,6,2
6825,0,5,2
6827,0,6,7
6829,0,4,12
6830,0,4,25
6832,0,6,38
6833,0,4,62
6835,0,5,88
6837,-2,4,111
6838,0,2,137
6840,0,4,171
6841,0,5,205
6843,0,3,234
6845,0,1,258
6846,0,2,281
6848,0,1,288
6849,0,3,290
6851,0,1,280
6853,0,3,268
6854,0,3,246
6856,0,2,221
6857,1,3,191
6859,0,3,154
6860,1,1,125
6862,1,1,99
6864,0,4,76
6865,0,5,55
6867,0,4,39
6868,2,4,25
6871,0,5,12
6872,0,6,5
6874,2,6,6
6875,0,4,3
6877,0,3,8
6878,0,6,11
6880,0,5,24
6881,0,2,34
6883,0,4,57
6885,0,4,79
6886,1,2,106
6888,0,3,135
6889,3,1,168
6891,0,3,195
6892,-2,3,228
6894,0,4,255
6896,0,1,279
6897,1,1,288
6899,-2,4,290
6900,0,3,285
6902,0,2,270
6904,0,5,252
6905,0,2,224
6907,0,3,194
6908,0,2,157
6910,0,3,130
6913,2,3,102
6914,0,4,79
6916,0,3,57
6917,0,6,41
6919,0,3,25
6920,4,2,16
6922,0,4,6
6923,0,7,2
6925,1,5,2
6926,3,5,6
6928,1,4,12
6930,0,3,22
6931,0,4,34
6933,0,4,52
6934,3,2,76
6936,1,2,104
6937,0,5,132
6939,0,4,162
6940,0,0,192
6942,0,4,224
6944,0,3,252
6945,0,4,276
6947,0,2,291
6948,0,3,291
6950,0,1,288
6952,-3,5,275
6953,0,2,252
6956,3,2,226
6957,0,3,190
6959,0,3,160
6961,1,3,133
6962,0,4,106
6964,0,0,82
6965,0,3,61
6967,0,3,43
6968,0,6,28
6970,2,5,17
6972,0,5,9
6973,1,5,1
6975,2,7,5
6976,0,6,3
6978,0,5,9
6979,2,5,20
6981,0,5,32
6982,0,4,51
6984,0,1,74
6985,0,4,99
6987,0,6,129
6988,0,4,159
6990,0,2,192
6992,0,4,222
6993,0,5,249
6995,0,2,271
6996,0,1,286
6999,0,5,291
7001,0,0,286
7002,0,3,275
7004,0,3,256
7005,0,4,230
7007,0,1,203
7009,1,3,171
7010,0,3,136
7012,0,4,107
7013,0,4,86
7015,0,4,64
7016,1,5,47
7018,2,4,30
7020,0,4,19
7021,2,5,7
7023,3,2,6
7024,2,8,0
7026,1,4,4
7027,2,3,10
7029,0,6,18
7030,1,4,31
7032,0,3,49
7033,0,3,71
7035,0,4,92
7036,0,0,124
7038,0,5,157
7041,1,5,185
7042,0,4,218
7044,0,1,242
7045,0,1,270
7047,0,0,285
7049,0,3,289
7050,0,2,286
7052,0,2,274
7053,0,2,258
7055,0,2,235
7057,0,3,210
7058,0,3,175
7060,0,5,142
7061,0,4,113
7063,1,1,86
7064,-2,4,64
7066,0,5,48
7068,0,4,32
7069,0,5,19
7071,0,4,10
7072,0,9,4
7074,1,6,3
7075,2,5,5
7077,1,4,7
7078,1,5,15
7080,0,6,29
7081,0,2,43
7084,0,3,66
7085,0,3,89
7087,0,4,117
7089,1,5,151
7090,0,5,181
7092,0,2,211
7093,3,3,244
7095,0,2,265
7097,0,1,282
7098,-2,3,294
7100,0,2,289
7101,1,1,279
7103,0,3,265
7105,0,5,238
7106,0,3,212
7108,0,3,179
7109,0,5,152
7111,0,3,117
7112,0,1,91
7114,0,3,66
7116,0,5,49
7117,0,6,33
7119,1,4,22
7120,3,4,16
7122,2,4,5
7123,1,7,0
7126,3,5,2
7127,0,4,8
7129,0,4,14
7130,1,5,28
7132,2,3,40
7133,2,4,60
7135,0,5,88
7136,1,2,116
7138,0,5,144
7140,1,3,177
7141,0,4,210
7143,0,0,237
7144,0,2,261
7146,0,1,281
7148,0,4,290
7149,0,0,291
7151,0,0,280
7152,0,3,266
7154,0,3,240
7156,0,3,217
7157,0,3,184
7159,0,2,154
7160,-2,2,121
7162,0,3,94
7164,1,3,72
7165,0,4,53
7168,1,4,35
7169,0,6,24
7171,0,4,14
7172,0,7,6
7174,2,5,4
7175,1,5,4
7177,0,4,4
7178,2,5,13
7180,0,4,25
7181,0,4,38
7183,0,5,61
7185,0,3,81
7186,0,3,111
7188,0,3,141
7189,0,6,173
7191,0,3,205
7192,0,2,234
7194,0,2,257
7196,0,5,279
7197,0,0,291
7199,0,2,292
7200,0,3,284
7202,0,2,266
7204,0,4,244
7205,0,1,217
7207,1,3,187
7208,0,3,160
7211,0,2,122
7213,0,3,97
7214,1,2,75
7216,0,5,56
7217,1,4,34
7219,3,4,26
7220,0,4,18
7222,0,4,8
7223,0,5,0
7225,0,5,4
7226,0,6,7
7228,1,5,10
7229,0,5,22
7231,0,6,33
7233,1,5,54
7234,0,2,77
7236,0,4,106
7237,0,4,136
7239,0,4,169
7240,1,0,202
7242,1,1,231
7244,0,1,257
7245,0,3,277
7247,0,3,289
7248,0,3,292
7250,1,5,285
7252,0,3,266
7254,0,4,250
7256,0,1,221
7257,0,2,193
7259,0,4,162
7261,2,0,132
7262,0,4,104
7264,0,2,77
7265,0,5,58
7267,0,6,40
7268,0,6,28
7270,0,4,17
7271,0,6,9
7273,1,5,3
7274,3,2,1
7276,0,6,4
7277,0,4,11
7279,0,5,24
7281,0,5,37
7282,0,3,56
7284,0,5,71
7285,0,4,96
7287,1,3,128
7288,0,3,164
7290,0,4,196
7292,0,3,226
7293,1,2,252
7296,0,1,273
7297,0,3,288
7299,0,2,292
7301,0,3,288
7302,0,0,271
7304,1,3,252
7305,1,1,226
7307,0,3,196
7308,0,4,165
7310,0,1,135
7312,1,0,112
7313,0,4,84
7315,1,3,62
7316,0,4,47
7318,1,3,31
7319,0,6,20
7321,1,5,8
7323,2,6,4
7324,1,4,4
7326,1,6,4
7327,1,3,11
7329,0,4,21
7330,0,7,30
7332,0,2,46
7333,0,5,65
7335,0,1,95
7336,0,4,124
7339,0,4,154
7340,0,3,192
7342,0,3,223
7344,0,5,249
7345,0,3,275
7347,0,2,286
7348,0,3,293
7350,0,3,292
7352,0,3,277
7353,-3,4,256
7355,0,2,231
7356,0,3,199
7358,0,3,172
7360,0,2,142
7361,0,1,115
7363,0,3,88
7364,0,6,64
7366,0,6,48
7367,0,4,31
7369,0,4,17
7371,0,7,12
7372,1,3,6
7374,2,5,3
7375,0,4,3
7377,1,4,11
7378,0,6,21
7380,0,6,32
7382,0,4,42
7384,0,6,65
7385,0,4,88
7387,0,3,120
7388,-3,3,153
7390,0,3,189
7392,0,1,220
7393,0,4,246
7395,1,1,268
7396,0,4,285
7398,0,3,292
7400,0,1,288
7401,1,0,276
7403,2,4,256
7404,0,1,233
7406,1,2,206
7408,0,3,176
7409,0,3,143
7411,0,2,118
7412,0,4,93
7414,0,4,71
7416,0,3,50
7417,0,4,36
7419,3,2,23
7420,2,3,11
7422,0,5,5
7424,0,6,4
7426,2,5,4
7427,0,3,5
7429,1,5,15
7430,0,6,25
7432,0,4,45
7433,0,4,64
7435,-2,6,88
7436,0,5,115
7438,0,2,145
7440,-3,5,183
7441,0,4,213
7443,0,3,244
7444,0,4,265
7446,0,2,283
7448,0,1,291
7449,0,4,288
7451,1,2,281
7452,2,3,261
7454,-3,4,237
7456,0,2,209
7457,0,2,178
7459,0,4,152
7460,0,5,122
7462,0,6,95
7464,0,3,71
7465,0,6,51
7468,1,3,35
7469,0,5,23
7471,2,4,10
7472,0,5,5
7474,0,5,3
7475,0,6,3
7477,2,6,6
7478,1,4,12
7480,1,4,26
7481,0,7,40
7483,0,4,58
7484,0,6,83
7486,0,4,109
7488,0,5,138
7489,0,6,171
7491,0,3,212
7492,2,0,239
7494,0,1,262
7496,0,5,280
7497,0,2,288
7499,0,2,288
7500,0,1,283
7502,-2,4,268
7504,-2,1,240
7505,0,1,214
7507,0,3,184
7508,0,4,153
7511,0,3,125
7513,0,3,99
7514,0,1,72
7516,1,5,55
7517,0,5,36
7519,0,3,26
7520,0,3,13
7522,1,3,11
7523,2,5,3
7525,2,4,4
7526,0,4,4
7528,0,6,15
7529,2,3,23
7531,0,5,38
7533,0,5,59
7534,0,7,80
7536,0,4,108
7537,0,4,137
7539,0,4,175
7540,0,3,207
7542,-3,4,233
7544,0,1,260
7545,0,3,278
7547,1,2,287
7548,0,1,291
7550,0,1,287
7553,0,1,264
7554,0,3,246
7556,0,2,218
7557,0,3,188
7559,0,4,158
7561,0,2,129
7562,0,2,101
7564,0,6,74
7565,0,4,57
7567,0,6,41
7568,0,7,25
7570,0,5,14
7571,0,4,9
7573,0,5,2
7574,0,6,3
7576,2,2,6
7577,0,6,12
7579,1,6,21
7581,1,3,35
7582,0,4,52
7584,0,4,76
7585,0,6,104
7587,0,4,140
7588,0,3,171
7590,0,3,202
7592,0,4,232
7593,0,0,258
7596,1,2,276
7597,0,4,288
7599,0,4,292
7601,0,3,283
7602,0,3,270
7604,0,4,246
7605,2,2,220
7607,0,4,189
7609,0,3,160
7610,0,2,131
7612,0,1,105
7613,0,6,75
7615,1,6,56
7616,0,3,41
7618,0,5,26
7620,0,4,14
7621,1,6,10
7623,2,3,3
7624,2,4,4
7626,0,3,3
7627,1,5,12
7629,0,5,24
7630,0,3,36
7632,0,3,55
7633,0,3,82
7635,0,4,102
7636,0,2,135
7639,0,6,164
7641,0,3,197
7642,1,0,227
7644,-2,2,255
7645,0,4,274
7647,0,3,290
7649,0,3,292
7650,2,2,288
7652,0,2,271
7653,0,5,249
7655,0,6,225
7657,0,2,193
7658,0,2,164
7660,1,4,131
7661,0,4,103
7663,0,8,80
7665,0,2,59
7666,0,5,41
7668,3,4,28
7669,0,4,17
7671,0,6,7
7672,0,4,4
7674,3,3,1
7675,1,3,8
7677,0,5,10
7678,0,3,20
7681,0,4,32
7682,1,2,50
7684,0,3,76
7685,1,1,100
7687,0,2,128
7689,1,3,162
7690,0,4,195
7692,0,3,224
7693,-2,3,252
7695,0,1,276
7697,0,1,289
7698,2,3,291
7700,-3,4,287
7701,0,2,273
7703,0,3,256
7705,0,4,228
7706,1,2,193
7708,0,1,165
7709,0,0,133
7711,1,0,106
7713,0,4,83
7714,0,4,63
7716,0,4,44
7717,0,5,26
7719,0,3,16
7720,3,4,7
7723,0,5,3
7724,1,4,3
7726,0,8,5
7727,1,4,8
7729,0,7,16
7730,0,4,32
7732,0,4,49
7734,0,4,71
7735,0,5,96
7737,3,2,125
7738,1,4,160
7740,0,1,191
7741,0,3,222
7743,0,4,248
7745,0,3,269
7746,0,4,287
7748,0,2,293
7749,0,4,288
7751,0,1,274
7753,0,1,257
7754,1,4,230
7756,-2,4,203
7757,0,3,174
7759,0,2,137
7761,0,4,110
7762,0,3,85
7764,2,4,62
7766,0,5,42
7768,0,6,32
7769,-2,8,17
7771,2,6,12
7772,0,6,4
7774,0,7,0
7775,2,7,4
7777,0,6,7
7778,0,3,17
7780,2,2,32
7782,0,4,47
7783,0,3,67
7785,0,5,95
7786,1,4,123
7788,0,4,151
7789,0,3,183
7791,-2,2,216
7793,0,3,243
7794,0,1,266
7796,0,2,283
7797,0,4,291
7799,0,0,289
7801,-3,3,280
7802,1,0,259
7804,1,3,238
7805,0,1,207
7808,0,2,178
7810,0,4,148
7811,0,6,114
7813,0,5,87
7814,3,3,66
7816,0,3,48
7817,0,5,32
7819,1,4,23
7820,0,4,12
7822,0,5,8
7823,0,5,3
7825,0,6,0
7826,0,6,10
7828,1,4,12
7830,0,4,29
7831,0,3,43
7833,0,4,64
7834,1,4,89
7836,0,2,115
7837,0,5,148
7839,1,2,182
7841,0,3,213
7842,0,2,241
7844,0,0,265
7845,0,3,284
7847,0,5,290
7849,0,3,292
7851,0,0,281
7853,0,3,263
7854,0,2,239
7856,0,4,209
7857,-2,6,180
7859,0,4,152
7861,0,5,116
7862,0,4,91
7864,0,4,69
7865,1,6,50
7867,0,5,35
7868,0,5,25
7870,1,3,14
7872,0,3,7
7873,0,3,3
7875,1,6,6
7876,1,5,5
7878,0,6,12
7879,0,6,27
7881,0,4,42
7882,0,5,64
7884,0,4,86
7885,0,2,107
7887,0,4,143
7888,1,4,174
7890,0,3,209
7892,0,3,236
7894,0,2,259
7896,0,2,277
7897,1,2,290
7899,0,2,292
7901,0,2,283
7902,0,2,263
7904,0,1,242
7905,0,4,214
7907,1,6,188
7909,0,3,155
7910,0,2,127
7912,0,4,95
7913,-2,7,72
7915,2,4,56
7916,0,5,38
7918,1,5,24
7920,0,4,16
7921,1,5,4
7923,1,3,4
7924,2,3,0
7926,1,5,6
7927,3,5,13
7929,0,6,24
7930,2,5,38
7932,0,3,55
7933,1,4,79
7936,0,3,105
7937,1,2,143
7939,0,4,172
7941,0,1,205
7942,0,2,230
7944,0,1,257
7945,0,2,277
7947,0,3,289
7949,0,3,291
7950,0,1,283
7952,1,3,268
7953,0,2,247
7955,0,3,222
7957,0,1,189
7958,0,4,159
7960,0,4,131
7961,0,1,104
7963,0,4,74
7965,2,2,56
7966,0,6,44
7968,1,3,25
7969,0,5,14
7971,2,5,5
7972,2,6,5
7974,1,6,3
7975,2,3,6
7977,3,5,14
7979,2,5,22
7981,0,4,38
7982,3,3,55
7984,1,4,80
7985,0,5,107
7987,0,5,135
7989,0,4,168
