3,0,5,149
4,0,6,121
6,0,7,88
7,1,6,68
8,0,6,44
10,0,6,22
11,0,5,10
13,0,4,0
14,0,4,-7
16,0,4,-17
17,0,3,-17
19,0,2,-19
20,0,4,-10
21,0,4,-3
23,0,4,7
24,0,6,26
26,0,4,45
27,0,6,71
29,0,5,104
30,0,6,142
32,0,7,171
33,0,4,211
35,0,3,249
36,0,4,283
38,0,3,305
39,0,2,321
41,0,0,326
43,0,0,324
45,0,2,312
46,0,2,289
48,0,2,257
49,0,3,224
51,0,3,194
52,0,4,158
54,0,5,125
55,0,6,94
57,0,7,67
58,0,6,46
60,0,4,27
61,1,6,7
62,-2,4,0
64,0,2,-9
65,0,3,-13
67,0,2,-19
68,0,3,-17
70,1,2,-13
71,0,2,-4
73,0,5,8
74,0,6,23
75,-3,8,44
77,0,6,70
78,0,5,99
80,0,8,139
81,0,4,175
83,1,3,204
84,0,2,242
87,-3,5,277
88,0,2,300
90,0,2,319
91,0,0,327
93,0,0,322
94,0,1,311
96,-4,4,292
97,0,2,262
99,0,3,227
100,0,4,192
102,0,6,160
104,0,5,123
105,0,3,90
107,1,2,65
108,0,4,47
110,0,5,24
111,0,4,7
112,0,4,-3
114,0,4,-13
115,0,5,-18
117,0,4,-20
118,0,4,-18
120,0,1,-12
121,-3,5,-4
123,0,4,15
124,-2,4,35
126,0,6,57
128,0,6,90
130,0,8,116
131,0,8,156
133,0,6,193
135,0,4,233
136,0,2,267
138,0,4,294
139,0,3,314
141,0,1,326
142,0,2,328
144,0,3,313
145,0,3,293
147,0,1,262
149,0,4,234
150,0,4,196
152,0,3,163
153,0,4,126
155,0,5,97
156,-3,5,69
158,0,5,42
159,2,4,26
161,0,6,8
162,1,4,0
164,0,5,-10
165,0,4,-16
167,0,2,-20
168,1,0,-18
171,0,3,-12
172,1,5,0
174,0,4,15
175,0,3,34
177,0,6,55
178,0,8,82
180,0,4,116
181,0,4,155
183,0,2,195
184,0,3,231
186,0,4,270
187,0,1,293
189,-3,2,316
191,0,3,326
192,0,0,326
194,0,2,314
195,0,1,291
197,-2,6,263
198,1,2,230
200,0,1,194
201,0,5,159
203,0,4,126
205,0,3,94
206,0,5,65
208,0,7,48
209,0,5,29
211,0,3,9
212,0,5,0
214,-3,4,-8
216,0,0,-16
217,0,4,-18
219,0,3,-17
220,-3,5,-10
222,1,4,0
223,0,4,11
225,0,7,31
226,0,5,58
228,0,7,90
229,0,3,114
231,0,6,153
232,0,5,189
234,0,5,227
236,0,1,262
237,0,4,294
239,0,1,314
240,0,1,327
242,0,1,327
243,0,2,315
245,0,1,294
246,0,2,265
248,0,3,236
250,0,5,201
251,0,4,167
253,0,2,128
254,0,3,94
257,0,6,68
258,0,4,48
260,-2,5,27
261,0,4,16
263,0,3,0
264,0,3,-9
266,0,4,-17
267,0,5,-20
269,1,4,-18
270,0,4,-12
272,0,3,0
273,0,4,13
275,0,4,32
276,0,9,52
278,0,7,84
279,0,7,116
281,0,6,153
282,-2,4,191
284,0,4,230
285,1,4,262
287,0,4,294
288,0,3,314
290,-3,2,326
292,0,3,325
293,0,2,313
295,0,0,294
296,0,2,265
299,0,2,236
300,0,1,197
302,0,5,162
303,0,6,129
305,-3,4,98
306,0,5,65
308,0,7,47
309,0,4,31
311,2,4,13
312,0,4,0
314,-2,6,-8
315,2,1,-18
317,0,1,-18
318,-2,3,-18
320,0,3,-11
321,0,3,0
323,0,4,13
324,0,6,31
326,0,6,57
327,0,5,82
329,0,7,107
330,0,5,149
332,1,5,188
334,0,5,223
335,0,4,262
337,0,2,290
338,0,2,312
340,-3,2,323
342,0,1,329
344,0,2,319
345,0,0,300
347,0,0,270
349,0,3,237
350,0,4,201
352,0,4,168
353,0,2,129
355,-2,5,102
356,0,4,69
358,0,4,51
359,0,3,32
361,1,4,10
362,0,5,1
364,0,5,-8
365,0,4,-18
367,0,3,-20
368,0,4,-20
370,0,5,-16
371,0,5,-5
373,0,6,12
374,0,4,32
376,0,7,55
377,-2,6,82
379,-2,6,115
380,0,5,148
382,0,7,187
384,-2,4,225
386,0,3,262
387,0,3,292
389,0,3,311
391,0,2,325
392,0,3,328
394,0,3,316
395,0,2,298
397,0,3,268
398,0,3,232
400,0,4,200
401,-3,5,166
403,0,6,128
405,-2,7,100
406,0,2,70
408,0,1,44
409,0,5,29
411,0,5,10
412,0,4,0
414,0,3,-10
415,0,3,-17
417,0,1,-19
418,0,4,-17
420,-2,3,-14
421,0,3,0
423,0,8,12
424,0,4,31
427,2,5,55
428,0,4,85
430,-2,4,117
431,1,4,156
433,0,6,191
434,0,3,227
436,0,3,262
437,0,4,295
439,0,2,315
440,0,0,326
442,-3,2,324
444,0,4,317
445,0,1,294
447,0,2,267
448,2,0,236
450,0,4,197
451,0,4,160
453,1,6,128
454,0,3,97
456,0,5,66
457,0,6,45
459,0,3,28
460,0,4,11
462,0,5,0
463,0,3,-12
465,0,3,-17
466,0,3,-21
468,0,4,-16
470,0,3,-11
472,0,4,-2
473,0,7,14
475,0,6,32
476,2,6,55
478,0,5,84
479,0,6,118
481,0,6,153
482,0,5,193
484,0,3,229
486,0,5,265
487,0,3,296
489,0,1,314
490,0,3,326
492,0,2,325
493,0,1,314
495,0,2,294
496,0,3,264
498,0,4,234
500,0,3,193
501,-3,6,162
503,0,5,127
504,0,6,92
506,0,6,67
507,3,3,46
509,0,6,25
510,0,3,14
513,0,4,0
514,0,5,-12
516,0,3,-16
517,0,3,-17
519,0,4,-18
520,0,3,-14
522,0,4,-4
523,0,4,8
525,0,5,30
526,0,5,56
528,0,9,86
529,1,7,119
531,0,4,149
532,0,6,188
534,0,2,225
535,1,3,266
537,0,1,291
538,0,2,315
540,0,3,326
542,1,2,327
543,0,0,319
545,0,3,295
546,1,2,271
548,0,1,237
549,0,4,199
551,0,6,165
552,0,5,132
555,0,5,97
556,0,5,72
558,0,6,48
559,-2,5,27
561,0,4,11
562,0,5,0
564,0,4,-9
565,-2,2,-20
567,0,4,-18
568,0,4,-18
570,0,2,-14
571,0,4,-3
573,0,3,12
574,0,5,29
576,-3,4,50
577,0,7,83
579,-2,7,114
580,1,4,153
582,-2,7,191
584,0,3,229
585,0,3,263
587,0,3,294
588,0,0,315
590,0,1,327
591,0,1,326
593,0,0,318
594,0,3,295
596,0,3,269
599,0,4,235
600,0,3,196
602,0,5,162
603,0,5,127
605,0,4,98
606,2,4,68
608,0,3,46
609,0,4,30
611,0,4,10
612,0,2,-3
614,0,4,-11
615,0,4,-18
617,1,3,-19
618,0,5,-17
620,0,4,-12
621,0,5,0
623,0,6,16
624,0,3,27
626,0,6,55
627,0,9,83
629,0,6,120
630,0,4,152
632,0,4,195
633,0,6,230
635,0,4,265
636,-2,2,295
638,0,1,314
641,-3,1,327
642,0,0,325
644,0,1,317
645,0,1,296
647,0,4,265
648,-3,5,234
650,0,3,197
651,0,5,160
653,-3,6,128
655,0,4,94
656,0,5,67
658,0,7,51
659,-2,7,27
661,0,6,11
662,0,6,-2
664,-2,4,-10
665,0,5,-15
667,0,1,-18
668,0,3,-18
670,0,2,-13
671,0,6,0
672,0,4,12
674,0,6,33
675,1,4,57
677,0,8,83
678,0,4,120
680,0,3,158
683,0,5,192
684,0,2,234
686,0,3,267
687,0,1,297
689,0,3,320
690,0,1,325
692,0,4,323
693,0,1,318
695,0,1,296
697,0,6,269
698,-2,1,237
700,0,3,201
701,0,4,167
703,0,5,131
704,1,5,98
706,0,8,72
707,1,4,50
709,0,8,26
710,0,3,14
712,-3,6,1
713,0,4,-9
715,-2,5,-16
716,0,3,-23
718,0,3,-17
719,0,4,-13
721,0,4,-5
722,0,3,12
724,0,8,32
726,0,5,50
728,0,6,81
729,0,5,114
731,0,6,154
732,0,4,191
734,0,3,227
735,0,3,262
737,-3,3,294
739,0,1,317
740,0,0,327
742,0,0,327
743,0,2,319
745,0,4,298
746,0,2,266
748,-2,6,235
749,0,3,201
751,0,2,163
753,0,5,128
754,1,6,97
756,0,6,70
757,2,5,43
759,0,4,30
760,0,4,13
762,0,6,1
763,0,3,-12
765,0,4,-14
766,0,2,-19
769,0,4,-22
770,0,6,-14
772,0,3,-2
773,0,3,9
774,0,4,28
776,0,5,55
777,-4,8,84
779,0,5,116
781,0,6,155
782,1,9,192
784,0,4,233
785,0,5,265
787,-3,3,294
788,0,1,315
790,0,2,326
791,0,0,327
793,0,1,316
795,0,1,294
796,0,2,266
798,0,2,231
799,0,3,196
801,0,5,162
802,1,4,128
804,0,5,99
805,0,7,72
807,0,4,50
808,0,4,28
811,-2,4,14
812,0,4,0
814,0,5,-10
815,-2,3,-15
817,1,1,-20
818,0,3,-18
820,0,4,-11
821,0,2,0
823,0,6,10
824,0,5,32
826,0,6,56
827,0,4,88
829,0,6,114
830,0,5,147
832,0,6,186
833,0,4,224
835,0,1,256
837,-4,3,291
838,-3,3,316
840,0,2,326
841,-2,1,326
843,0,2,319
844,0,2,295
846,0,2,268
847,0,2,234
849,-2,4,202
851,0,5,164
852,1,3,132
855,0,6,101
856,0,4,70
858,0,7,47
859,0,4,28
861,2,3,9
862,1,3,0
864,0,5,-11
865,0,3,-15
867,0,3,-19
868,0,4,-20
870,2,3,-14
871,0,4,-3
873,0,5,12
874,0,6,32
876,0,5,56
877,0,5,81
879,0,4,111
880,-1,7,151
882,0,6,190
883,0,3,226
885,0,1,264
886,0,3,290
888,0,4,313
889,-2,3,327
891,0,1,326
893,0,0,316
894,0,1,295
897,0,2,271
898,0,1,235
900,0,4,200
901,0,6,164
903,0,1,129
904,0,2,97
906,0,7,67
907,2,4,46
909,0,6,31
910,0,6,12
912,0,4,0
913,0,4,-10
915,0,2,-16
916,0,3,-18
918,0,3,-16
919,-2,4,-14
921,0,4,-2
922,0,4,13
924,0,6,30
925,0,8,50
927,0,4,81
928,1,4,116
930,0,6,154
931,0,4,192
933,0,5,230
935,0,3,263
936,0,1,295
939,0,4,317
940,0,0,323
942,0,3,328
943,0,3,316
945,0,3,297
946,0,4,265
948,0,2,233
950,1,3,198
951,0,3,165
953,1,4,126
954,0,5,96
956,-2,6,70
957,1,3,48
959,0,8,30
960,0,3,12
962,0,3,0
963,0,1,-8
965,0,2,-17
966,0,3,-20
968,0,3,-20
969,0,2,-15
971,0,3,-7
972,0,5,8
974,0,6,29
975,1,5,55
977,-2,6,78
978,1,8,111
980,0,6,148
982,0,5,185
984,0,5,223
985,0,4,259
987,-2,4,292
988,0,1,311
990,0,1,328
992,0,1,325
993,0,1,317
995,-2,4,297
996,0,2,271
998,0,3,237
999,0,3,202
1001,0,6,166
1002,-3,6,132
1004,0,5,103
1006,0,4,65
1007,0,4,41
1009,0,6,25
1010,0,4,10
1012,0,3,0
1013,0,3,-9
1015,0,2,-16
1016,0,2,-20
1018,1,1,-17
1019,0,1,-14
1021,0,6,2
1024,0,7,18
1025,0,7,41
1027,0,7,66
1028,0,3,98
1030,0,6,134
1031,0,2,173
1033,0,3,212
1034,0,4,253
1036,0,3,284
1038,0,0,307
1039,0,2,321
1041,0,3,327
1042,0,1,320
1044,0,2,299
1046,0,1,276
1047,0,3,242
1049,0,4,209
1050,0,4,172
1052,0,4,137
1054,0,5,96
1055,0,3,76
1057,0,6,52
1058,0,5,30
1060,0,5,15
1061,-2,6,0
1063,0,5,-10
1064,0,0,-17
1067,0,0,-20
1069,1,3,-18
1070,0,5,-11
1072,-2,5,0
1073,0,5,16
1075,-3,4,37
1076,-3,5,61
1078,0,4,96
1079,0,6,130
1081,0,6,165
1083,0,3,206
1084,0,5,246
1086,0,2,280
1087,0,3,306
1089,0,1,323
1091,0,2,328
1092,0,0,320
1094,0,2,304
1095,0,2,278
1097,0,3,244
1098,0,4,211
1100,1,3,176
1102,0,5,135
1103,0,2,100
1105,0,3,75
1106,0,4,48
1108,0,4,30
1111,0,4,12
1112,0,6,0
1114,0,3,-9
1115,-3,3,-14
1117,1,3,-17
1118,0,2,-15
1120,0,2,-12
1121,0,3,-2
1123,0,6,14
1124,0,4,33
1126,0,6,60
1127,0,8,93
1129,0,8,128
1131,0,6,163
1132,1,6,204
1134,0,3,239
1135,0,4,277
1137,-3,3,301
1139,0,2,321
1140,0,3,326
1142,0,3,321
1143,-2,2,305
1145,1,1,280
1147,-2,5,253
1148,0,3,217
1150,1,4,176
1152,0,4,137
1154,0,6,105
1156,0,6,76
1157,0,7,51
1159,0,5,31
1160,0,4,16
1162,0,3,0
1163,0,5,-10
1165,0,2,-17
1166,0,4,-19
1168,0,4,-18
1169,0,5,-12
1171,0,4,-5
1172,0,6,13
1174,-2,8,31
1176,0,6,57
1177,0,8,86
1179,0,6,119
1180,1,7,159
1182,1,5,196
1183,0,4,242
1185,0,3,276
1187,-2,3,303
1188,0,1,321
1190,0,0,329
1191,0,0,321
1193,0,3,306
1196,-3,1,280
1197,0,1,251
1199,0,3,215
1200,0,3,177
1202,-3,6,144
1204,0,5,110
1205,0,6,84
1207,0,6,54
1208,-2,7,32
1210,0,5,15
1211,0,4,1
1213,0,4,-8
1214,0,2,-17
1216,0,4,-20
1217,0,4,-17
1219,1,4,-15
1221,0,3,-3
1222,0,3,13
1224,0,5,29
1225,0,3,51
1227,1,6,83
1228,-2,6,115
1230,0,4,162
1231,0,7,198
1233,-2,5,234
1235,0,2,271
1236,1,1,296
1239,0,2,316
1240,0,0,329
1242,0,1,324
1244,0,3,311
1245,0,0,281
1247,0,3,256
1248,0,2,221
1250,0,6,183
1252,0,7,147
1253,0,3,115
1255,0,3,80
1256,0,6,52
1258,0,4,40
1259,0,7,18
1261,0,4,4
1263,0,3,-7
1264,0,0,-16
1266,0,4,-20
1267,0,4,-18
1269,0,5,-13
1270,0,4,-6
1272,0,4,9
1273,0,6,29
1275,0,6,55
1276,0,6,83
1278,0,4,111
1280,0,4,156
1282,0,6,192
1284,0,3,231
1285,0,7,266
1287,-2,2,295
1288,0,2,316
1290,0,0,326
1292,-2,0,321
1293,1,2,308
1295,-2,4,288
1296,0,2,260
1298,0,5,227
1300,0,5,187
1301,0,3,153
1303,2,4,112
1304,0,5,83
1306,0,6,58
1308,0,4,34
1309,0,6,22
1311,0,4,6
1312,0,2,-6
1314,0,4,-12
1315,0,2,-19
1317,0,2,-19
1318,0,4,-14
1320,0,3,-6
1321,0,4,7
1324,-3,3,28
1325,-2,6,51
1327,0,3,82
1329,0,8,111
1330,0,3,150
1332,0,5,190
1333,0,4,225
1335,1,2,260
1336,0,2,291
1338,0,2,318
1340,0,0,325
1341,0,2,325
1343,0,2,314
1344,0,2,289
1346,0,2,262
1348,0,1,228
1349,-2,5,192
1351,0,4,159
1352,0,6,119
1354,0,7,85
1356,0,3,62
1357,0,5,35
1359,1,7,17
1360,0,3,4
1362,1,4,-4
1363,0,3,-10
1366,0,3,-20
1367,0,5,-21
1369,0,2,-16
1370,0,5,-8
1372,0,5,5
1373,0,5,21
1375,-2,4,47
1377,0,7,74
1378,0,6,107
1380,0,7,145
1381,2,5,182
1383,0,4,224
1384,0,3,256
1386,0,3,287
1388,1,3,312
1389,0,2,324
1391,0,1,328
1392,0,2,316
1394,0,2,296
1396,-2,3,267
1397,0,4,230
1399,0,6,195
1400,0,3,162
1402,0,5,121
1404,0,6,92
1405,0,5,64
1408,0,3,40
1409,0,5,22
1411,0,6,6
1412,0,4,-3
1414,-2,3,-13
1415,0,2,-17
1417,0,0,-21
1418,0,5,-16
1420,1,4,-12
1422,0,3,6
1423,0,2,20
1425,0,6,43
1426,0,5,73
1428,0,3,105
1429,0,5,137
1431,0,3,178
1433,0,4,217
1434,0,3,256
1436,0,2,287
1437,2,1,312
1439,0,0,324
1440,0,1,327
1442,-3,4,317
1444,-2,2,300
1445,-2,2,272
1447,0,1,239
1448,0,4,194
1451,0,4,163
1453,0,4,124
1454,0,4,96
1456,0,5,68
1457,-2,7,42
1459,0,8,22
1460,0,5,6
1462,0,3,-4
1463,0,2,-11
1465,0,4,-18
1467,0,3,-21
1468,-2,4,-17
1470,0,2,-8
1471,0,3,1
1473,0,5,18
1474,2,2,42
1476,1,4,66
1477,0,5,97
1479,0,6,131
1480,0,6,173
1482,0,3,212
1484,-2,5,248
1485,-3,1,283
1487,-2,3,312
1488,0,0,323
1490,-2,2,327
1492,0,0,320
1494,0,2,303
1496,0,4,274
1497,0,4,245
1499,0,6,204
1501,0,5,161
1502,0,7,131
1504,0,5,98
1505,0,6,72
1507,0,7,48
1508,0,4,28
1510,1,5,9
1512,0,5,0
1513,0,6,-12
1515,0,4,-16
1516,0,3,-18
1518,0,5,-17
1519,0,2,-11
1521,0,6,-5
1522,1,4,15
1524,-3,6,36
1525,0,5,64
1527,2,5,93
1528,0,7,130
1530,1,8,165
1532,0,5,207
1533,0,3,243
1536,-2,2,284
1537,0,3,312
1539,0,2,323
1541,-2,1,325
1542,0,0,321
1544,0,2,303
1545,0,3,277
1547,0,3,250
1549,0,4,204
1550,0,7,170
1552,0,2,134
1553,-2,5,105
1555,0,4,71
1557,0,4,47
1558,0,4,28
1560,0,6,12
1561,1,4,0
1563,1,4,-10
1564,0,4,-16
1566,0,3,-20
1567,0,3,-19
1569,0,2,-9
1570,0,4,0
1572,0,2,15
1574,0,4,33
1575,0,7,57
1577,0,7,91
1579,0,5,124
1581,0,6,162
1582,0,3,210
1584,0,4,245
1586,0,2,280
1587,0,1,306
1589,0,1,319
1590,0,0,324
1592,0,1,323
1594,1,2,304
1595,0,2,277
1597,0,4,246
1598,0,2,207
1600,0,6,175
1602,0,6,143
1603,0,6,108
1605,0,6,79
1606,-2,6,53
1608,0,5,32
1609,0,3,12
1611,0,4,1
1612,0,4,-11
1614,0,4,-16
1615,0,3,-18
1617,0,2,-17
1619,0,2,-10
1620,0,5,0
1623,0,4,16
1624,0,5,36
1626,0,4,64
1627,0,8,93
1629,0,6,128
1630,0,4,165
1632,0,3,205
1634,0,5,241
1635,0,3,272
1637,0,0,301
1638,0,2,319
1640,0,3,330
1642,0,0,322
1643,0,2,305
1645,0,3,281
1646,0,2,250
1648,0,3,216
1650,0,3,177
1651,0,4,144
1653,0,4,114
1654,0,5,78
1656,0,7,51
1657,0,6,34
1659,0,7,17
1661,0,5,1
1662,0,4,-9
1665,0,0,-14
1666,0,2,-18
1668,0,3,-17
1669,0,3,-16
1671,0,5,-4
1672,0,7,8
1674,0,3,28
1675,0,6,57
1677,0,6,80
1678,0,4,115
1680,0,6,160
1682,0,6,203
1683,1,4,232
1685,0,4,272
1686,-2,4,299
1688,0,1,316
1690,0,1,326
1691,-2,3,324
1693,0,3,308
1694,0,1,285
1696,0,3,253
1698,0,3,219
1699,0,3,185
1701,0,5,148
1702,0,4,118
1704,0,5,83
1705,0,4,59
1708,0,6,36
1710,0,4,19
1711,0,4,4
1713,-2,3,-5
1714,0,2,-14
1716,1,3,-20
1717,0,2,-20
1719,0,4,-13
1720,0,3,-4
1722,0,3,10
1723,0,4,28
1725,1,7,51
1726,0,7,83
1728,1,4,118
1730,0,4,154
1731,1,6,190
1733,0,3,232
1734,0,2,268
1736,-2,3,298
1738,0,3,318
1739,0,3,324
1741,0,1,326
1742,0,1,311
1744,0,2,288
1746,1,4,257
1747,-3,4,226
1750,-2,3,191
1751,0,5,145
1753,0,3,115
1755,0,4,83
1756,0,5,60
1758,0,3,33
1759,0,5,18
1761,0,4,3
1762,0,6,-7
1764,-2,4,-14
1765,0,3,-18
1767,0,4,-18
1768,0,2,-14
1770,0,3,-4
1771,-2,5,6
1773,0,6,26
1775,0,6,49
1776,0,6,79
1778,0,4,113
1779,0,5,148
1781,0,5,186
1782,0,6,227
1784,0,3,262
1786,0,3,293
1787,0,2,315
1789,0,0,327
1790,0,2,327
1793,0,1,313
1795,0,1,289
1796,0,3,264
1798,0,6,230
1799,-4,6,196
1801,0,4,155
1803,0,8,117
1804,1,3,88
1806,0,5,62
1807,0,6,40
1809,-2,4,23
1810,0,6,7
1812,0,3,-9
1813,0,4,-12
1815,1,3,-18
1816,0,4,-17
1818,0,4,-17
1820,1,4,-7
1821,0,0,5
1823,0,5,27
1824,0,6,48
1826,0,5,74
1827,1,6,107
1829,1,3,143
1830,-3,3,182
1832,0,4,220
1835,-2,5,257
1836,-3,3,292
1838,0,4,319
1839,0,1,326
1841,-2,1,326
1843,0,3,313
1844,0,3,295
1846,0,2,272
1847,0,5,234
1849,0,5,192
1851,1,1,158
1852,0,6,123
1854,0,3,91
1855,0,8,64
1857,0,3,43
1858,-2,7,24
1860,0,4,6
1861,0,2,-6
1863,0,3,-11
1865,0,4,-17
1866,0,3,-19
1868,0,3,-15
1869,1,2,-10
1871,0,4,5
1872,0,6,21
1874,0,8,42
1875,0,3,68
1878,0,7,102
1879,0,5,137
1881,0,7,179
1883,0,4,215
1884,0,4,259
1886,0,2,289
1887,0,3,312
1889,0,2,325
1891,0,0,326
1892,-2,1,318
1894,0,2,298
1895,1,0,269
1897,0,4,233
1899,-4,6,194
1900,0,3,163
1902,0,4,129
1903,0,6,97
1905,0,4,67
1907,0,2,46
1908,0,8,26
1910,0,6,10
1911,0,3,-3
1913,1,2,-14
1914,0,3,-14
1916,0,4,-20
1917,0,1,-16
1920,0,3,-6
1921,0,7,4
1923,0,4,23
1924,0,6,40
1926,0,7,66
1928,2,4,99
1929,0,6,131
1931,1,5,172
1932,0,5,219
1934,2,4,256
1935,-2,2,285
1937,-2,3,311
1939,0,3,323
1940,0,3,325
1942,0,3,318
1943,0,4,296
1945,0,0,270
1947,0,3,236
1948,0,5,204
1950,0,1,167
1951,0,5,131
1953,0,8,98
1955,0,5,75
1956,-2,6,49
1958,0,4,26
1959,0,5,12
1961,0,4,0
1963,0,3,-14
1965,0,0,-16
1966,0,3,-19
1968,0,4,-18
1969,0,4,-12
1971,0,5,3
1973,0,3,20
1974,-2,6,42
1976,0,6,67
1977,0,7,100
1979,0,5,135
1980,0,6,176
1982,0,3,213
1984,0,3,252
1985,0,3,283
1987,0,1,307
1988,-2,2,320
1990,0,2,327
1992,0,1,318
1993,0,1,298
1995,0,2,273
1996,0,3,242
1998,0,2,209
2000,0,4,170
2001,0,4,126
2003,0,5,97
2004,0,6,69
2007,0,6,45
2008,0,5,32
2010,0,3,12
2011,0,6,0
2013,0,3,-9
2014,0,5,-18
2016,0,5,-21
2018,0,3,-18
2019,0,2,-11
2021,0,4,1
2022,0,6,16
2024,0,7,38
2025,-2,5,63
2027,0,4,96
2028,0,4,131
2030,0,6,170
2031,-2,5,206
2033,0,4,244
2035,0,3,275
2036,0,0,306
2038,0,1,320
2039,0,2,328
2041,0,1,323
2043,0,2,302
2044,-2,4,278
2046,0,4,245
2048,1,5,209
2050,0,7,174
2052,0,3,138
2053,0,6,106
2055,0,3,72
2056,0,7,49
2058,0,4,30
2059,-2,5,12
2061,1,3,2
2063,0,4,-10
2064,0,3,-16
2066,1,3,-20
2067,0,5,-18
2069,0,5,-15
2070,0,4,0
2072,0,5,12
2073,0,6,33
2075,0,8,63
2076,0,6,90
2078,0,8,124
2080,1,3,161
2081,-4,6,200
2083,0,2,238
2084,1,2,275
2086,0,3,304
2088,0,2,321
2089,-2,4,329
2092,0,2,321
2093,0,0,311
2095,0,3,284
2097,0,2,252
2098,0,4,210
2100,-2,4,174
2101,0,5,137
2103,-2,7,107
2105,0,2,80
2106,0,6,50
2108,0,6,32
2109,0,6,16
2111,0,3,-3
2112,0,4,-13
2114,0,6,-16
2115,0,4,-19
2117,0,3,-18
2118,0,2,-11
2120,0,5,0
2122,0,4,11
2123,0,7,32
2125,0,4,56
2126,0,6,86
2128,0,5,120
2129,0,3,155
2131,0,2,204
2132,0,4,245
2135,0,3,275
2137,0,3,302
2138,0,5,320
2140,0,2,328
2141,0,2,322
2143,0,2,307
2145,0,0,283
2146,0,2,247
2148,-3,1,215
2149,0,4,177
2151,-3,7,143
2153,0,3,111
2154,0,9,84
2156,0,3,53
2157,0,6,33
2159,0,2,17
2160,0,2,3
2162,0,3,-8
2163,1,2,-17
2165,0,4,-20
2167,-2,5,-18
2168,0,6,-10
2170,0,3,-3
2171,0,7,14
2173,0,5,32
2174,0,4,58
2177,0,5,88
2178,1,6,116
2180,0,6,159
2182,0,5,203
2183,0,3,236
2185,0,3,271
2186,0,3,299
2188,0,2,320
2190,0,1,325
2191,0,1,317
2193,0,2,310
2194,-3,4,284
2196,0,5,254
2198,0,4,218
2199,-3,4,183
2201,0,4,147
2202,0,7,113
2204,2,4,81
2205,0,5,55
2207,0,8,30
2209,0,7,19
2210,1,4,3
2212,1,5,-4
2213,0,4,-16
2215,0,3,-20
2216,0,2,-20
2219,0,3,-14
2220,0,6,0
2222,0,3,11
2223,-2,5,30
2225,0,4,56
2226,0,4,83
2228,0,5,119
2230,0,6,154
2231,0,3,192
2233,0,3,233
2234,0,6,267
2236,0,3,296
2238,0,1,319
2239,0,1,332
2241,0,0,321
2242,0,0,310
2244,-3,3,288
2246,1,2,259
2247,0,2,224
2249,0,4,188
2250,0,4,152
2252,-2,7,114
2254,0,4,84
2255,1,4,57
2257,0,6,34
2258,0,5,19
2260,0,5,0
2262,0,6,-5
2264,0,5,-15
2265,0,4,-19
2267,0,4,-22
2268,0,4,-15
2270,0,4,-4
2271,0,5,6
2273,-4,6,28
2274,-2,5,51
2276,0,7,80
2278,1,6,111
2279,0,5,150
2281,0,4,189
2282,0,1,230
2284,0,3,262
2286,0,2,292
2287,0,1,316
2289,0,1,325
2290,-2,5,324
2292,0,4,311
2293,0,2,292
2295,0,3,263
2297,-2,3,226
2298,0,4,192
2300,0,6,157
2301,0,8,116
2304,0,6,88
2306,0,5,59
2307,0,5,39
2309,0,3,20
2310,0,5,4
2312,1,4,-3
2313,0,4,-15
2315,0,3,-20
2316,0,4,-20
2318,-2,6,-15
2319,0,3,-5
2321,-3,5,7
2322,0,5,25
2324,0,4,49
2326,0,5,73
2327,0,5,107
2329,0,6,143
2330,0,2,184
2332,0,3,222
2334,0,5,256
2335,0,3,287
2337,0,2,311
2338,0,2,323
2340,0,0,329
2341,0,3,316
2343,0,1,296
2345,-2,3,267
2347,0,1,238
2349,0,5,199
2350,0,6,162
2352,0,3,122
2354,0,6,91
2355,0,8,64
2357,0,4,39
2358,0,5,24
2360,0,3,9
2361,0,4,-4
2363,0,4,-15
2364,0,2,-18
2366,-2,6,-17
2368,0,4,-15
2369,0,4,-8
2371,1,3,3
2372,0,5,19
2374,2,3,46
2375,0,5,70
2377,0,4,107
2378,0,6,140
2380,0,6,176
2382,0,4,215
2383,0,3,252
2385,-2,3,283
2386,0,3,315
2388,0,1,324
2390,0,1,327
2392,0,0,316
2394,1,1,298
2395,0,3,270
2397,0,3,238
2398,0,3,202
2400,0,4,160
2402,0,4,127
2403,-2,7,96
2405,0,5,66
2406,0,4,43
2408,0,4,23
2409,0,5,9
2411,0,4,-3
2412,0,3,-12
2414,0,3,-18
2416,0,3,-21
2417,0,3,-19
2419,0,3,-11
2420,0,3,0
2422,1,6,20
2423,0,4,42
2425,-3,5,66
2426,0,6,101
2428,0,6,134
2430,0,5,171
2432,0,5,212
2434,0,5,256
2435,-4,1,287
2437,0,1,311
2439,0,2,325
2440,-2,2,323
2442,0,0,318
2443,0,1,300
2445,0,2,267
2447,0,3,237
2448,0,3,200
2450,0,4,168
2451,0,7,129
2453,0,3,97
2455,0,4,70
2456,0,6,45
2458,0,5,26
2459,0,4,8
2461,0,5,-3
2462,0,5,-13
2464,0,6,-20
2465,0,3,-22
2467,0,5,-17
2468,0,3,-9
2470,0,5,0
2471,-4,5,20
2473,0,5,37
2475,0,5,64
2477,0,6,95
2479,0,5,130
2480,0,7,168
2482,1,4,206
2483,0,6,250
2485,0,4,283
2487,0,1,307
2488,-3,0,324
2490,0,1,326
2491,0,2,320
2493,0,2,305
2495,0,3,274
2496,0,2,242
2498,0,3,203
2499,0,4,172
2501,0,4,133
2503,0,5,101
2504,0,4,76
2506,0,4,49
2507,1,6,32
2509,0,3,15
2510,0,4,-3
2512,0,4,-11
2513,0,5,-17
2515,0,2,-20
2516,0,4,-20
2519,1,3,-12
2521,0,3,2
2522,0,3,16
2524,0,3,38
2525,0,4,66
2527,1,4,97
2528,0,6,124
2530,0,3,171
2531,0,4,207
2533,-2,3,245
2535,0,3,280
2536,0,4,305
2538,0,0,321
2539,0,3,328
2541,0,3,318
2543,0,0,303
2544,0,2,275
2546,0,1,244
2547,-2,4,208
2549,0,6,174
2551,0,6,142
2552,0,6,100
2554,0,4,73
2555,0,8,47
2557,0,7,28
2558,0,5,15
2561,0,4,0
2562,0,3,-13
2564,1,2,-16
2566,0,3,-17
2567,0,3,-18
2569,0,3,-12
2570,0,4,0
2572,0,6,17
2573,0,6,33
2575,0,5,62
2576,-2,7,95
2578,0,5,128
2580,0,3,164
2581,0,4,203
2583,0,3,243
2584,0,5,276
2586,0,1,304
2587,0,2,321
2589,0,0,327
2591,0,0,321
2592,-2,1,306
2594,0,2,281
2595,0,3,251
2597,0,4,217
2599,-2,6,181
2600,1,3,135
2603,0,3,103
2604,0,3,77
2606,0,3,53
2608,0,6,30
2609,0,2,12
2611,0,6,0
2612,0,3,-9
2614,0,3,-17
2615,0,3,-20
2617,0,3,-16
2618,-2,4,-13
2620,0,4,0
2621,0,3,13
2623,0,4,33
2624,0,7,57
2626,-2,6,92
2628,0,5,126
2629,0,5,158
2631,-2,6,198
2632,0,3,240
2634,0,3,276
2636,1,1,302
2637,0,3,315
2639,-2,3,327
2640,0,1,326
2642,0,1,307
2644,0,1,284
2646,-2,2,254
2648,0,1,213
2649,0,6,178
2651,0,4,143
2653,0,4,109
2654,0,6,77
2656,0,5,55
2657,0,5,30
2659,0,5,13
2660,0,4,3
2662,0,2,-10
2663,0,4,-18
2665,0,4,-18
2666,0,3,-17
2668,-2,6,-10
2670,0,2,-2
2671,0,4,11
2673,0,5,34
2674,0,5,58
2676,0,3,91
2677,0,7,117
2679,0,5,160
2680,1,4,200
2682,0,6,240
2684,-2,3,272
2685,0,2,299
2688,0,2,317
2689,0,3,327
2691,0,1,320
2693,0,2,306
2694,-3,1,283
2696,0,2,252
2697,0,3,218
2699,0,5,179
2701,0,2,145
2702,1,2,112
2704,0,6,79
2705,1,3,52
2707,0,7,32
2708,0,6,16
2710,0,3,2
2712,0,4,-12
2713,0,3,-16
2715,0,3,-18
2716,0,3,-17
2718,-2,2,-9
2719,-3,3,-6
2721,0,4,10
2722,0,4,31
2724,1,4,56
2725,0,3,88
2727,0,6,119
2729,0,5,158
2731,0,5,194
2733,0,5,234
2734,-2,4,270
2736,0,4,297
2738,-3,2,320
2739,0,2,327
2741,0,1,323
2742,0,3,311
2744,0,3,284
2746,0,3,256
2747,1,2,224
2749,0,3,188
2750,0,4,145
2752,0,4,112
2754,0,7,81
2755,0,3,59
2757,0,6,34
2758,0,5,14
2760,0,3,0
2761,1,6,-8
2763,0,4,-16
2764,0,4,-15
2766,0,4,-17
2767,0,2,-13
2769,-2,4,-3
2770,0,5,9
2772,0,5,26
2774,0,7,52
2776,0,6,81
2778,0,7,114
2779,0,5,152
2781,-2,5,192
2782,0,6,227
2784,0,3,263
2785,0,3,293
2787,0,2,315
2789,0,1,327
2790,0,3,326
2792,0,0,312
2793,-4,4,291
2795,0,2,259
2797,-2,4,230
2798,0,3,190
2800,1,6,150
2801,0,6,114
2803,0,6,85
2805,1,5,58
2806,-3,6,38
2808,0,5,18
2809,-2,5,4
2811,0,3,-6
2812,0,3,-13
2814,0,3,-20
2816,0,3,-18
2818,0,4,-17
2819,0,4,-9
2821,0,4,8
2822,0,5,25
2824,0,5,51
2826,0,5,77
2827,0,7,109
2829,0,3,148
2830,0,4,185
2832,0,4,224
2833,0,2,259
2835,0,3,289
2837,-2,3,312
2838,0,2,325
2840,-3,3,324
2841,-2,2,314
2843,0,3,294
2845,0,2,265
2846,0,3,231
2848,0,4,196
2849,0,5,155
2851,0,3,123
2853,0,5,89
2854,0,8,64
2856,0,6,40
2857,0,3,24
2860,0,3,7
2861,0,6,-3
2863,0,4,-13
2864,0,2,-18
2866,0,4,-16
2868,0,4,-14
2869,0,4,-10
2871,0,3,7
2872,2,4,24
2874,0,5,48
2875,0,6,72
2877,0,6,104
2878,0,4,143
2880,0,4,179
2882,-2,3,219
2883,0,1,263
2885,0,4,291
2886,0,2,313
2888,0,3,326
2890,0,2,326
2891,0,1,320
2893,0,3,296
2894,0,3,264
2896,-3,6,228
2898,0,2,195
2899,0,5,158
2902,0,6,128
2903,0,4,93
2905,0,7,65
2906,1,4,42
2908,0,6,24
2910,0,7,10
2911,0,3,-5
2913,-2,3,-15
2914,0,5,-18
2916,0,3,-20
2917,0,2,-12
2919,0,5,-8
2920,0,3,6
2922,-2,6,20
2923,0,7,39
2925,0,4,67
2926,0,5,103
2928,0,4,138
2930,0,5,181
2931,0,5,220
2933,0,4,256
2934,0,2,288
2936,0,0,312
2938,0,3,326
2939,0,0,328
2941,0,1,319
2942,0,2,298
2945,0,2,262
2947,0,2,235
2948,0,4,198
2950,-2,6,166
2951,0,6,130
2953,0,4,96
2955,0,4,68
2956,0,7,44
2958,0,6,26
2959,0,4,9
2961,0,4,-2
2962,-2,5,-11
2964,0,3,-16
2965,0,2,-22
2967,-3,4,-16
2968,-2,4,-11
2970,0,3,1
2971,-3,5,19
2973,0,7,42
2975,0,5,71
2976,0,6,96
2978,0,3,128
2979,0,4,177
2981,0,4,212
2982,-2,5,253
2984,1,2,285
2987,-3,5,307
2988,0,0,325
2990,0,0,328
2991,-2,3,316
2993,0,3,297
2995,0,4,271
2996,0,3,241
2998,-2,3,204
2999,0,5,169
3001,0,7,132
3003,0,8,94
3004,-2,6,72
3006,0,7,48
3007,0,5,27
3009,0,4,13
3010,0,5,-2
3012,0,4,-10
3013,0,4,-17
3015,1,2,-21
3016,-3,2,-14
3018,0,3,-10
3020,1,3,4
3021,0,6,18
3023,1,5,40
3024,0,5,69
3026,0,4,100
3027,0,6,132
3030,0,4,171
3032,-3,3,211
3033,0,5,249
3035,1,3,279
3036,0,2,309
3038,0,3,327
3040,0,0,328
3041,0,0,320
3043,0,3,300
3044,0,2,276
3046,0,2,243
3048,0,4,208
3049,0,5,168
3051,0,3,134
3052,0,5,97
3054,0,5,72
3055,2,5,46
3057,0,6,25
3058,0,4,12
3060,1,4,-2
3061,0,4,-10
3063,0,5,-19
3065,0,2,-19
3066,0,4,-18
3068,-3,5,-14
3069,1,5,0
3072,0,5,14
3073,0,7,35
3075,0,6,63
3076,0,7,96
3078,0,5,129
3080,0,5,164
3081,0,4,204
3083,-2,3,245
3084,0,2,278
3086,0,4,308
3088,-2,2,326
3089,0,2,325
3091,0,1,320
3092,0,0,302
3094,0,2,281
3095,0,3,250
3097,0,2,213
3099,0,4,168
3100,0,4,134
3102,0,6,103
3103,0,3,73
3105,0,3,49
3107,0,5,30
3108,0,4,14
3110,0,2,0
3111,0,3,-11
3113,0,4,-15
3115,1,1,-16
3117,0,3,-16
3118,0,3,-10
3120,-2,4,0
3121,0,4,13
3123,0,5,33
3125,0,4,57
3126,0,4,87
3128,1,6,125
3129,0,5,162
3131,0,4,200
3132,1,3,245
3134,0,5,279
3136,0,2,305
3137,-3,0,322
3139,0,2,331
3140,0,3,321
3142,0,3,306
3144,0,3,276
3145,-2,4,251
3147,0,4,210
3148,0,4,176
3150,0,4,140
3152,0,5,107
3153,0,3,76
3155,1,2,54
3156,1,3,34
3159,0,5,13
3160,1,3,1
3162,0,2,-11
3163,0,3,-18
3165,-2,6,-17
3167,-2,4,-18
3168,0,3,-11
3170,-2,5,0
3171,0,3,14
3173,0,6,31
3174,0,7,62
3176,0,5,89
3177,0,4,127
3179,-2,5,163
3181,0,4,204
3182,-3,5,243
3184,0,4,275
3185,0,2,303
3187,0,2,321
3189,-2,2,327
3190,0,1,320
3192,0,0,303
3193,-3,2,279
3195,0,4,251
3197,0,4,216
3198,0,2,179
3201,1,3,136
3202,0,3,103
3204,0,7,78
3205,0,4,52
3207,0,7,31
3209,0,4,14
3210,1,5,2
3212,0,4,-11
3213,0,3,-16
3215,0,5,-17
3216,0,1,-16
3218,0,2,-16
3219,1,3,-4
3221,0,3,12
3222,0,3,28
3224,-3,8,56
3225,0,8,87
3227,-2,7,127
3229,0,3,158
3230,0,4,197
3232,0,4,236
3233,0,3,273
3235,0,2,304
3237,0,2,320
3238,0,1,328
3240,-4,3,324
3241,-3,2,311
3244,0,1,284
3246,-2,3,256
3247,0,2,213
3249,0,2,179
3250,1,3,143
3252,0,5,108
3254,0,5,82
3255,0,8,57
3257,0,6,32
3258,0,7,14
3260,0,5,4
3261,0,3,-10
3263,0,5,-18
3264,0,4,-20
3266,0,1,-18
3267,0,3,-12
3269,0,4,-2
3271,0,3,14
3272,-2,6,35
3274,1,4,52
3275,1,6,83
3277,0,6,118
3278,0,4,161
3280,0,3,199
3281,0,4,237
3283,0,2,274
3286,0,1,300
3287,0,2,318
3289,0,1,328
3290,0,3,321
3292,0,3,308
3294,0,3,282
3295,0,3,252
3297,0,4,219
3298,1,5,183
3300,0,5,146
3302,0,6,114
3303,0,4,83
3305,0,4,57
3306,0,4,33
3308,0,4,16
3309,0,1,3
3311,-2,4,-7
3312,0,3,-17
3314,0,3,-20
3316,-4,4,-18
3317,1,1,-13
3319,0,6,-3
3320,0,5,9
3322,-2,6,31
3323,-2,6,57
3325,0,6,86
3326,0,4,114
3329,0,5,157
3331,0,3,196
3332,-2,5,233
3334,0,4,268
3335,0,3,296
3337,0,3,318
3339,0,1,325
3340,-3,3,324
3342,0,1,313
3343,0,3,288
3345,0,1,258
3347,0,4,224
3348,0,4,185
3350,0,4,148
3351,0,4,111
3353,0,7,81
3354,1,5,59
3356,0,4,35
3358,1,7,17
3359,0,6,6
3361,0,4,-9
3362,2,2,-16
3364,0,5,-18
3365,0,2,-17
3367,0,3,-13
3368,-2,6,-5
3371,0,5,8
3372,-2,2,30
3374,0,4,51
3375,0,8,78
3377,0,5,116
3379,0,5,149
3380,0,3,192
3382,0,5,230
3383,0,2,262
3385,0,3,291
3386,0,3,317
3388,-2,3,323
3390,0,3,324
3391,-3,3,314
3393,0,1,289
3394,0,4,261
3396,0,4,227
3398,0,5,190
3399,-2,6,157
3401,0,4,116
3402,0,4,87
3404,0,6,57
3406,0,4,39
3407,0,4,22
3409,0,6,6
3410,0,6,-5
3412,0,5,-10
3414,1,3,-18
3416,0,3,-16
3417,-2,3,-15
3419,0,3,-8
3420,-2,4,7
3422,0,4,24
3423,0,6,48
3425,0,5,77
3427,0,6,108
3428,0,5,147
3430,1,5,184
3431,0,5,222
3433,0,0,260
3435,0,0,289
3436,0,2,312
3438,0,1,324
3439,0,3,331
3441,0,2,317
3442,0,1,297
3444,0,1,263
3446,0,2,234
3447,0,5,196
3449,0,3,160
3450,0,5,121
3452,0,4,94
3454,0,5,64
3456,0,6,39
3458,0,7,21
3459,0,4,6
3461,0,2,-4
3462,0,3,-13
3464,0,3,-15
3465,0,5,-19
3467,0,2,-18
3468,0,6,-6
3470,0,4,4
3471,1,6,21
3473,0,6,48
3475,0,4,72
3476,1,6,107
3478,0,6,138
3479,0,3,179
3481,0,4,219
3483,0,4,254
3484,0,0,288
3486,0,4,310
3487,0,2,323
3489,0,2,327
3490,0,1,316
3492,-3,1,296
3494,0,2,271
3495,0,2,238
3497,0,6,199
3499,0,6,169
3501,0,4,125
3503,0,5,96
3504,0,3,65
3506,0,7,41
3507,0,5,25
3509,0,4,5
3510,0,5,0
3512,0,4,-12
3513,0,4,-18
3515,-2,5,-16
3517,0,2,-16
3518,0,4,-9
3520,0,7,3
3521,0,6,18
3523,0,6,40
3524,0,4,70
3526,0,6,99
3527,0,7,136
3529,0,2,176
3530,0,5,213
3532,0,4,251
3534,0,5,283
3535,0,2,308
3537,0,1,320
3538,0,3,327
3540,-4,1,318
3543,0,0,303
3544,0,4,275
3546,0,4,241
3547,0,5,208
3549,0,3,171
3551,0,5,135
3552,0,5,95
3554,0,7,69
3555,0,4,48
3557,0,4,30
3558,1,4,8
3560,0,3,0
3561,-3,5,-10
3563,0,6,-18
3565,0,3,-22
3566,0,4,-16
3568,0,2,-12
3569,0,5,2
3571,0,6,15
3572,1,6,39
3574,0,6,64
3575,0,5,96
3577,0,5,134
3578,-3,5,166
3580,0,2,208
3582,0,4,246
3584,0,1,279
3586,0,1,304
3587,0,2,320
3589,0,2,328
3591,-3,3,320
3592,0,4,300
3594,0,6,278
3595,0,4,243
3597,0,5,208
3599,0,7,165
3600,0,3,134
3602,0,3,103
3603,1,4,73
3605,0,6,49
3607,0,5,28
3608,0,4,13
3610,0,4,-3
3611,0,3,-11
3613,0,1,-18
3614,0,3,-17
3616,0,2,-18
3617,0,2,-12
3619,0,0,0
3620,0,3,12
3622,0,4,32
3623,0,4,60
3625,0,4,95
3628,0,3,128
3629,0,6,163
3631,0,6,203
3632,0,3,242
3634,0,3,281
3636,0,1,307
3637,0,2,320
3639,0,2,327
3640,0,0,321
3642,0,0,305
3644,0,1,281
3645,0,2,253
3647,0,4,208
3648,-2,5,173
3650,0,2,137
3652,0,4,105
3653,0,2,78
3655,0,7,50
3656,1,6,30
3658,0,5,12
3659,0,2,1
3661,0,6,-10
3662,0,1,-15
3664,0,4,-18
3665,-2,5,-17
3667,0,4,-11
3670,0,4,-2
3671,0,5,17
3673,0,7,36
3674,1,5,55
3676,0,7,86
3677,0,6,122
3679,0,6,165
3680,0,4,204
3682,0,5,244
3684,0,4,279
3685,0,4,299
3687,0,0,320
3688,0,3,327
3690,-4,3,324
3692,-2,4,303
3693,0,2,278
3695,0,3,248
3696,0,2,215
3698,0,4,180
3700,0,4,144
3701,0,6,107
3703,0,6,74
3704,0,8,54
3706,0,6,32
3707,0,3,16
3709,0,4,4
3710,0,5,-9
3713,0,3,-14
3715,0,0,-19
3716,0,3,-17
3718,0,3,-13
3719,0,2,0
3721,0,7,10
3722,0,4,32
3724,0,4,60
3725,0,7,89
3727,0,6,122
3728,1,4,160
3730,0,7,203
3732,0,5,237
3733,0,4,270
3735,0,0,303
3736,0,1,318
3738,0,0,327
3740,0,0,321
3741,0,3,307
3743,0,2,284
3744,-2,3,250
3746,0,2,220
3748,0,4,179
3749,0,1,149
3751,0,4,109
3752,0,5,77
3755,0,5,56
3757,0,7,35
3758,0,4,16
3760,-2,1,2
3761,0,4,-10
3763,0,1,-16
3764,0,4,-20
3766,0,2,-20
3767,2,2,-16
3769,0,3,-2
3770,0,3,11
3772,1,4,28
3773,0,6,57
3775,0,6,84
3777,0,7,117
3778,0,5,159
3780,0,4,198
3781,0,3,233
3783,0,3,268
3785,0,0,300
3786,-2,2,320
3788,0,4,328
3789,-3,2,323
3791,0,0,312
3793,0,3,288
3794,0,4,256
3796,0,0,214
3798,0,5,177
3800,0,5,145
3802,0,6,112
3803,-2,6,82
3805,1,3,59
3806,-3,6,35
3808,0,2,16
3809,0,6,1
3811,1,3,-11
3812,0,6,-17
3814,0,6,-21
3815,0,5,-18
3817,-2,3,-13
3819,0,5,-3
3820,0,4,12
3822,0,4,30
3823,0,7,52
3825,-3,6,82
3826,0,5,117
3828,0,6,158
3829,0,4,199
3831,0,5,234
3833,0,4,273
3834,-3,3,300
3836,0,3,319
3837,0,2,328
3840,0,1,325
3842,0,3,306
3843,0,3,286
3845,0,2,254
3846,0,2,222
3848,0,4,185
3850,0,3,148
3851,3,2,116
3853,0,4,80
3854,0,5,60
3856,0,6,38
3857,0,3,18
3859,0,3,2
3861,0,4,-8
3862,-3,4,-15
3864,0,3,-18
3865,0,6,-18
3867,0,3,-14
3868,0,2,0
3870,0,4,6
3871,0,7,32
3873,1,5,54
3874,0,6,82
3876,0,6,109
3877,0,4,153
3879,0,5,195
3881,0,3,230
3883,0,5,266
3885,0,3,294
3886,0,1,316
3888,0,2,325
3890,0,1,326
3891,0,3,312
3893,0,3,288
3894,0,2,259
3896,0,4,224
3898,0,3,189
3899,0,4,155
3901,0,7,122
3902,0,3,85
3904,0,5,55
3906,0,6,38
3907,0,6,24
3909,0,3,4
3910,0,3,-7
3912,0,3,-15
3913,0,4,-18
3915,0,3,-20
3916,0,3,-17
3918,0,3,-6
3919,1,3,7
3921,0,4,24
3922,0,4,51
3924,0,4,79
3926,0,5,105
3928,0,6,147
3930,0,4,189
3931,0,4,225
3933,0,4,258
3934,0,2,291
3936,0,2,315
3938,0,1,324
3939,-3,1,325
3941,0,2,314
3942,0,2,295
3944,0,2,265
3946,-3,6,232
3947,0,4,194
3949,0,5,160
3950,0,5,119
3952,0,4,88
3954,0,7,60
3955,0,7,38
3957,1,3,22
3958,0,6,7
3960,0,1,-5
3961,0,3,-14
3963,0,6,-18
3964,0,1,-21
3966,-2,3,-15
3968,0,5,-6
3970,1,4,4
3971,0,5,22
3973,0,4,46
3975,0,7,75
3976,0,5,108
3978,1,3,147
3979,1,4,179
3981,0,3,222
3982,0,2,256
3984,0,2,286
3986,0,1,310
3987,-2,2,324
3989,0,1,326
3990,0,0,318
3992,-3,3,298
3994,0,1,269
3995,0,3,236
3997,-4,4,199
3998,-2,5,164
4000,0,4,124
4002,0,6,92
4003,0,5,66
4005,0,5,41
4006,0,6,24
4008,0,6,4
4009,0,5,-4
4012,0,3,-12
4013,0,4,-15
4015,0,6,-22
4017,0,4,-17
4018,0,5,-10
4020,0,5,1
4021,0,6,20
4023,0,4,43
4024,0,6,70
4026,2,5,102
4027,0,6,139
4029,0,3,178
4031,0,3,215
4032,0,1,252
4034,0,4,285
4035,0,0,311
4037,0,0,326
4039,0,0,326
4040,0,3,317
4042,0,1,300
4043,0,3,272
4045,0,5,239
4047,0,3,203
4048,2,3,159
4050,0,5,126
4051,0,5,93
4054,0,6,68
4055,0,7,40
4057,0,4,24
4058,0,4,10
4060,0,4,-3
4062,-3,3,-11
4063,0,4,-19
4065,0,2,-20
4066,0,3,-18
4068,0,5,-12
4069,0,8,0
4071,0,4,20
4072,0,4,39
4074,-2,9,67
4075,1,4,96
4077,0,4,133
4079,0,4,169
4080,0,5,208
4082,0,3,247
4083,0,4,286
4085,0,1,308
4087,-3,3,324
4088,0,3,326
4090,0,4,322
4091,-2,3,300
4093,0,1,277
4096,0,3,236
4097,0,2,201
4099,0,2,166
4100,0,5,131
4102,0,5,100
4104,2,6,72
4105,0,7,47
4107,0,3,26
4108,0,6,12
4110,1,3,1
4111,-3,6,-11
4113,0,4,-15
4114,0,5,-22
4116,-2,4,-16
4117,0,3,-9
4119,0,3,1
4120,0,5,20
4122,-2,7,41
4124,0,6,68
4125,0,8,93
4127,0,4,128
4128,1,3,177
4130,0,4,216
4131,-2,3,248
4133,0,3,281
4135,0,1,308
4136,0,0,322
4139,0,2,328
4140,-2,2,317
4142,-2,3,298
4144,0,0,271
4145,0,3,240
4147,0,3,206
4148,0,6,172
4150,0,4,135
4152,0,3,103
4153,0,6,68
4155,0,7,45
4156,0,4,27
4158,0,3,12
4159,0,5,0
4161,1,3,-10
4162,1,2,-19
4164,0,1,-20
4166,0,4,-22
4167,-2,4,-12
4169,0,5,0
4170,0,5,15
4172,0,8,37
4173,1,4,64
4175,0,7,94
4176,0,3,129
4178,0,5,168
4180,-2,3,207
4182,1,4,244
4184,0,4,279
4185,0,3,308
4187,0,2,320
4189,0,1,325
4190,0,0,324
4192,0,1,302
4193,0,0,278
4195,-4,4,247
4197,0,3,214
4198,1,4,165
4200,0,5,134
4201,0,5,102
4203,0,5,71
4204,0,6,48
4206,-2,8,29
4208,-2,4,11
4209,0,3,0
4211,0,5,-13
4212,0,5,-18
4214,0,2,-18
4215,0,4,-17
4217,0,5,-12
4218,0,3,0
4220,1,5,15
4221,0,8,32
4224,0,5,61
4226,1,6,91
4227,0,4,127
4229,0,4,163
4230,0,2,202
4232,-4,3,250
4233,0,4,280
4235,0,1,308
4237,-2,1,322
4238,0,3,326
4240,0,0,320
4241,0,1,309
4243,0,3,276
4245,0,5,245
4246,0,3,209
4248,0,3,175
4249,1,2,137
4251,0,6,105
4253,1,4,74
4254,0,6,54
4256,0,3,34
4257,0,5,12
4259,0,3,2
4260,-2,4,-8
4262,0,3,-18
4263,0,4,-18
4265,0,4,-17
4267,0,4,-10
4269,0,3,0
4271,0,2,17
4272,0,5,36
4274,0,6,62
4275,0,8,93
4277,0,4,121
4278,0,3,166
4280,0,4,206
4282,0,5,244
4283,0,3,277
4285,0,3,304
4286,0,0,319
4288,0,1,325
4290,0,4,323
4291,0,0,307
4293,0,2,280
4294,0,3,245
4296,1,2,212
4297,0,3,179
4299,0,5,143
4301,0,3,111
4302,0,4,74
4304,0,5,50
4305,0,4,34
4307,0,6,14
4308,0,3,2
4311,0,3,-6
4312,1,3,-14
4314,-2,6,-18
4316,0,6,-20
4317,-2,4,-16
4319,0,2,0
4320,0,4,10
4322,0,7,32
4323,0,4,61
4325,1,7,88
4326,0,7,126
4328,0,6,160
4330,-2,4,203
4331,0,4,240
4333,1,3,272
4334,0,3,300
4336,0,2,321
4338,0,0,325
4339,-2,3,323
4341,0,0,309
4342,0,3,288
4344,0,4,254
4346,-3,6,220
4347,0,4,183
4349,0,3,140
4350,0,5,107
4353,0,4,81
4355,0,5,54
4356,0,6,32
4358,0,7,15
4359,0,5,0
4361,-2,4,-10
4362,0,4,-17
4364,0,3,-19
4365,0,4,-17
4367,0,3,-13
4368,0,4,-4
4370,0,6,8
4371,0,7,31
4373,0,7,56
4375,0,6,84
4376,0,6,120
4378,0,5,157
4379,0,3,195
4381,0,2,232
4382,0,2,271
4384,1,0,300
4386,1,0,320
4387,0,0,327
4389,0,1,323
4390,0,1,307
4392,0,2,287
4395,0,2,258
4396,0,3,217
4398,0,6,179
4399,-2,7,147
4401,0,5,111
4403,0,7,81
4404,0,6,58
4406,0,6,35
4407,0,5,18
4409,0,6,1
4410,0,4,-4
4412,0,4,-20
4413,0,4,-20
4415,0,3,-17
4416,0,3,-16
4418,0,3,-5
4420,0,6,6
4421,0,5,24
4423,0,3,53
4424,0,5,80
4426,0,5,114
4427,-4,7,151
4429,0,5,189
4430,0,1,235
4432,0,5,269
4434,1,1,295
4435,0,1,318
4438,0,0,325
4439,0,0,324
4441,-3,1,312
4443,-2,3,293
4444,0,6,256
4446,0,5,219
4447,0,6,185
4449,-2,6,151
4451,0,7,118
4452,0,3,87
4454,0,5,62
4455,0,4,35
4457,0,3,17
4458,0,4,4
4460,0,3,-7
4461,0,3,-17
4463,1,4,-16
4465,1,0,-20
4466,0,4,-15
4468,0,3,-3
4469,0,5,11
4471,0,2,29
4472,0,4,55
4474,0,5,84
4475,-2,6,110
4477,0,6,155
4480,0,3,191
4481,0,5,231
4483,0,3,264
4484,0,0,295
4486,0,3,314
4488,0,1,325
4489,0,0,321
4491,0,1,311
4492,0,3,288
4494,0,3,262
4496,0,3,224
4497,0,3,192
4499,0,6,154
4500,-2,5,121
4502,0,0,86
4503,2,7,58
4505,0,7,33
4507,0,5,21
4508,0,5,6
4510,0,6,-6
4511,0,5,-14
4513,-4,3,-19
4514,0,4,-18
4516,0,3,-15
4517,1,1,-7
4519,0,3,7
4520,0,7,27
4523,0,6,51
4524,1,4,79
4526,0,7,112
4528,0,7,148
4529,0,5,187
4531,0,3,224
4532,0,4,259
4534,0,3,292
4536,0,3,315
4537,-3,1,328
4539,0,1,323
4540,0,1,312
4542,0,2,292
4544,0,2,265
4545,0,4,230
4547,0,4,195
4548,0,4,160
4550,0,4,118
4552,0,3,89
4553,1,7,60
4555,0,3,36
4556,0,7,19
4558,0,7,2
4559,0,4,-6
4561,0,5,-16
4562,0,3,-16
4564,0,4,-20
4566,0,2,-15
4568,0,4,-9
4569,-2,4,7
4571,0,3,22
4572,0,4,45
4574,0,6,72
4576,0,4,106
4577,0,5,142
4579,1,4,181
4580,0,5,220
4582,0,2,256
4584,0,5,288
4585,0,1,308
4587,0,1,325
4588,0,1,325
4590,0,1,315
4592,0,3,295
4593,0,1,266
4595,-2,3,233
4596,0,1,199
4598,0,5,158
4600,0,6,122
4601,2,5,94
4603,1,3,67
4604,-2,7,43
4606,0,7,23
4608,0,2,8
4610,0,3,1
4611,0,3,-11
4613,0,1,-20
4614,0,3,-21
4616,0,3,-18
4618,0,4,-8
4619,0,4,0
4621,0,3,22
4622,0,7,42
4624,0,6,68
4625,0,7,104
4627,0,4,138
4628,-2,8,173
4630,0,4,213
4632,0,3,254
4633,0,1,285
4635,0,1,312
4636,0,1,324
4638,0,2,330
4640,0,2,317
4641,0,1,300
4643,-2,3,275
4644,0,3,238
4646,0,3,204
4648,0,4,161
4649,1,5,125
4652,0,4,94
4653,1,3,66
4655,0,5,44
4656,0,6,24
4658,0,5,8
4659,1,2,0
4661,0,3,-8
4662,0,2,-16
4664,0,1,-18
4666,0,2,-18
4667,0,3,-11
4669,0,5,0
4670,2,1,18
4672,0,5,39
4673,-3,4,67
4675,0,6,98
4676,0,4,131
4678,0,4,172
4680,0,3,210
4681,0,4,243
4683,0,3,280
4684,0,1,307
4686,0,2,320
4688,-2,3,328
4689,0,1,320
4691,-2,2,303
4692,0,5,277
4695,0,2,243
4696,0,3,210
4698,1,4,174
4700,-2,6,129
4701,0,3,100
4703,0,5,71
4704,0,5,49
4706,-2,7,30
4708,0,4,9
4709,0,5,-4
4711,1,5,-11
4712,0,3,-19
4714,1,4,-20
4715,0,3,-17
4717,0,5,-12
4718,0,4,-3
4720,1,6,15
4721,-3,6,33
4723,0,5,62
4724,0,4,96
4726,0,6,128
4728,0,7,166
4729,1,4,203
4731,0,4,240
4732,0,3,283
4734,0,3,307
4737,0,2,320
4738,0,1,328
4740,0,2,320
4741,0,0,304
4743,0,2,275
4745,0,3,247
4746,0,1,209
4748,0,3,171
4749,0,3,136
4751,0,4,103
4753,0,4,78
4754,0,7,52
4756,0,6,25
4757,0,5,11
4759,0,4,0
4760,0,3,-8
4762,0,2,-17
4763,0,2,-18
4765,0,0,-20
4766,0,2,-12
4768,-3,4,-2
4769,0,7,12
4771,0,5,35
4773,0,7,58
4774,0,6,89
4776,0,6,124
4777,0,9,158
4780,0,5,199
4781,0,4,246
4783,0,5,277
4785,0,1,305
4786,0,2,321
4788,0,1,328
