3,-88,-73,372
4,-86,-73,340
6,-86,-71,308
7,-86,-72,285
9,-86,-70,256
11,-88,-69,240
12,-86,-71,219
14,-83,-68,207
15,-86,-69,196
17,-85,-69,189
19,-85,-69,188
20,-85,-69,188
22,-85,-71,191
24,-86,-68,197
25,-85,-69,213
27,-86,-72,235
28,-86,-70,258
30,-86,-68,286
32,-88,-72,317
33,-86,-70,350
35,-86,-71,391
36,-89,-71,424
38,-86,-70,448
40,-86,-70,472
41,-86,-74,485
44,-86,-72,490
46,-86,-74,480
47,-88,-72,467
49,-89,-71,445
50,-86,-71,419
52,-88,-71,383
54,-86,-73,349
55,-86,-71,319
57,-83,-73,291
59,-86,-71,264
60,-86,-70,238
62,-86,-70,220
63,-86,-70,207
65,-86,-70,196
67,-86,-68,190
68,-86,-70,185
70,-86,-70,186
72,-86,-68,188
73,-86,-70,200
75,-86,-70,211
76,-86,-72,235
78,-86,-69,257
80,-86,-71,285
81,-86,-73,313
83,-85,-73,346
84,-86,-72,383
87,-86,-72,418
89,-86,-73,446
90,-86,-74,469
92,-88,-72,482
94,-86,-73,489
95,-88,-71,486
97,-88,-72,469
98,-86,-74,448
100,-88,-73,421
102,-86,-70,381
103,-86,-72,352
105,-86,-72,317
107,-88,-70,287
108,-86,-72,263
110,-86,-72,239
112,-86,-67,220
113,-86,-70,204
115,-86,-70,196
117,-86,-68,188
118,-85,-68,188
120,-86,-70,184
122,-86,-74,189
123,-86,-68,201
125,-86,-71,219
128,-86,-69,235
129,-86,-72,266
131,-86,-70,292
133,-86,-71,323
134,-86,-70,363
136,-86,-73,397
138,-86,-73,423
139,-88,-72,459
141,-86,-72,477
142,-85,-74,489
144,-86,-72,491
146,-86,-72,476
147,-88,-71,457
149,-88,-71,437
151,-86,-72,401
152,-88,-70,366
154,-86,-72,336
156,-89,-70,301
157,-85,-70,274
159,-86,-70,252
161,-86,-71,229
162,-86,-69,210
164,-86,-72,199
166,-86,-68,189
167,-86,-68,188
169,-86,-68,188
172,-86,-68,188
173,-86,-69,195
175,-85,-70,208
177,-86,-72,227
178,-86,-71,252
180,-86,-70,278
182,-86,-68,307
183,-84,-72,348
185,-86,-72,383
187,-86,-73,412
188,-86,-72,448
190,-86,-71,472
192,-86,-72,483
193,-88,-72,488
195,-86,-71,481
196,-85,-73,468
198,-86,-73,440
200,-86,-73,418
201,-86,-73,382
203,-86,-71,347
205,-86,-71,315
206,-86,-70,287
208,-86,-71,258
210,-86,-71,235
211,-86,-70,219
214,-86,-70,202
216,-86,-71,192
217,-86,-68,188
219,-86,-72,188
221,-89,-69,188
222,-86,-68,193
224,-86,-67,200
226,-86,-68,220
227,-86,-70,238
229,-86,-71,265
231,-86,-69,297
232,-85,-71,329
234,-86,-69,363
236,-89,-71,404
237,-86,-70,436
239,-86,-73,460
241,-86,-71,476
242,-86,-72,489
244,-86,-73,488
246,-86,-72,473
247,-86,-74,456
249,-86,-73,428
251,-86,-73,389
252,-86,-72,362
254,-89,-72,331
257,-86,-74,296
258,-86,-71,271
260,-86,-69,247
262,-86,-67,229
263,-85,-70,209
265,-85,-68,200
267,-86,-69,191
268,-84,-71,183
270,-86,-72,186
271,-85,-71,186
273,-86,-70,199
275,-86,-72,216
276,-85,-72,229
278,-86,-69,255
280,-86,-71,284
281,-86,-71,313
283,-86,-73,352
285,-86,-72,386
286,-86,-72,416
288,-86,-72,450
290,-88,-71,474
291,-86,-73,486
293,-86,-74,488
295,-86,-73,482
296,-86,-74,465
299,-86,-70,439
301,-86,-71,408
302,-86,-72,375
304,-85,-73,346
306,-86,-70,309
307,-86,-71,280
309,-86,-70,256
311,-86,-70,233
312,-86,-69,217
314,-86,-69,203
316,-85,-70,192
317,-86,-70,185
319,-86,-69,184
321,-86,-69,186
322,-86,-68,190
324,-86,-72,205
326,-86,-71,225
327,-86,-70,245
329,-86,-72,269
331,-85,-73,298
332,-86,-69,337
334,-88,-71,373
336,-88,-70,405
337,-86,-70,439
339,-86,-72,463
340,-86,-71,478
343,-86,-73,489
345,-86,-72,486
346,-86,-73,474
348,-88,-73,451
350,-86,-72,421
351,-86,-71,391
353,-86,-70,355
355,-86,-71,323
356,-85,-71,295
358,-86,-71,263
360,-86,-71,243
361,-86,-70,225
363,-86,-68,207
365,-88,-70,196
366,-86,-71,189
368,-84,-69,183
370,-86,-68,188
371,-85,-69,191
373,-86,-69,197
375,-86,-70,215
376,-86,-70,235
378,-88,-71,259
380,-86,-72,288
381,-85,-69,319
384,-86,-69,352
386,-90,-70,395
387,-86,-70,425
389,-85,-74,451
391,-86,-71,472
392,-86,-74,488
394,-86,-73,492
395,-86,-73,481
397,-88,-73,461
399,-86,-73,436
400,-86,-72,407
402,-86,-73,369
404,-86,-73,340
405,-88,-71,310
407,-89,-70,276
409,-86,-71,253
410,-86,-72,232
412,-86,-71,214
414,-86,-71,199
415,-86,-70,191
417,-86,-66,186
419,-83,-70,184
420,-86,-70,188
422,-86,-68,195
424,-86,-68,208
425,-86,-70,225
428,-86,-70,245
430,-90,-68,276
431,-85,-70,306
433,-88,-70,339
435,-86,-71,379
436,-86,-73,409
438,-88,-71,440
440,-86,-73,467
441,-86,-73,481
443,-86,-72,488
445,-86,-72,485
446,-89,-71,474
448,-86,-71,449
450,-86,-71,420
451,-88,-70,387
453,-86,-72,353
454,-86,-73,323
456,-86,-72,290
458,-86,-73,262
459,-90,-70,244
461,-85,-69,220
463,-86,-70,206
464,-86,-71,196
466,-85,-69,188
468,-86,-69,188
470,-84,-71,186
472,-86,-71,191
474,-86,-69,202
475,-86,-72,218
477,-86,-73,236
479,-86,-72,261
480,-88,-71,290
482,-86,-72,326
484,-86,-72,360
485,-86,-71,393
487,-86,-71,430
489,-86,-70,457
490,-86,-74,475
492,-86,-70,487
494,-86,-73,491
495,-86,-74,478
497,-86,-71,462
499,-86,-71,431
500,-89,-72,407
502,-86,-72,370
504,-86,-71,334
505,-86,-71,304
507,-86,-70,278
509,-86,-70,248
510,-86,-70,228
513,-86,-72,212
515,-86,-71,196
516,-86,-68,191
518,-86,-71,185
520,-86,-71,186
521,-86,-68,190
523,-86,-70,197
525,-86,-72,210
526,-86,-70,227
528,-86,-70,251
529,-86,-69,285
531,-88,-69,311
533,-86,-70,346
534,-86,-70,384
536,-86,-71,417
538,-86,-70,444
539,-86,-73,466
541,-86,-73,484
543,-86,-73,490
544,-85,-73,482
546,-86,-76,464
548,-86,-73,444
549,-88,-70,416
551,-88,-71,380
553,-86,-68,348
555,-86,-70,318
557,-86,-71,284
559,-86,-71,258
560,-86,-71,235
562,-86,-70,218
564,-86,-73,203
565,-85,-68,195
567,-85,-70,188
569,-86,-69,188
570,-85,-70,188
572,-86,-69,195
574,-86,-68,205
575,-86,-68,219
577,-88,-70,245
579,-86,-70,267
580,-86,-71,293
582,-86,-71,328
584,-86,-72,368
585,-85,-73,400
587,-86,-73,433
589,-86,-71,462
590,-86,-73,478
592,-86,-73,491
593,-88,-72,488
595,-86,-73,476
598,-86,-72,456
599,-86,-73,425
601,-86,-73,397
603,-88,-73,362
604,-86,-73,323
606,-85,-72,298
608,-86,-71,273
609,-86,-73,247
611,-86,-70,227
613,-86,-71,210
614,-86,-69,197
616,-84,-69,189
618,-86,-70,184
619,-86,-69,188
621,-85,-71,189
623,-86,-71,199
624,-86,-67,212
626,-86,-70,231
628,-86,-71,252
629,-86,-70,281
631,-88,-71,319
633,-86,-71,353
634,-86,-74,384
636,-86,-73,419
638,-86,-71,450
640,-86,-72,473
642,-89,-73,484
644,-86,-72,490
645,-88,-73,481
647,-86,-71,468
649,-86,-71,440
650,-86,-71,411
652,-86,-73,375
653,-86,-71,340
655,-86,-74,312
657,-86,-68,282
658,-86,-70,253
660,-86,-70,235
662,-86,-71,219
663,-86,-71,200
665,-86,-70,191
667,-86,-69,185
668,-83,-69,185
670,-86,-71,188
672,-86,-71,192
673,-85,-71,203
675,-86,-70,220
677,-86,-66,245
678,-86,-72,267
680,-89,-72,301
683,-88,-70,333
684,-86,-72,368
686,-90,-71,408
688,-86,-72,439
689,-86,-74,460
691,-86,-72,484
693,-86,-72,488
694,-86,-73,484
696,-88,-73,472
698,-86,-73,452
699,-86,-73,426
701,-90,-73,387
703,-86,-71,357
704,-86,-71,326
706,-86,-71,291
708,-86,-71,266
709,-86,-70,244
711,-86,-71,221
713,-86,-68,208
714,-85,-72,197
716,-86,-68,190
717,-86,-70,184
719,-86,-69,184
721,-86,-70,191
722,-85,-72,195
724,-86,-72,213
727,-85,-72,234
728,-86,-69,260
730,-86,-72,287
732,-86,-69,318
733,-86,-69,357
735,-86,-71,392
737,-88,-71,424
738,-85,-73,454
740,-86,-71,474
742,-86,-72,485
743,-86,-74,492
745,-86,-74,480
747,-89,-72,464
748,-86,-72,439
750,-86,-72,407
752,-86,-71,375
753,-88,-72,340
755,-86,-71,304
757,-86,-72,279
758,-86,-70,253
760,-86,-70,229
762,-86,-72,213
763,-86,-70,198
765,-84,-69,192
768,-86,-68,188
769,-86,-67,184
771,-86,-67,191
773,-86,-70,193
774,-86,-72,205
776,-86,-69,224
777,-86,-70,249
779,-86,-70,271
781,-86,-69,304
782,-88,-70,342
784,-89,-70,375
786,-86,-71,406
787,-86,-72,443
789,-86,-71,466
791,-86,-72,484
792,-86,-73,486
794,-86,-72,487
796,-86,-72,475
797,-86,-74,444
799,-86,-72,417
801,-88,-71,387
802,-86,-72,350
804,-86,-70,321
806,-86,-71,293
807,-85,-71,266
809,-86,-71,240
812,-86,-69,220
813,-86,-68,207
815,-86,-69,195
817,-86,-69,188
818,-86,-71,184
820,-85,-70,188
822,-86,-71,192
823,-85,-70,200
825,-86,-70,219
827,-86,-69,239
828,-86,-71,262
830,-86,-71,290
832,-86,-72,325
833,-86,-70,358
835,-86,-71,390
836,-86,-73,430
838,-85,-71,458
840,-86,-73,475
841,-88,-72,488
843,-86,-73,488
845,-88,-72,478
846,-86,-71,458
848,-86,-74,432
850,-89,-71,403
851,-86,-73,367
854,-88,-71,335
856,-86,-72,309
857,-86,-69,274
859,-86,-71,251
861,-86,-70,234
862,-86,-68,211
864,-85,-71,196
866,-86,-67,191
867,-85,-71,188
869,-86,-72,184
871,-86,-70,189
872,-86,-69,196
874,-86,-69,210
876,-86,-70,225
877,-86,-70,248
879,-89,-70,278
881,-88,-69,309
882,-86,-72,341
884,-86,-72,380
886,-85,-73,410
887,-86,-69,442
889,-85,-72,465
891,-88,-73,484
892,-86,-74,488
894,-86,-72,487
896,-86,-74,468
898,-86,-70,444
900,-85,-74,421
901,-88,-72,382
903,-86,-72,350
905,-86,-71,322
906,-86,-69,287
908,-89,-68,261
910,-86,-70,238
911,-86,-69,220
913,-86,-71,203
915,-86,-68,194
916,-86,-71,188
918,-86,-71,188
920,-86,-70,184
921,-86,-71,191
923,-86,-70,203
925,-86,-70,220
926,-86,-70,238
928,-86,-70,264
930,-86,-72,294
931,-86,-74,325
933,-89,-70,364
935,-90,-72,399
936,-88,-73,430
939,-88,-71,458
941,-86,-70,477
942,-86,-73,488
944,-86,-73,486
946,-86,-73,477
947,-88,-69,457
949,-86,-72,428
951,-86,-74,401
952,-85,-72,365
954,-86,-71,328
956,-86,-69,299
957,-86,-70,275
959,-86,-71,249
960,-86,-70,226
962,-86,-71,212
964,-86,-70,200
965,-86,-68,190
967,-86,-68,185
969,-86,-70,185
970,-86,-69,188
972,-86,-67,196
974,-85,-70,207
975,-85,-69,230
977,-86,-71,252
979,-86,-71,280
980,-88,-71,316
983,-86,-70,349
985,-86,-71,381
986,-86,-72,417
988,-86,-74,447
990,-86,-72,471
991,-88,-72,487
993,-88,-72,490
995,-86,-73,481
996,-86,-73,469
998,-86,-73,441
1000,-85,-72,415
1001,-86,-72,374
1003,-86,-71,345
1005,-86,-69,315
1006,-91,-70,280
1008,-86,-70,254
1010,-86,-71,235
1012,-86,-71,218
1013,-86,-70,202
1015,-86,-68,191
1017,-86,-70,188
1018,-86,-73,186
1020,-86,-67,189
1022,-85,-70,198
1024,-85,-70,208
1026,-86,-71,229
1028,-86,-69,251
1030,-86,-71,284
1031,-86,-68,314
1033,-86,-72,350
1035,-86,-71,388
1036,-86,-72,425
1038,-86,-73,452
1040,-86,-74,476
1041,-86,-72,487
1043,-86,-71,492
1045,-85,-71,480
1047,-86,-73,463
1048,-86,-74,436
1050,-88,-71,406
1052,-89,-72,366
1053,-86,-72,333
1055,-86,-74,305
1057,-86,-71,273
1058,-86,-71,248
1060,-86,-68,227
1062,-86,-72,210
1063,-84,-72,198
1065,-86,-69,188
1068,-86,-70,186
1070,-83,-70,184
1071,-85,-68,191
1073,-86,-71,200
1075,-86,-69,218
1076,-86,-70,235
1078,-86,-70,258
1080,-86,-70,291
1081,-86,-73,319
1083,-86,-71,362
1085,-86,-71,396
1087,-86,-73,434
1088,-86,-70,459
1090,-86,-72,481
1092,-86,-72,488
1093,-86,-73,487
1095,-85,-74,476
1097,-88,-73,456
1098,-84,-74,425
1100,-86,-72,395
1102,-86,-72,357
1104,-86,-73,329
1105,-86,-71,291
1107,-86,-70,264
1110,-86,-68,243
1111,-86,-69,221
1113,-86,-70,209
1115,-85,-70,193
1116,-84,-70,190
1118,-84,-72,184
1120,-85,-70,186
1122,-85,-70,191
1123,-86,-68,203
1125,-86,-70,221
1127,-86,-68,240
1128,-86,-70,267
1130,-86,-70,299
1132,-86,-70,332
1133,-88,-71,371
1135,-86,-71,404
1137,-86,-71,442
1139,-86,-74,464
1140,-86,-70,482
1142,-88,-74,490
1144,-86,-69,484
1145,-86,-72,472
1147,-86,-73,447
1149,-86,-73,414
1150,-86,-72,383
1153,-88,-70,347
1155,-88,-73,317
1157,-86,-70,280
1158,-86,-72,258
1160,-86,-71,236
1162,-86,-72,217
1163,-86,-71,204
1165,-86,-71,192
1167,-86,-67,188
1168,-86,-69,186
1170,-86,-70,188
1172,-86,-70,195
1174,-86,-69,206
1175,-86,-70,227
1177,-86,-68,249
1179,-86,-70,279
1180,-86,-71,312
1182,-90,-69,341
1184,-88,-68,380
1185,-89,-70,411
1187,-86,-71,448
1189,-86,-74,471
1191,-86,-72,486
1192,-86,-72,488
1195,-86,-70,482
1197,-88,-73,464
1198,-86,-73,437
1200,-86,-71,408
1202,-86,-72,377
1203,-86,-71,337
1205,-90,-71,312
1207,-86,-72,278
1209,-86,-71,250
1210,-86,-68,228
1212,-86,-69,212
1214,-88,-71,200
1215,-86,-69,191
1217,-84,-70,186
1219,-86,-70,186
1220,-86,-70,188
1222,-86,-69,201
1224,-86,-68,213
1226,-85,-72,235
1227,-86,-69,255
1229,-86,-70,288
1231,-86,-70,320
1232,-86,-72,357
1234,-88,-71,392
1236,-86,-73,423
1238,-86,-72,456
1240,-88,-70,474
1242,-86,-71,488
1244,-86,-74,488
1245,-86,-74,478
1247,-86,-71,458
1249,-88,-72,427
1250,-88,-74,398
1252,-86,-72,358
1254,-86,-71,329
1255,-86,-73,297
1257,-86,-73,266
1259,-86,-71,244
1261,-86,-70,222
1262,-86,-71,209
1264,-86,-70,196
1266,-86,-67,188
1267,-86,-68,183
1269,-85,-70,188
1271,-84,-70,194
1272,-86,-68,202
1274,-86,-70,216
1276,-86,-72,241
1278,-85,-72,264
1280,-86,-74,296
1282,-86,-69,327
1284,-86,-73,372
1285,-86,-71,403
1287,-86,-72,438
1289,-86,-74,466
1290,-86,-74,479
1292,-86,-71,487
1294,-86,-74,487
1296,-86,-74,473
1297,-86,-71,450
1299,-89,-72,420
1301,-86,-72,384
1302,-86,-72,348
1304,-89,-73,318
1306,-86,-71,285
1307,-86,-70,260
1309,-86,-70,241
1311,-86,-70,216
1313,-86,-69,204
1314,-84,-69,194
1316,-86,-70,188
1318,-86,-70,186
1319,-86,-70,188
1321,-86,-70,192
1324,-86,-69,205
1325,-86,-70,224
1327,-85,-73,251
1329,-86,-69,273
1331,-86,-71,307
1332,-86,-70,339
1334,-85,-73,380
1336,-86,-71,414
1337,-86,-71,447
1339,-86,-73,472
1341,-88,-74,487
1342,-86,-73,491
1344,-89,-71,482
1346,-86,-73,468
1348,-86,-71,444
1349,-86,-70,409
1351,-86,-71,378
1353,-86,-72,342
1354,-86,-67,312
1356,-86,-72,278
1358,-86,-71,252
1359,-85,-70,232
1361,-86,-70,216
1363,-86,-70,201
1366,-86,-70,191
1367,-86,-72,186
1369,-89,-67,188
1371,-86,-69,188
1372,-86,-72,196
1374,-86,-68,209
1376,-86,-68,229
1377,-86,-70,252
1379,-86,-71,283
1381,-86,-73,316
1383,-88,-72,348
1384,-86,-71,390
1386,-88,-70,423
1388,-86,-74,453
1389,-86,-71,473
1391,-86,-73,487
1393,-86,-71,488
1394,-88,-73,478
1396,-88,-74,462
1398,-88,-71,428
1400,-86,-73,401
1401,-85,-73,368
1403,-86,-70,329
1405,-86,-70,300
1406,-86,-71,270
1409,-86,-71,249
1411,-86,-71,227
1412,-86,-70,210
1414,-86,-70,199
1416,-85,-68,188
1418,-86,-69,185
1419,-86,-72,188
1421,-86,-71,189
1423,-86,-68,203
1424,-86,-71,216
1426,-86,-71,235
1428,-85,-70,259
1429,-86,-70,294
1431,-86,-70,324
1433,-85,-73,365
1435,-86,-71,397
1436,-86,-74,432
1438,-86,-74,460
1440,-86,-72,478
1441,-86,-72,492
1443,-85,-73,488
1445,-86,-73,475
1446,-85,-72,453
1448,-86,-72,422
1451,-86,-73,389
1453,-86,-70,351
1454,-88,-71,321
1456,-86,-71,292
1458,-86,-70,262
1459,-86,-71,241
1461,-86,-70,221
1463,-86,-72,208
1464,-86,-71,190
1466,-85,-71,188
1468,-86,-68,188
1470,-83,-71,189
1471,-86,-69,193
1473,-85,-71,205
1475,-86,-68,220
1476,-85,-70,244
1478,-86,-70,270
1480,-86,-71,305
1481,-86,-71,335
1483,-86,-74,376
1485,-86,-74,409
1487,-85,-71,443
1488,-86,-73,468
1490,-86,-74,480
1492,-88,-72,491
1494,-86,-74,488
1496,-86,-73,468
1498,-86,-74,445
1499,-86,-72,412
1501,-86,-74,380
1503,-88,-69,343
1505,-86,-72,315
1506,-86,-70,280
1508,-86,-71,258
1510,-86,-71,235
1511,-86,-69,217
1513,-86,-70,202
1515,-85,-70,191
1516,-85,-70,186
1518,-86,-71,186
1520,-86,-67,186
1522,-86,-67,196
1523,-88,-68,208
1525,-85,-73,232
1527,-86,-70,248
1528,-86,-70,279
1530,-85,-72,312
1532,-86,-72,347
1533,-86,-72,386
1536,-86,-72,418
1538,-86,-74,450
1540,-86,-73,473
1541,-86,-73,484
1543,-86,-72,487
1545,-86,-74,477
1546,-86,-72,459
1548,-86,-72,438
1550,-86,-71,402
1551,-86,-73,371
1553,-86,-72,330
1555,-88,-71,305
1557,-89,-72,272
1558,-86,-72,249
1560,-86,-70,227
1562,-86,-69,207
1563,-86,-68,199
1565,-86,-71,189
1567,-86,-67,184
1568,-86,-70,188
1570,-86,-71,189
1572,-86,-68,201
1574,-86,-68,213
1575,-86,-70,237
1577,-86,-70,260
1580,-89,-71,296
1581,-86,-73,320
1583,-86,-70,354
1585,-86,-71,398
1586,-86,-70,429
1588,-89,-73,458
1590,-86,-73,479
1592,-86,-72,488
1593,-86,-72,487
1595,-86,-71,476
1597,-86,-72,456
1598,-89,-72,424
1600,-86,-71,394
1602,-86,-72,362
1603,-86,-70,326
1605,-86,-70,296
1607,-88,-68,266
1609,-86,-72,244
1610,-86,-69,221
1612,-86,-69,207
1614,-86,-72,193
1615,-85,-70,188
1617,-85,-69,184
1619,-85,-69,188
1620,-86,-70,193
1623,-84,-72,204
1625,-86,-71,219
1627,-86,-70,241
1628,-86,-71,268
1630,-84,-71,303
1632,-86,-71,332
1633,-86,-73,373
1635,-89,-71,408
1637,-86,-71,437
1638,-86,-71,465
1640,-86,-71,485
1642,-86,-73,488
1644,-86,-73,484
1645,-86,-72,469
1647,-86,-70,446
1649,-86,-73,415
1650,-86,-73,383
1652,-86,-71,352
1654,-86,-71,318
1655,-86,-70,287
1657,-86,-71,255
1659,-86,-72,236
1661,-86,-70,215
1662,-85,-70,202
1665,-86,-70,191
1667,-86,-68,188
1668,-86,-69,185
1670,-86,-69,188
1672,-86,-68,195
1673,-86,-70,206
1675,-86,-68,223
1677,-86,-71,249
1679,-86,-71,272
1680,-86,-71,310
1682,-86,-71,346
1684,-86,-71,384
1685,-86,-74,415
1687,-85,-72,449
1689,-86,-72,473
1690,-88,-71,483
1692,-86,-71,487
1694,-86,-72,480
1696,-86,-70,461
1697,-89,-71,443
1699,-86,-69,408
1701,-86,-72,374
1702,-88,-71,338
1704,-86,-71,308
1707,-86,-67,273
1708,-86,-72,252
1710,-85,-70,232
1712,-86,-70,212
1714,-86,-68,199
1715,-86,-71,190
1717,-86,-70,188
1719,-86,-69,184
1720,-84,-72,190
1722,-86,-71,197
1724,-86,-69,212
1725,-86,-69,232
1727,-86,-71,257
1729,-86,-71,284
1731,-86,-71,320
1732,-86,-72,353
1734,-86,-73,393
1736,-85,-74,424
1737,-88,-72,456
1739,-86,-71,476
1741,-86,-74,488
1742,-86,-74,490
1744,-88,-71,475
1746,-86,-71,459
1748,-86,-73,433
1750,-86,-74,395
1752,-86,-73,365
1754,-86,-72,327
1755,-86,-72,298
1757,-86,-68,268
1759,-86,-70,244
1760,-86,-69,223
1762,-85,-69,204
1764,-86,-69,193
1766,-86,-68,190
1767,-86,-70,184
1769,-86,-68,188
1771,-86,-68,189
1772,-85,-70,201
1774,-84,-69,220
1776,-86,-70,237
1777,-86,-70,264
1779,-86,-71,296
1781,-86,-71,332
1783,-86,-71,363
1784,-86,-72,405
1786,-83,-74,435
1788,-86,-74,460
1789,-88,-72,481
1792,-89,-70,490
1794,-86,-71,486
1795,-88,-72,471
1797,-86,-73,450
1799,-86,-74,417
1801,-86,-73,387
1802,-86,-72,354
1804,-86,-71,320
1806,-88,-72,287
1807,-86,-73,257
1809,-86,-72,239
1811,-86,-71,217
1812,-86,-70,207
1814,-86,-71,192
1816,-86,-68,189
1818,-86,-69,185
1819,-85,-73,189
1821,-86,-68,189
1823,-86,-69,208
1824,-88,-70,223
1826,-86,-71,246
1828,-86,-70,272
1829,-86,-70,309
1831,-88,-70,337
1833,-86,-72,381
1836,-86,-73,415
1837,-86,-73,441
1839,-85,-71,466
1841,-89,-71,484
1842,-86,-74,489
1844,-86,-72,484
1846,-86,-71,465
1847,-86,-69,436
1849,-86,-71,408
1851,-86,-74,379
1853,-86,-70,341
1854,-86,-71,311
1856,-86,-72,282
1858,-85,-71,252
1859,-86,-71,234
1861,-86,-68,212
1863,-86,-70,202
1864,-86,-67,192
1866,-84,-70,188
1868,-85,-68,182
1870,-86,-68,188
1871,-84,-71,197
1873,-86,-70,209
1875,-86,-69,227
1876,-86,-70,256
1879,-86,-71,280
1881,-86,-71,318
1882,-86,-71,351
1884,-86,-71,391
1886,-86,-71,423
1888,-86,-71,456
1889,-86,-71,476
1891,-88,-69,487
1893,-86,-73,490
1894,-86,-73,478
1896,-89,-72,458
1898,-86,-71,436
1899,-86,-73,400
1901,-86,-72,366
1903,-86,-72,330
1905,-86,-73,303
1906,-86,-71,274
1908,-86,-70,245
1910,-86,-70,225
1911,-86,-68,211
1913,-86,-70,198
1915,-86,-66,190
1916,-86,-70,183
1918,-86,-68,188
1921,-83,-73,191
1923,-86,-69,203
1924,-86,-71,213
1926,-86,-69,240
1928,-86,-68,260
1929,-86,-72,289
1931,-86,-71,327
1933,-86,-73,360
1934,-88,-72,402
1936,-86,-72,429
1938,-86,-73,463
1940,-86,-71,481
1941,-86,-72,492
1943,-86,-74,491
1945,-86,-73,476
1946,-86,-72,453
1948,-86,-72,424
1950,-88,-72,389
1951,-88,-70,357
1953,-89,-71,322
1955,-86,-72,290
1957,-86,-70,261
1958,-86,-70,242
1960,-88,-70,220
1963,-86,-68,204
1964,-86,-72,193
1966,-86,-68,188
1968,-86,-70,186
1969,-86,-68,188
1971,-84,-69,193
1973,-83,-72,207
1975,-85,-70,223
1976,-86,-70,245
1978,-89,-69,269
1980,-85,-74,308
1981,-86,-70,338
1983,-88,-69,370
1985,-86,-71,410
1986,-86,-71,439
1988,-86,-74,468
1990,-89,-71,482
1992,-86,-72,490
1993,-86,-74,485
1995,-86,-70,466
1997,-86,-73,444
1998,-86,-74,412
2000,-86,-71,380
2002,-86,-72,350
2003,-86,-69,315
2006,-86,-72,284
2008,-86,-68,252
2010,-86,-71,234
2011,-86,-70,214
2013,-86,-69,203
2015,-85,-71,193
2016,-84,-70,188
2018,-86,-71,188
2020,-86,-70,188
2021,-86,-70,194
2023,-86,-71,211
2025,-86,-69,226
2027,-86,-68,254
2028,-86,-71,276
2030,-86,-69,315
2032,-86,-70,346
2033,-86,-70,389
2035,-86,-71,418
2037,-85,-72,454
2038,-86,-72,474
2040,-86,-71,487
2042,-86,-73,490
2044,-86,-72,480
2045,-86,-72,462
2048,-86,-72,439
2050,-86,-73,401
2051,-86,-74,374
2053,-86,-72,331
2055,-89,-69,302
2056,-86,-70,276
2058,-89,-68,249
2060,-86,-71,230
2062,-86,-68,210
2063,-86,-70,198
2065,-86,-67,188
2067,-86,-70,188
2068,-84,-72,188
2070,-86,-71,188
2072,-86,-70,196
2073,-85,-69,216
2075,-86,-69,232
2077,-86,-71,261
2079,-86,-70,285
2080,-86,-72,321
2082,-85,-72,357
2084,-86,-70,398
2085,-85,-73,426
2087,-86,-72,454
2089,-86,-74,481
2091,-84,-73,489
2093,-89,-71,484
2095,-85,-72,479
2097,-86,-70,455
2098,-86,-71,427
2100,-86,-72,391
2102,-86,-73,362
2103,-86,-71,327
2105,-86,-73,296
2107,-85,-71,266
2108,-88,-68,244
2110,-86,-70,223
2112,-86,-71,205
2114,-86,-68,196
2115,-86,-68,188
2117,-89,-67,182
2119,-86,-67,184
2120,-86,-69,193
2122,-86,-67,203
2124,-86,-69,219
2125,-86,-70,240
2127,-86,-72,268
2129,-86,-70,296
2131,-88,-69,335
2132,-86,-69,367
2135,-86,-70,404
2137,-86,-73,437
2138,-88,-73,467
2140,-86,-70,482
2142,-85,-74,491
2143,-86,-74,484
2145,-89,-72,472
2147,-86,-73,447
2149,-85,-70,418
2150,-86,-70,382
2152,-89,-70,349
2154,-86,-71,316
2155,-88,-70,288
2157,-86,-72,259
2159,-86,-68,236
2160,-86,-71,220
2162,-86,-69,199
2164,-85,-71,191
2165,-86,-69,185
2167,-86,-70,183
2169,-84,-69,189
2171,-86,-69,197
2172,-86,-69,206
2174,-86,-68,226
2177,-86,-68,244
2178,-86,-70,278
2180,-86,-71,306
2182,-86,-73,344
2183,-86,-72,378
2185,-86,-70,418
2187,-86,-72,445
2189,-86,-74,471
2190,-86,-72,485
2192,-86,-71,489
2194,-86,-74,483
2195,-86,-73,468
2197,-86,-72,440
2199,-86,-71,411
2200,-86,-71,371
2202,-86,-74,340
2204,-86,-69,306
2206,-88,-69,276
2207,-86,-71,252
2209,-85,-71,231
2211,-86,-70,213
2212,-86,-69,200
2214,-86,-69,191
2216,-86,-69,183
2217,-85,-71,188
2220,-84,-69,190
2222,-86,-70,196
2224,-86,-70,214
2225,-86,-68,228
2227,-86,-72,258
2229,-86,-71,285
2230,-86,-71,316
2232,-86,-71,355
2234,-85,-73,387
2236,-86,-72,426
2237,-86,-73,453
2239,-86,-73,477
2241,-85,-71,492
2242,-86,-74,489
2244,-86,-73,480
2246,-84,-74,456
2247,-86,-73,433
2249,-86,-72,402
2251,-86,-72,364
2252,-86,-70,332
2254,-86,-71,295
2256,-86,-71,274
2258,-86,-70,243
2259,-85,-70,225
2262,-86,-69,205
2264,-86,-68,196
2265,-86,-70,191
2267,-86,-68,186
2269,-86,-70,185
2270,-86,-70,191
2272,-86,-68,200
2274,-85,-70,218
2276,-86,-71,241
2277,-88,-68,266
2279,-85,-70,294
2281,-86,-73,323
2282,-86,-71,365
2284,-86,-73,398
2286,-89,-69,432
2287,-86,-71,459
2289,-86,-69,477
2291,-86,-74,487
2293,-86,-72,484
2294,-86,-73,472
2296,-86,-72,445
2298,-86,-72,423
2299,-86,-71,389
2301,-86,-72,351
2304,-86,-71,322
2305,-86,-71,286
2307,-85,-71,262
2309,-86,-70,236
2311,-86,-71,222
2312,-86,-69,204
2314,-86,-70,196
2316,-86,-69,188
2317,-86,-68,188
2319,-86,-71,188
2321,-86,-72,195
2322,-86,-72,205
2324,-86,-70,222
2326,-86,-71,245
2328,-88,-69,277
2329,-86,-70,305
2331,-86,-71,341
2333,-86,-73,378
2334,-88,-71,409
2336,-86,-71,445
2338,-88,-72,465
2339,-86,-73,483
2341,-86,-73,489
2343,-86,-72,484
2345,-86,-72,468
2347,-86,-69,440
2349,-88,-72,415
2351,-88,-69,376
2352,-86,-72,344
2354,-86,-69,314
2356,-86,-71,279
2357,-86,-68,255
2359,-85,-70,229
2361,-86,-71,214
2363,-86,-68,203
2364,-83,-72,193
2366,-86,-67,185
2368,-86,-70,184
2369,-86,-70,189
2371,-86,-70,196
2373,-86,-69,207
2374,-86,-71,230
2376,-86,-69,251
2378,-86,-71,283
2380,-86,-73,313
2381,-86,-73,350
2383,-86,-74,383
2385,-86,-69,424
2386,-86,-69,449
2388,-86,-73,473
2391,-86,-74,487
2392,-86,-73,489
2394,-89,-69,476
2396,-86,-73,460
2398,-86,-74,430
2399,-86,-73,401
2401,-86,-72,362
2403,-88,-72,334
2404,-86,-71,298
2406,-88,-72,272
2408,-86,-70,249
2409,-86,-70,225
2411,-86,-67,214
2413,-86,-71,195
2415,-86,-69,188
2416,-86,-70,188
2418,-86,-68,185
2420,-85,-68,190
2421,-86,-69,201
2423,-86,-68,215
2425,-85,-70,232
2426,-86,-72,257
2428,-86,-70,291
2430,-86,-70,323
2433,-85,-71,364
2434,-86,-72,396
2436,-86,-73,432
2438,-86,-72,457
2439,-88,-73,480
2441,-86,-71,488
2443,-85,-73,490
2444,-86,-74,476
2446,-86,-70,454
2448,-88,-70,422
2450,-88,-71,394
2451,-86,-72,358
2453,-86,-71,323
2455,-86,-72,288
2456,-86,-70,264
2458,-86,-69,240
2460,-86,-71,222
2461,-86,-68,205
2463,-85,-71,195
2465,-85,-71,188
2467,-86,-71,188
2468,-86,-71,188
2470,-86,-70,191
2472,-86,-71,207
2473,-86,-70,220
2476,-86,-71,241
2478,-88,-70,270
2479,-86,-73,300
2481,-86,-72,333
2483,-86,-70,372
2485,-86,-73,407
2486,-86,-71,443
2488,-86,-73,465
2490,-88,-74,483
2491,-86,-69,490
2493,-86,-72,482
2495,-86,-70,470
2496,-86,-72,442
2498,-86,-71,415
2500,-86,-72,382
2502,-86,-71,347
2503,-86,-71,318
2505,-86,-70,282
2507,-86,-73,259
2508,-86,-71,231
2510,-86,-70,216
2512,-86,-69,200
2513,-86,-69,194
2515,-86,-70,184
2518,-85,-68,188
2520,-85,-69,188
2521,-86,-70,194
2523,-86,-70,205
2525,-86,-72,227
2526,-86,-68,250
2528,-86,-70,278
2530,-86,-72,311
2531,-86,-72,348
2533,-86,-71,383
2535,-86,-72,414
2537,-86,-71,449
2538,-88,-72,472
2540,-86,-73,486
2542,-86,-73,491
2543,-86,-71,479
2545,-86,-71,465
2547,-86,-73,436
2548,-86,-72,407
2550,-86,-72,373
2552,-85,-71,338
2554,-91,-70,306
2555,-85,-71,273
2557,-86,-71,250
2560,-86,-72,228
2561,-86,-70,212
2563,-86,-70,201
2565,-85,-70,188
2566,-86,-71,182
2568,-86,-70,182
2570,-86,-68,188
2572,-85,-69,199
2573,-89,-68,213
2575,-86,-69,233
2577,-86,-72,257
2578,-86,-69,288
2580,-86,-69,318
2582,-86,-71,357
2583,-86,-74,393
2585,-86,-71,431
2587,-86,-71,455
2589,-86,-74,476
2590,-86,-72,488
2592,-86,-74,487
2594,-86,-70,476
2595,-89,-72,458
2597,-86,-72,425
2599,-88,-71,395
2600,-86,-72,359
2603,-86,-72,328
2605,-86,-72,298
2607,-86,-70,262
2608,-86,-71,243
2610,-86,-71,220
2612,-84,-69,208
2613,-86,-70,196
2615,-85,-71,190
2617,-86,-69,188
2618,-86,-70,186
2620,-86,-67,189
2622,-86,-70,203
2624,-86,-68,221
2625,-85,-72,240
2627,-86,-69,262
2629,-86,-72,297
2630,-90,-70,331
2632,-86,-71,370
2634,-86,-72,404
2635,-86,-72,441
2637,-86,-71,463
2639,-86,-73,482
2641,-86,-72,488
2642,-86,-73,486
2644,-86,-73,473
2647,-86,-72,450
2648,-86,-71,414
2650,-86,-74,386
2652,-86,-71,348
2653,-86,-71,318
2655,-86,-71,285
2657,-86,-71,258
2659,-86,-72,234
2660,-86,-70,215
2662,-85,-70,203
2664,-86,-69,194
2665,-85,-71,188
2667,-86,-70,184
2669,-86,-68,186
2670,-86,-69,191
2672,-85,-70,207
2674,-86,-71,225
2676,-86,-67,247
2677,-86,-71,270
2679,-86,-70,310
2681,-86,-70,340
2682,-86,-73,380
2684,-86,-70,412
2686,-86,-73,449
2688,-86,-74,469
2690,-86,-73,485
2692,-86,-73,488
2694,-86,-71,481
2695,-86,-72,467
2697,-86,-74,442
2699,-86,-73,412
2700,-86,-73,376
2702,-86,-71,340
2704,-86,-72,311
2705,-86,-71,277
2707,-89,-70,252
2709,-86,-70,228
2711,-86,-73,216
2712,-86,-71,196
2714,-86,-70,193
2716,-86,-68,188
2717,-86,-69,188
2719,-86,-68,190
2721,-85,-71,199
2722,-86,-69,208
2724,-86,-71,230
2726,-86,-69,253
2728,-86,-69,284
2729,-90,-68,318
2732,-86,-74,350
2734,-86,-73,391
2735,-86,-71,422
2737,-86,-74,454
2739,-86,-74,476
2740,-86,-71,488
2742,-86,-71,487
2744,-86,-71,476
2746,-88,-73,458
2747,-88,-72,430
2749,-89,-71,398
2751,-86,-72,366
2752,-86,-70,328
2754,-86,-71,299
2756,-86,-68,271
2757,-86,-72,248
2759,-83,-71,224
2761,-86,-70,210
2763,-86,-72,195
2764,-85,-72,191
2766,-86,-69,183
2768,-86,-67,188
2769,-86,-69,192
2771,-86,-70,201
2774,-86,-68,214
2775,-86,-69,240
2777,-86,-71,261
2779,-88,-69,293
2781,-86,-72,327
2782,-86,-73,365
2784,-88,-71,402
2786,-86,-70,436
2787,-86,-73,461
2789,-86,-71,479
2791,-86,-74,489
2792,-86,-74,488
2794,-89,-69,473
2796,-88,-68,451
2798,-89,-71,421
2799,-86,-72,392
2801,-86,-74,354
2803,-86,-71,320
2804,-86,-70,292
2806,-86,-70,260
2808,-86,-70,240
2809,-86,-70,220
2811,-86,-69,204
2813,-85,-71,191
2816,-85,-69,188
2817,-89,-67,185
2819,-84,-69,188
2821,-86,-69,192
2822,-86,-70,205
2824,-86,-70,220
2826,-85,-68,243
2827,-86,-69,269
2829,-86,-69,306
2831,-86,-71,337
2833,-86,-71,378
2834,-85,-72,411
2836,-86,-71,444
2838,-86,-73,469
2839,-86,-73,486
2841,-86,-74,488
2843,-86,-73,484
2844,-86,-73,469
2846,-86,-74,444
2848,-86,-74,412
2850,-86,-72,379
2851,-88,-69,343
2853,-86,-70,313
2855,-86,-71,280
2856,-88,-70,253
2859,-85,-71,234
2861,-85,-71,213
2862,-86,-71,200
2864,-86,-70,191
2866,-86,-68,188
2868,-86,-69,183
2869,-84,-68,188
2871,-86,-71,195
2873,-86,-70,209
2874,-88,-71,228
2876,-86,-70,252
2878,-86,-70,284
2879,-88,-72,314
2881,-89,-71,347
2883,-86,-72,388
2885,-86,-71,418
2886,-86,-74,452
2888,-86,-72,475
2890,-86,-71,485
2891,-86,-71,489
2893,-86,-72,478
2895,-86,-70,461
2896,-86,-73,437
2898,-86,-73,402
2900,-86,-73,370
2903,-88,-72,333
2904,-88,-69,305
2906,-86,-72,274
2908,-86,-70,248
2909,-86,-70,229
2911,-86,-70,212
2913,-86,-70,198
2914,-86,-71,191
2916,-86,-70,185
2918,-86,-71,183
2920,-85,-73,190
2921,-86,-69,200
2923,-86,-68,216
2925,-86,-70,236
2926,-86,-68,258
2928,-86,-69,292
2930,-86,-72,324
2931,-86,-70,354
2933,-89,-70,395
2935,-86,-70,428
2937,-86,-73,457
2938,-86,-72,479
2940,-86,-71,487
2942,-86,-74,487
2944,-86,-71,474
2946,-88,-73,453
2948,-88,-71,422
2949,-86,-72,394
2951,-86,-72,361
2953,-86,-74,325
2955,-86,-70,295
2956,-86,-71,266
2958,-88,-71,242
2960,-86,-69,220
2961,-86,-71,206
2963,-86,-68,196
2965,-86,-69,189
2966,-86,-69,185
2968,-86,-70,182
2970,-86,-69,191
2972,-86,-70,205
2973,-86,-70,219
2975,-86,-70,242
2977,-86,-71,267
2978,-86,-70,300
2980,-86,-71,335
2982,-88,-72,376
2983,-86,-73,408
2985,-86,-71,434
2988,-86,-73,463
2990,-86,-72,482
2991,-86,-70,488
2993,-86,-71,485
2995,-86,-70,468
2996,-88,-71,447
2998,-86,-74,412
3000,-86,-72,380
3001,-86,-72,345
3003,-86,-72,314
3005,-86,-70,286
3007,-86,-71,258
3008,-88,-69,236
3010,-85,-70,216
3012,-86,-69,203
3013,-86,-68,191
3015,-85,-70,188
3017,-86,-69,184
3018,-85,-71,188
3020,-86,-68,195
3022,-86,-70,208
3024,-85,-68,223
3025,-86,-71,248
3027,-88,-70,278
3030,-85,-72,310
3031,-88,-71,346
3033,-86,-71,384
3035,-86,-71,415
3036,-86,-71,450
3038,-86,-68,470
3040,-86,-74,484
3042,-86,-71,488
3043,-86,-72,481
3045,-88,-71,464
3047,-86,-74,438
3048,-86,-73,404
3050,-86,-70,371
3052,-86,-68,334
3053,-86,-70,306
3055,-86,-69,272
3057,-86,-72,251
3059,-86,-71,231
3060,-86,-66,211
3062,-86,-68,200
3064,-86,-69,189
3065,-85,-70,186
3067,-86,-66,186
3069,-86,-69,188
3070,-86,-68,201
3073,-85,-72,214
3075,-86,-72,235
3077,-86,-71,258
3078,-86,-70,284
3080,-86,-74,323
3082,-86,-71,356
3083,-88,-69,395
3085,-86,-71,424
3087,-88,-70,457
3088,-86,-71,476
3090,-86,-71,490
3092,-85,-74,485
3094,-86,-74,474
3095,-88,-72,458
3097,-86,-74,429
3099,-86,-73,394
3100,-86,-71,361
3102,-86,-71,325
3104,-86,-70,298
3105,-86,-71,264
3107,-85,-73,243
3109,-86,-72,224
3111,-86,-70,207
3112,-86,-70,198
3115,-86,-69,188
3117,-86,-70,183
3118,-85,-68,188
3120,-86,-71,191
3122,-86,-72,207
3123,-86,-69,216
3125,-85,-71,243
3127,-86,-68,266
3129,-86,-68,301
3130,-86,-70,331
3132,-86,-73,366
3134,-86,-71,403
3135,-86,-74,436
3137,-85,-74,463
3139,-88,-72,482
3140,-88,-73,488
3142,-86,-73,484
3144,-86,-72,469
3146,-86,-74,450
3147,-86,-73,413
3149,-86,-72,383
3151,-86,-72,353
3152,-86,-70,317
3154,-89,-70,288
3156,-86,-70,257
3158,-89,-70,237
3160,-84,-71,218
3162,-86,-71,203
3164,-86,-70,191
3165,-86,-69,185
3167,-86,-70,184
3169,-86,-71,186
3170,-84,-70,195
3172,-84,-71,207
3174,-86,-68,220
3175,-86,-71,248
3177,-86,-70,274
3179,-86,-71,310
3181,-86,-72,345
3182,-86,-72,381
3184,-86,-72,414
3186,-86,-72,449
3187,-86,-71,473
3189,-86,-73,483
3191,-86,-72,490
3193,-86,-71,481
3194,-88,-73,463
3196,-86,-72,442
3198,-86,-70,406
3200,-86,-71,377
3202,-86,-72,340
3204,-86,-72,310
3205,-85,-71,284
3207,-85,-71,252
3209,-86,-69,230
3210,-88,-72,215
3212,-86,-68,200
3214,-85,-70,188
3216,-86,-69,188
3217,-86,-70,185
3219,-86,-71,189
3221,-86,-69,195
3222,-86,-70,212
3224,-86,-70,228
3226,-90,-71,255
3227,-86,-67,284
3229,-86,-70,317
3231,-86,-72,352
3233,-86,-72,393
3234,-86,-71,423
3236,-86,-72,457
3238,-86,-71,475
3239,-86,-73,487
3241,-86,-72,490
3244,-88,-70,478
3245,-88,-74,461
3247,-88,-71,433
3249,-86,-72,396
3251,-86,-73,366
3252,-86,-72,327
3254,-86,-71,299
3256,-86,-72,271
3257,-86,-72,247
3259,-86,-70,225
3261,-86,-72,208
3262,-86,-71,196
3264,-86,-68,188
3266,-86,-68,188
3268,-86,-68,188
3269,-85,-69,191
3271,-86,-71,203
3273,-86,-70,218
3274,-86,-70,239
3276,-86,-74,264
3278,-86,-71,292
3279,-86,-70,330
3281,-84,-71,363
3283,-86,-72,404
3286,-86,-74,432
3287,-86,-74,463
3289,-88,-71,481
3291,-86,-73,490
3292,-85,-73,488
3294,-88,-73,476
3296,-86,-72,450
3297,-89,-72,423
3299,-86,-73,387
3301,-86,-71,355
3303,-86,-71,317
3304,-90,-71,291
3306,-86,-71,261
3308,-86,-69,239
3309,-86,-70,219
3311,-85,-70,204
3313,-86,-70,194
3314,-86,-67,188
3316,-86,-68,185
3318,-84,-69,186
3320,-86,-69,190
3321,-86,-69,205
3323,-86,-71,225
3325,-86,-70,245
3326,-90,-70,272
3329,-86,-71,306
3331,-86,-68,340
3332,-86,-73,373
3334,-86,-70,412
3336,-86,-72,439
3338,-86,-72,473
3339,-86,-73,483
3341,-86,-73,490
3343,-89,-73,486
3344,-88,-72,465
3346,-88,-73,445
3348,-86,-72,411
3349,-86,-69,380
3351,-88,-71,348
3353,-86,-70,311
3355,-86,-69,284
3356,-86,-71,251
3358,-83,-72,234
3360,-86,-69,215
3361,-86,-67,200
3363,-85,-69,191
3365,-85,-69,185
3366,-85,-70,183
3368,-86,-69,188
3371,-86,-68,195
3373,-85,-71,207
3374,-86,-73,225
3376,-86,-71,252
3378,-86,-70,282
3379,-88,-69,314
3381,-86,-71,349
3383,-86,-73,389
3384,-86,-74,419
3386,-86,-71,447
3388,-86,-71,474
3390,-86,-74,486
3391,-88,-73,490
3393,-86,-71,478
3395,-86,-71,459
3396,-86,-74,436
3398,-86,-72,400
3400,-86,-72,368
3401,-88,-69,341
3403,-86,-72,302
3405,-85,-69,275
3407,-86,-68,248
3408,-86,-70,227
3410,-86,-67,212
3412,-86,-70,199
3414,-85,-70,189
3416,-86,-68,185
3418,-85,-69,188
3419,-86,-69,189
3421,-86,-70,200
3423,-86,-70,215
3425,-84,-72,233
3426,-86,-68,259
3428,-86,-71,289
3430,-86,-71,328
3431,-86,-72,359
3433,-86,-71,401
3435,-86,-71,430
3436,-86,-72,461
3438,-86,-71,482
3440,-86,-72,489
3442,-89,-72,488
3443,-85,-74,473
3445,-86,-73,453
3447,-86,-70,426
3448,-88,-71,391
3450,-86,-71,362
3452,-86,-69,322
3453,-86,-69,296
3456,-86,-72,267
3458,-86,-70,242
3460,-86,-69,224
3461,-86,-68,205
3463,-86,-72,194
3465,-85,-69,189
3466,-86,-68,185
3468,-86,-70,185
3470,-86,-70,193
3471,-86,-68,203
3473,-86,-68,221
3475,-86,-68,239
3477,-86,-67,268
3478,-86,-68,298
3480,-86,-73,335
3482,-86,-72,370
3483,-86,-70,409
3485,-86,-74,438
3487,-85,-73,466
3488,-86,-71,482
3490,-86,-73,490
3492,-86,-73,485
3494,-86,-72,473
3495,-86,-70,446
3497,-86,-70,417
3500,-86,-73,382
3501,-86,-72,348
3503,-86,-72,314
3505,-86,-71,287
3506,-86,-71,258
3508,-86,-69,234
3510,-86,-67,215
3512,-88,-69,203
3513,-86,-68,194
3515,-86,-70,184
3517,-86,-71,184
3518,-86,-70,189
3520,-86,-72,194
3522,-84,-71,210
3523,-86,-70,226
3525,-86,-70,250
3527,-86,-70,279
3529,-86,-74,314
3530,-86,-71,344
3532,-86,-72,380
3534,-86,-71,420
3535,-86,-73,444
3537,-86,-73,473
3539,-86,-73,487
3540,-86,-74,489
3543,-88,-73,482
3545,-86,-71,460
3547,-86,-74,438
3548,-86,-72,408
3550,-86,-71,371
3552,-86,-72,340
3553,-86,-70,304
3555,-85,-72,276
3557,-86,-70,250
3558,-86,-70,230
3560,-86,-67,210
3562,-84,-70,202
3564,-86,-70,188
3565,-86,-70,184
3567,-86,-68,185
3569,-86,-69,188
3570,-86,-67,196
3572,-86,-69,214
3574,-86,-68,231
3575,-86,-72,259
3577,-86,-72,285
3579,-86,-70,323
3581,-86,-70,355
3582,-86,-70,395
3585,-86,-72,427
3587,-88,-71,454
3588,-86,-73,478
3590,-86,-74,486
3592,-86,-73,488
3593,-86,-73,480
3595,-89,-71,454
3597,-86,-71,428
3599,-86,-71,395
3600,-88,-71,363
3602,-86,-74,324
3604,-86,-72,294
3605,-86,-71,270
3607,-86,-71,247
3609,-85,-71,224
3610,-84,-73,210
3612,-86,-74,197
3614,-83,-70,191
3616,-85,-71,188
3617,-85,-71,188
3619,-86,-69,192
3621,-85,-71,204
3622,-86,-71,219
3624,-86,-70,239
3627,-86,-70,268
3628,-85,-71,294
3630,-86,-71,332
3632,-85,-73,364
3634,-86,-72,405
3635,-86,-74,439
3637,-86,-73,464
3639,-86,-74,478
3640,-86,-70,487
3642,-85,-72,483
3644,-86,-72,475
3645,-86,-72,450
3647,-86,-73,417
3649,-89,-73,384
3651,-86,-72,352
3652,-86,-71,315
3654,-86,-71,284
3656,-86,-72,257
3657,-86,-68,235
3659,-86,-73,219
3661,-85,-70,203
3662,-86,-67,194
3664,-86,-70,186
3666,-86,-70,184
3668,-86,-68,188
3670,-85,-70,191
3672,-86,-70,206
3674,-86,-73,225
3675,-86,-70,247
3677,-85,-72,276
3679,-86,-73,313
3681,-86,-72,343
3682,-86,-71,377
3684,-90,-72,415
3686,-86,-73,444
3687,-86,-73,470
3689,-86,-72,486
3691,-86,-69,490
3692,-86,-73,483
3694,-86,-72,464
3696,-90,-71,444
3697,-86,-72,409
3699,-86,-72,372
3701,-86,-70,345
3703,-86,-74,308
3704,-86,-71,281
3706,-86,-71,249
3708,-86,-70,230
3709,-86,-72,210
3712,-86,-69,199
3714,-85,-71,191
3715,-85,-70,184
3717,-86,-68,184
3719,-86,-69,188
3721,-86,-70,195
3722,-86,-68,212
3724,-86,-69,226
3726,-86,-71,256
3727,-86,-71,284
3729,-86,-70,321
3731,-85,-72,356
3732,-86,-73,387
3734,-86,-72,428
3736,-86,-70,449
3738,-86,-74,479
3739,-86,-73,487
3741,-86,-73,488
3743,-88,-74,480
3744,-86,-71,456
3746,-86,-74,430
3748,-86,-73,395
3749,-86,-70,364
3751,-86,-73,332
3753,-86,-71,299
3756,-88,-70,273
3757,-86,-70,244
3759,-86,-71,226
3761,-86,-71,205
3762,-86,-68,195
3764,-86,-68,189
3766,-84,-70,183
3767,-84,-68,186
3769,-86,-67,190
3771,-86,-71,201
3773,-88,-68,215
3774,-86,-72,236
3776,-86,-72,264
3778,-86,-70,295
3779,-86,-71,331
3781,-86,-71,364
3783,-86,-74,404
3784,-86,-73,432
3786,-85,-73,462
3788,-86,-72,482
3790,-86,-74,488
3791,-86,-72,484
3793,-89,-71,473
3795,-86,-71,450
3796,-86,-69,424
3799,-88,-70,384
3801,-86,-74,355
3802,-86,-71,316
3804,-86,-70,291
3806,-86,-71,260
3808,-88,-68,241
3809,-86,-69,221
3811,-86,-70,202
3813,-86,-70,195
3814,-84,-69,186
3816,-85,-70,184
3818,-86,-72,188
3819,-86,-68,192
3821,-86,-70,205
3823,-86,-70,221
3825,-86,-71,243
3826,-86,-70,275
3828,-86,-72,300
3830,-86,-73,344
3831,-86,-73,375
3833,-86,-71,412
3835,-86,-71,440
3836,-86,-72,472
3838,-86,-72,484
3841,-86,-74,487
3843,-86,-72,486
3844,-88,-71,470
3846,-86,-70,441
3848,-86,-74,414
3849,-84,-74,375
3851,-86,-72,346
3853,-86,-71,308
3854,-88,-70,283
3856,-86,-72,252
3858,-85,-70,233
3860,-86,-70,213
3861,-86,-72,203
3863,-86,-70,193
3865,-85,-67,188
3866,-86,-68,188
3868,-85,-69,188
3870,-85,-71,195
3871,-86,-68,212
3873,-86,-70,226
3875,-86,-67,254
3877,-86,-71,279
3878,-89,-71,311
3880,-84,-73,350
3883,-89,-72,383
3884,-86,-71,421
3886,-86,-72,449
3888,-86,-73,476
3889,-86,-72,486
3891,-88,-71,488
3893,-86,-74,479
3895,-86,-72,465
3896,-88,-72,436
3898,-86,-73,405
3900,-86,-72,368
3901,-85,-73,337
3903,-88,-73,303
3905,-86,-70,273
3906,-86,-70,247
3908,-86,-70,228
3910,-86,-70,207
3912,-86,-71,197
3913,-86,-70,191
3915,-86,-69,185
3917,-86,-69,188
3918,-86,-70,192
3920,-86,-71,199
3922,-88,-68,215
3923,-86,-69,233
3926,-86,-70,262
3928,-86,-71,292
3930,-86,-72,327
3931,-86,-74,362
3933,-86,-73,394
3935,-88,-74,434
3936,-86,-70,457
3938,-86,-73,480
3940,-86,-73,489
3941,-89,-71,488
3943,-86,-74,476
3945,-86,-73,450
3947,-86,-74,424
3948,-89,-71,396
3950,-86,-69,356
3952,-86,-71,330
3953,-88,-68,291
3955,-86,-71,265
3957,-86,-70,238
3958,-86,-72,221
3960,-86,-69,206
3962,-85,-70,197
3964,-86,-71,188
3965,-86,-68,188
3968,-86,-68,188
3970,-86,-68,194
3971,-86,-70,202
3973,-86,-70,222
3975,-89,-68,239
3976,-86,-70,269
3978,-86,-69,300
3980,-86,-72,337
3982,-86,-70,369
3983,-88,-70,411
3985,-86,-72,440
3987,-86,-73,465
3988,-86,-72,484
3990,-86,-74,489
3992,-89,-73,485
3993,-86,-71,471
3995,-86,-73,444
3997,-88,-73,415
3999,-86,-68,381
4000,-86,-73,348
4002,-86,-72,313
4004,-86,-71,283
4005,-85,-71,257
4007,-86,-71,233
4009,-86,-70,215
4011,-86,-70,200
4013,-86,-70,194
4015,-86,-68,185
4017,-85,-69,184
4018,-86,-70,188
4020,-85,-68,191
4022,-85,-69,208
4023,-86,-73,227
4025,-86,-71,250
4027,-86,-69,280
4028,-88,-73,310
4030,-88,-70,348
4032,-86,-71,380
4034,-86,-74,422
4035,-88,-71,450
4037,-86,-74,473
4039,-86,-73,486
4040,-86,-72,488
4042,-86,-73,481
4044,-86,-72,462
4045,-86,-74,439
4047,-89,-71,408
4049,-86,-70,367
4051,-86,-73,339
4052,-86,-70,304
4055,-85,-71,274
4057,-86,-71,250
4058,-85,-69,228
4060,-86,-69,212
4062,-84,-70,198
4063,-86,-69,191
4065,-83,-70,183
4067,-85,-69,188
4069,-86,-71,188
4070,-86,-69,198
4072,-86,-70,212
4074,-85,-72,232
4075,-86,-71,254
4077,-86,-71,286
4079,-86,-71,317
4080,-86,-70,358
4082,-86,-69,392
4084,-86,-74,429
4086,-86,-73,457
4087,-88,-71,478
4089,-88,-72,487
4091,-86,-74,488
4092,-86,-72,478
4094,-88,-72,459
4097,-88,-69,427
4098,-86,-73,399
4100,-86,-70,360
4102,-86,-72,331
4104,-86,-69,292
4105,-86,-70,268
4107,-86,-72,244
4109,-86,-68,223
4110,-85,-70,205
4112,-86,-67,198
4114,-86,-69,189
4115,-86,-72,186
4117,-86,-70,186
4119,-86,-70,191
4121,-86,-71,202
4122,-86,-70,220
4124,-86,-70,239
4126,-86,-69,269
4127,-86,-70,297
4129,-86,-71,335
4131,-86,-70,370
4132,-86,-71,402
4134,-86,-74,439
4136,-86,-74,463
4139,-86,-73,482
4140,-86,-74,487
4142,-86,-72,488
4144,-88,-72,475
4145,-86,-74,445
4147,-86,-73,423
4149,-86,-74,388
4150,-86,-71,348
4152,-86,-71,321
4154,-86,-70,285
4156,-86,-71,261
4157,-86,-69,233
4159,-86,-70,219
4161,-86,-69,201
4162,-86,-65,193
4164,-86,-70,185
4166,-86,-68,188
4167,-86,-69,188
4169,-85,-71,194
4171,-86,-71,205
4173,-86,-69,223
4174,-86,-69,245
4176,-86,-69,276
4178,-86,-70,306
4179,-86,-72,347
4182,-86,-70,380
4184,-86,-72,413
4185,-86,-72,444
4187,-86,-72,468
4189,-88,-70,483
4191,-88,-71,487
4192,-86,-74,482
4194,-86,-73,467
4196,-86,-73,439
4197,-86,-73,411
4199,-84,-71,371
4201,-86,-70,344
4202,-86,-71,313
4204,-85,-71,277
4206,-86,-70,252
4208,-85,-71,229
4209,-84,-72,211
4211,-86,-71,200
4213,-86,-70,189
4214,-85,-69,188
4216,-86,-67,186
4218,-86,-68,190
4219,-86,-71,196
4221,-86,-70,211
4224,-86,-73,231
4226,-86,-71,252
4227,-88,-71,285
4229,-86,-70,314
4231,-84,-72,355
4232,-88,-71,390
4234,-86,-74,426
4236,-86,-72,456
4237,-88,-69,477
4239,-86,-72,488
4241,-86,-73,489
4243,-89,-71,476
4244,-86,-73,460
4246,-86,-72,430
4248,-86,-71,400
4249,-86,-71,364
4251,-86,-71,328
4253,-86,-71,300
4254,-88,-69,271
4256,-86,-70,248
4258,-86,-70,224
4260,-86,-68,211
4261,-86,-71,199
4263,-86,-71,189
4265,-84,-69,186
4267,-84,-70,184
4269,-86,-70,192
4271,-86,-71,201
4272,-86,-70,219
4274,-86,-71,235
4276,-86,-71,259
4278,-86,-71,292
4279,-86,-68,323
4281,-86,-71,363
4283,-86,-73,399
4284,-86,-73,434
4286,-86,-74,460
4288,-86,-71,482
4289,-86,-73,490
4291,-86,-73,485
4293,-86,-72,472
4295,-86,-70,453
4296,-86,-72,420
4298,-86,-70,391
4300,-88,-74,355
4301,-89,-70,323
4303,-86,-71,287
4305,-86,-69,261
4306,-86,-71,237
4308,-85,-71,223
4311,-86,-68,202
4313,-86,-68,194
4314,-86,-68,188
4316,-86,-70,183
4318,-85,-71,188
4319,-85,-70,192
4321,-86,-71,204
4323,-86,-71,221
4324,-86,-69,245
4326,-88,-70,276
4328,-86,-71,304
4330,-86,-70,339
4331,-86,-70,376
4333,-86,-72,407
4335,-90,-71,443
4336,-86,-72,466
4338,-86,-73,481
4340,-86,-72,488
4341,-88,-71,483
4343,-86,-73,470
4345,-86,-73,444
4347,-86,-71,412
4348,-86,-72,383
4350,-86,-74,343
4353,-86,-70,316
4354,-86,-72,284
4356,-86,-71,255
4358,-86,-70,231
4359,-86,-70,219
4361,-86,-68,198
4363,-85,-69,191
4365,-86,-67,188
4366,-84,-71,184
4368,-86,-68,190
4370,-86,-69,194
4371,-86,-69,207
4373,-86,-70,226
4375,-86,-68,251
4376,-86,-71,281
4378,-86,-71,314
4380,-86,-72,352
4382,-86,-71,386
4383,-86,-74,417
4385,-86,-74,452
4387,-86,-73,472
4388,-85,-74,487
4390,-86,-73,486
4392,-86,-71,481
4393,-86,-71,464
4396,-86,-72,432
4398,-88,-73,405
4400,-86,-72,364
4401,-86,-70,335
4403,-86,-71,300
4405,-89,-71,275
4406,-86,-73,249
4408,-86,-70,225
4410,-86,-68,212
4411,-88,-67,199
4413,-86,-68,189
4415,-86,-70,184
4417,-85,-71,188
4418,-86,-69,192
4420,-86,-69,199
4422,-86,-68,216
4423,-86,-71,234
4425,-86,-70,262
4427,-86,-71,288
4429,-86,-70,319
4430,-86,-71,366
4432,-86,-72,394
4434,-89,-70,433
4435,-86,-73,457
4438,-86,-71,481
4440,-88,-69,488
4441,-86,-72,489
4443,-86,-72,472
4445,-86,-73,454
4446,-86,-71,426
4448,-86,-72,397
4450,-86,-73,359
4452,-86,-70,324
4453,-86,-70,290
4455,-86,-71,264
4457,-86,-69,240
4458,-86,-70,223
4460,-86,-69,205
4462,-86,-68,193
4463,-86,-71,189
4465,-86,-67,186
4467,-86,-70,190
4469,-86,-71,192
4470,-86,-68,205
4472,-86,-70,221
4474,-86,-70,242
4475,-86,-69,274
4477,-86,-71,300
4480,-86,-72,334
4481,-86,-71,371
4483,-86,-72,405
4485,-86,-74,441
4487,-86,-72,465
4488,-86,-74,483
4490,-86,-74,491
4492,-86,-72,487
4493,-88,-71,468
4495,-86,-72,448
4497,-86,-70,415
4498,-88,-71,386
4500,-86,-72,348
4502,-88,-70,317
4504,-86,-69,281
4505,-88,-72,260
4507,-88,-69,234
4509,-85,-71,219
4510,-85,-71,203
4512,-84,-71,191
4514,-85,-68,186
4515,-86,-70,183
4517,-86,-67,188
4519,-86,-68,195
4521,-86,-70,207
4523,-86,-70,227
4525,-86,-70,247
4527,-86,-71,279
4528,-86,-72,309
4530,-86,-74,351
4532,-88,-70,385
4533,-86,-71,414
4535,-86,-74,446
4537,-86,-71,470
4539,-86,-71,483
4540,-86,-71,487
4542,-90,-71,478
4544,-86,-73,465
4545,-86,-74,436
4547,-86,-72,405
4549,-86,-70,368
4550,-86,-71,338
4552,-86,-71,307
4554,-86,-71,278
4556,-86,-70,250
4557,-86,-71,227
4559,-86,-71,213
4561,-86,-67,196
4562,-85,-69,188
4564,-86,-70,188
4567,-86,-69,188
4568,-85,-70,189
4570,-86,-72,197
4572,-86,-68,216
4574,-88,-70,235
4575,-89,-72,253
4577,-86,-71,290
4579,-85,-72,320
4580,-86,-73,358
4582,-86,-73,391
4584,-86,-73,433
4585,-86,-71,456
4587,-86,-71,474
4589,-88,-71,487
4591,-86,-73,491
4592,-86,-72,478
4594,-86,-72,458
4596,-86,-74,426
4597,-85,-73,398
4599,-86,-72,362
4601,-86,-70,328
4602,-86,-70,298
4604,-88,-71,269
4606,-86,-71,245
4609,-86,-71,223
4610,-86,-69,208
4612,-86,-70,195
4614,-86,-69,188
4615,-86,-67,183
4617,-85,-70,185
4619,-85,-69,192
4620,-86,-72,202
4622,-88,-69,213
4624,-86,-70,240
4626,-86,-71,263
4627,-86,-71,298
4629,-86,-67,330
4631,-86,-74,367
4632,-86,-71,402
4634,-86,-71,438
4636,-86,-73,463
4637,-86,-72,484
4639,-86,-71,489
4641,-86,-72,485
4643,-86,-74,471
4644,-86,-71,449
4646,-86,-72,417
4648,-86,-73,390
4649,-86,-73,351
4652,-86,-70,319
4654,-86,-70,285
4655,-86,-69,259
4657,-86,-71,233
4659,-86,-71,220
4661,-86,-70,204
4662,-86,-70,194
4664,-86,-68,188
4666,-84,-69,183
4667,-85,-72,188
4669,-86,-71,195
4671,-85,-68,207
4672,-86,-68,226
4674,-88,-69,245
4676,-86,-70,278
4678,-86,-70,306
4679,-86,-70,340
4681,-88,-74,382
4683,-86,-72,411
4684,-86,-73,448
4686,-88,-71,472
4688,-86,-74,486
4689,-86,-72,492
4691,-86,-71,480
4694,-86,-73,466
4696,-86,-73,442
4697,-88,-73,408
4699,-88,-70,379
4701,-86,-68,337
4702,-86,-70,311
4704,-86,-70,277
4706,-86,-71,255
4707,-86,-70,231
4709,-86,-71,215
4711,-86,-68,199
4713,-85,-72,191
4714,-84,-71,188
4716,-86,-71,184
4718,-86,-69,188
4719,-86,-68,196
4721,-86,-68,211
4723,-86,-72,230
4724,-86,-70,254
4726,-85,-74,286
4728,-88,-71,317
4730,-86,-70,359
4731,-86,-74,390
4733,-88,-70,422
4736,-86,-74,454
4737,-86,-74,475
4739,-85,-74,485
4741,-86,-71,489
4742,-88,-72,476
4744,-86,-71,456
4746,-86,-69,429
4748,-86,-72,400
4749,-86,-71,362
4751,-86,-71,333
4753,-89,-73,301
4754,-86,-71,271
4756,-86,-70,247
4758,-85,-70,224
4759,-85,-71,210
4761,-86,-70,194
4763,-86,-69,188
4765,-86,-70,185
4766,-86,-73,184
4768,-86,-71,191
4770,-86,-71,199
4771,-84,-71,215
4773,-86,-70,238
4775,-86,-70,262
4776,-86,-71,295
4779,-86,-70,327
4781,-86,-72,367
4783,-86,-70,399
4784,-86,-71,436
4786,-88,-72,463
4788,-89,-73,477
4789,-86,-70,488
4791,-86,-71,488
4793,-86,-72,476
4794,-89,-72,456
4796,-85,-73,422
4798,-90,-71,390
4800,-86,-72,352
4801,-86,-73,321
4803,-86,-70,287
4805,-86,-70,259
4806,-86,-71,242
4808,-86,-72,220
4810,-86,-69,204
4811,-86,-68,194
4813,-85,-70,188
4815,-84,-71,186
4817,-86,-71,186
4818,-85,-70,195
4820,-86,-67,206
4823,-86,-67,224
4824,-86,-72,243
4826,-86,-71,267
4828,-86,-69,305
4830,-86,-69,334
4831,-86,-72,379
4833,-86,-70,408
4835,-86,-73,443
4836,-90,-70,469
4838,-86,-70,482
4840,-88,-71,490
4841,-85,-73,482
4843,-86,-74,469
4845,-86,-72,445
4847,-86,-74,413
4848,-86,-71,379
4850,-86,-71,345
4852,-86,-72,314
4853,-86,-74,280
4855,-86,-70,254
4857,-86,-68,233
4858,-86,-71,215
4860,-86,-70,199
4862,-86,-70,193
4864,-85,-73,188
4866,-85,-71,185
4868,-86,-69,188
4870,-86,-70,197
4871,-86,-71,207
4873,-86,-72,229
4875,-86,-69,252
4876,-86,-69,283
4878,-86,-70,314
4880,-86,-70,346
4881,-86,-72,387
4883,-86,-71,418
4885,-86,-70,452
4887,-86,-72,474
4888,-86,-73,487
4890,-86,-71,488
4892,-86,-72,480
4893,-86,-71,463
4895,-86,-74,433
4897,-86,-72,403
4899,-86,-72,370
4900,-88,-71,335
4902,-85,-70,305
4904,-86,-71,272
4905,-86,-71,249
4908,-84,-70,227
4910,-86,-69,209
4911,-86,-68,196
4913,-86,-69,189
4915,-86,-68,184
4916,-85,-69,185
4918,-86,-69,189
4920,-85,-71,199
4922,-86,-71,214
4923,-86,-70,236
4925,-86,-69,258
4927,-86,-72,292
4928,-86,-70,326
4930,-86,-73,362
4932,-86,-71,398
4933,-85,-74,428
4935,-86,-73,456
4937,-86,-72,476
4939,-86,-71,490
4940,-86,-74,488
4942,-88,-72,474
4944,-88,-70,452
4945,-86,-73,424
4947,-86,-71,392
4950,-86,-69,355
4951,-86,-71,322
4953,-86,-70,297
4955,-86,-70,261
4957,-86,-71,241
4958,-86,-72,223
4960,-86,-69,203
4962,-86,-68,195
4963,-84,-70,190
4965,-86,-69,182
4967,-86,-72,188
4968,-86,-70,190
4970,-86,-68,203
4972,-86,-70,220
4974,-86,-70,243
4975,-86,-72,266
4977,-86,-72,302
4979,-86,-71,336
4980,-86,-72,374
4982,-86,-73,408
4984,-88,-73,441
4985,-88,-74,466
4987,-88,-72,483
4989,-86,-73,489
4992,-88,-72,486
4993,-85,-73,471
4995,-88,-71,445
4997,-86,-73,412
4998,-86,-70,383
5000,-86,-70,345
5002,-85,-70,315
5003,-89,-72,283
5005,-86,-70,255
5007,-86,-73,238
5009,-86,-70,219
5010,-86,-67,204
5012,-84,-72,194
5014,-84,-69,185
5015,-86,-71,184
5017,-86,-71,188
5019,-86,-70,194
5020,-84,-68,208
5022,-86,-68,225
5024,-86,-72,250
5026,-86,-71,275
5027,-88,-68,313
5029,-86,-73,341
5031,-86,-69,382
5032,-85,-74,414
5035,-86,-72,450
5037,-86,-70,472
5038,-86,-73,486
5040,-86,-73,490
5042,-86,-74,480
5044,-89,-69,461
5045,-88,-69,441
5047,-90,-72,403
5049,-86,-71,372
5050,-88,-71,338
5052,-86,-71,307
5054,-86,-71,271
5055,-86,-71,251
5057,-86,-73,224
5059,-86,-69,213
5061,-86,-70,201
5062,-86,-69,192
5064,-85,-69,188
5066,-86,-70,188
5067,-85,-71,188
5069,-86,-70,199
5071,-86,-69,210
5072,-86,-70,232
5074,-85,-70,258
5076,-86,-71,284
5079,-86,-70,323
5080,-86,-71,352
5082,-86,-70,391
5084,-86,-73,422
5085,-88,-71,458
5087,-88,-72,478
5089,-86,-74,486
5090,-86,-71,488
5092,-86,-73,476
5094,-86,-72,455
5096,-90,-72,425
5097,-86,-72,395
5099,-86,-71,365
5101,-86,-70,328
5102,-86,-70,297
5104,-86,-71,263
5106,-86,-69,245
5107,-86,-70,222
5109,-86,-69,207
5111,-86,-71,197
5113,-86,-69,188
5114,-86,-68,188
5116,-84,-69,186
5118,-84,-70,189
5120,-85,-71,202
5122,-86,-71,218
5124,-86,-70,239
5125,-86,-69,264
5127,-86,-71,296
5129,-86,-70,327
5131,-86,-72,370
5132,-86,-74,405
5134,-86,-72,433
5136,-86,-72,465
5137,-86,-72,481
5139,-86,-73,488
5141,-86,-74,486
5142,-86,-71,470
5144,-86,-71,451
5146,-86,-71,416
5148,-86,-72,388
5149,-86,-74,349
5151,-86,-71,316
5153,-86,-70,291
5154,-86,-69,258
5156,-86,-71,240
5158,-86,-68,216
5159,-86,-69,205
5161,-86,-69,193
5164,-86,-69,188
5166,-86,-70,185
5167,-85,-72,188
5169,-86,-70,192
5171,-86,-70,206
5172,-85,-69,223
5174,-86,-70,249
5176,-86,-69,273
5177,-86,-72,310
5179,-86,-71,339
5181,-86,-72,382
5183,-86,-71,412
5184,-88,-71,447
5186,-86,-70,468
5188,-86,-70,486
5189,-86,-73,488
5191,-86,-73,483
5193,-86,-74,464
5194,-86,-73,441
5196,-86,-71,408
5198,-86,-73,377
5200,-86,-70,339
5201,-86,-69,311
5203,-86,-70,280
5206,-86,-72,252
5207,-86,-68,233
5209,-85,-70,212
5211,-86,-68,200
5212,-86,-70,191
5214,-86,-69,188
5216,-85,-70,188
5218,-85,-71,189
5219,-86,-70,194
5221,-86,-72,212
5223,-86,-69,232
5224,-86,-70,255
5226,-88,-70,281
5228,-86,-71,318
5229,-86,-71,351
5231,-88,-71,391
5233,-89,-71,421
5235,-86,-72,455
5236,-86,-74,474
5238,-86,-73,488
5240,-86,-73,488
5241,-85,-71,476
5243,-86,-74,459
5245,-86,-71,434
5246,-89,-72,398
5249,-86,-70,368
5251,-88,-72,332
5253,-86,-71,300
5254,-86,-71,268
5256,-86,-69,248
5258,-86,-70,224
5259,-86,-69,209
5261,-86,-70,197
5263,-86,-71,193
5264,-86,-68,188
5266,-86,-69,188
5268,-86,-72,191
5270,-86,-70,201
5271,-84,-71,215
5273,-86,-69,239
5275,-84,-71,264
5276,-86,-73,300
5278,-86,-71,325
5280,-86,-71,360
5281,-88,-71,402
5283,-86,-72,430
5285,-86,-74,462
5287,-86,-71,476
5288,-86,-74,490
5291,-86,-71,485
5293,-86,-71,472
5294,-86,-73,448
5296,-86,-73,424
5298,-89,-72,389
5299,-86,-73,357
5301,-86,-71,319
5303,-86,-71,293
5305,-86,-67,259
5306,-86,-70,242
5308,-86,-71,220
5310,-86,-71,206
5311,-86,-67,193
5313,-85,-69,188
5315,-85,-70,186
5317,-86,-67,188
5318,-86,-70,192
5320,-86,-71,207
5322,-85,-73,220
5323,-86,-72,246
5325,-86,-70,271
5327,-86,-72,307
5328,-86,-72,338
5330,-86,-72,379
5332,-86,-72,410
5334,-86,-74,444
5336,-86,-72,468
5338,-86,-71,482
5340,-86,-71,490
5341,-86,-74,487
5343,-86,-72,469
5345,-86,-71,444
5346,-86,-72,412
5348,-86,-73,380
5350,-86,-73,342
5351,-88,-74,315
5353,-86,-69,276
5355,-86,-71,253
5357,-85,-70,236
5358,-86,-71,215
5360,-86,-68,204
5362,-84,-71,190
5363,-86,-70,185
5365,-85,-69,184
5367,-86,-69,188
5369,-86,-69,197
5370,-86,-72,208
5372,-86,-69,229
5374,-88,-71,252
5376,-85,-71,280
5378,-88,-71,314
5380,-88,-69,348
5381,-86,-73,388
5383,-86,-74,418
5385,-88,-72,452
5386,-86,-70,476
5388,-86,-71,484
5390,-86,-74,491
5392,-89,-70,477
5393,-86,-72,462
5395,-86,-73,438
5397,-86,-70,403
5398,-86,-71,370
5400,-86,-71,332
5402,-86,-72,304
5403,-85,-70,270
5405,-85,-70,248
5407,-86,-71,226
5409,-85,-71,210
5410,-85,-70,200
5412,-86,-67,189
5414,-86,-70,185
5415,-86,-71,188
5417,-86,-68,190
5420,-86,-68,200
5421,-86,-69,216
5423,-85,-72,237
5425,-86,-72,256
5427,-86,-70,292
5428,-86,-71,323
5430,-86,-70,354
5432,-86,-70,400
5433,-86,-73,426
5435,-84,-74,461
5437,-86,-72,478
5438,-88,-71,488
5440,-86,-73,489
5442,-86,-74,476
5444,-86,-73,455
5445,-85,-72,428
5447,-86,-68,395
5449,-86,-70,360
5450,-86,-72,322
5452,-86,-71,291
5454,-86,-68,264
5455,-90,-69,244
5457,-86,-71,220
5459,-86,-69,208
5462,-86,-70,190
5463,-85,-69,190
5465,-86,-71,184
5467,-86,-69,188
5468,-86,-70,191
5470,-86,-70,204
5472,-86,-68,220
5473,-86,-69,244
5475,-86,-69,267
5477,-88,-73,304
5479,-86,-73,332
5480,-86,-71,374
5482,-86,-73,405
5484,-86,-74,442
5485,-86,-72,465
5487,-86,-72,480
5489,-86,-71,490
5490,-86,-72,488
5492,-86,-74,470
5494,-86,-71,449
5496,-88,-73,413
5497,-86,-71,383
5499,-88,-73,347
5501,-89,-69,315
5502,-88,-73,282
5505,-88,-70,257
5507,-86,-70,235
5509,-86,-70,216
5510,-85,-71,200
5512,-86,-68,190
5514,-86,-69,188
5515,-86,-68,188
5517,-83,-70,188
5519,-86,-72,196
5520,-86,-73,207
5522,-86,-72,227
5524,-86,-72,249
5526,-86,-70,276
5527,-86,-70,308
5529,-86,-70,342
5531,-86,-74,385
5532,-86,-69,413
5534,-86,-72,450
5536,-86,-71,474
5537,-86,-72,487
5539,-86,-73,488
5541,-86,-72,482
5542,-86,-73,461
5544,-86,-73,439
5547,-88,-74,405
5549,-86,-72,374
5550,-86,-73,336
5552,-86,-72,306
5554,-86,-69,274
5555,-86,-69,252
5557,-86,-70,230
5559,-86,-68,211
5560,-86,-71,201
5562,-86,-68,188
5564,-86,-70,186
5566,-86,-70,183
5567,-86,-70,188
5569,-86,-71,201
5571,-86,-71,211
5572,-86,-68,233
5574,-86,-71,258
5576,-86,-72,284
5577,-86,-71,320
5579,-86,-71,354
5581,-86,-74,393
5583,-88,-70,425
5584,-88,-73,456
5586,-86,-71,476
5588,-86,-74,488
5590,-86,-73,487
5592,-86,-72,476
5594,-85,-71,456
5595,-86,-72,430
5597,-86,-73,394
5599,-88,-72,366
5601,-86,-70,327
5602,-86,-70,299
5604,-86,-68,269
5606,-86,-68,244
5607,-86,-70,221
5609,-84,-70,210
5611,-86,-70,197
5612,-88,-69,188
5614,-86,-70,188
5616,-86,-69,185
5618,-86,-70,191
5619,-86,-70,206
5621,-85,-68,219
5623,-86,-69,241
5624,-89,-70,264
5626,-86,-71,299
5628,-86,-67,328
5629,-86,-71,363
5632,-86,-73,403
5634,-86,-72,433
5636,-86,-72,464
5637,-86,-72,482
5639,-86,-72,488
5641,-89,-74,490
5642,-89,-72,474
5644,-86,-72,449
5646,-86,-72,413
5647,-86,-72,386
5649,-86,-71,354
5651,-84,-72,316
5653,-86,-71,289
5654,-88,-69,258
5656,-86,-69,238
5658,-86,-71,219
5659,-86,-70,201
5661,-86,-71,192
5663,-86,-68,188
5664,-86,-69,182
5666,-86,-70,185
5668,-86,-70,193
5670,-84,-71,208
5671,-86,-72,223
5673,-86,-70,247
5676,-86,-69,274
5677,-89,-71,308
5679,-85,-73,342
5681,-86,-70,380
5682,-85,-72,412
5684,-86,-74,444
5686,-89,-72,472
5688,-86,-71,483
5689,-86,-72,487
5691,-86,-73,485
5693,-86,-70,464
5694,-86,-71,443
5696,-86,-74,410
5698,-88,-73,373
5699,-86,-71,340
5701,-86,-72,309
5703,-86,-70,280
5705,-86,-71,253
5706,-86,-71,232
5708,-86,-73,214
5710,-86,-73,200
5711,-86,-68,191
5713,-85,-70,188
5715,-86,-68,183
5716,-85,-69,188
5719,-85,-71,197
5721,-86,-70,212
5723,-86,-70,232
5724,-86,-71,252
5726,-86,-70,280
5728,-86,-70,317
5729,-90,-69,350
5731,-86,-71,390
5733,-86,-70,420
5734,-86,-71,453
5736,-89,-71,475
5738,-86,-72,483
5740,-85,-73,488
5741,-86,-71,482
5743,-86,-72,458
5745,-86,-70,434
5746,-86,-72,398
5748,-88,-71,367
5750,-86,-74,330
5751,-86,-69,300
5753,-85,-70,270
5755,-86,-69,245
5757,-86,-73,221
5758,-86,-72,210
5761,-86,-71,197
5763,-86,-71,188
5764,-88,-64,188
5766,-86,-70,185
5768,-84,-70,192
5769,-86,-68,199
5771,-86,-68,213
5773,-86,-70,237
5775,-85,-71,258
5776,-86,-71,290
5778,-86,-71,327
5780,-86,-69,364
5781,-86,-71,402
5783,-86,-72,430
5785,-90,-72,461
5786,-86,-73,477
5788,-86,-70,488
5790,-86,-74,487
5792,-86,-72,472
5793,-86,-72,448
5795,-86,-73,419
5797,-84,-73,389
5798,-88,-71,357
5800,-86,-71,320
5803,-86,-70,292
5804,-86,-71,259
5806,-86,-68,241
5808,-86,-70,220
5810,-86,-70,206
5811,-86,-70,192
5813,-86,-68,185
5815,-86,-69,184
5816,-86,-69,188
5818,-86,-71,190
5820,-86,-69,204
5821,-85,-70,220
5823,-85,-68,245
5825,-86,-68,270
5827,-86,-71,307
5828,-86,-71,338
5830,-88,-71,380
5832,-86,-71,412
5833,-86,-71,439
5835,-86,-73,468
5837,-86,-72,485
5838,-86,-73,489
5840,-86,-73,485
5842,-88,-73,466
5844,-86,-72,442
5846,-86,-71,413
5848,-86,-74,377
5850,-86,-74,340
5851,-86,-74,314
5853,-86,-69,285
5855,-86,-72,253
5856,-85,-71,231
5858,-86,-73,215
5860,-86,-70,204
5862,-84,-71,189
5863,-85,-71,184
5865,-85,-70,186
5867,-86,-70,190
5868,-86,-70,190
5870,-84,-70,210
5872,-86,-70,228
5873,-86,-71,251
5875,-86,-70,277
5877,-88,-71,317
5879,-86,-71,348
5880,-86,-71,388
5882,-88,-70,419
5884,-86,-73,454
5885,-86,-71,476
5888,-86,-73,486
5890,-86,-73,488
5891,-86,-71,482
5893,-86,-73,463
5895,-86,-74,438
5897,-86,-71,403
5898,-86,-73,367
5900,-89,-70,331
5902,-90,-69,306
5903,-85,-71,270
5905,-86,-72,250
5907,-86,-70,228
5908,-86,-71,210
5910,-86,-73,200
5912,-85,-70,188
5914,-84,-70,188
5915,-88,-70,184
5917,-85,-70,190
5919,-88,-71,202
5920,-86,-68,214
5922,-86,-68,236
5924,-86,-73,259
5925,-86,-71,286
5927,-86,-73,322
5929,-86,-71,355
5932,-86,-74,398
5933,-86,-70,428
5935,-86,-71,461
5937,-86,-74,477
5938,-86,-72,487
5940,-86,-72,488
5942,-86,-73,478
5943,-86,-73,453
5945,-86,-74,428
5947,-86,-74,392
5949,-86,-71,357
5950,-86,-71,322
5952,-86,-73,293
5954,-85,-73,262
5955,-86,-71,240
5957,-85,-70,223
5959,-86,-68,205
5960,-85,-68,195
5962,-85,-71,188
5964,-85,-71,186
5966,-85,-71,188
5967,-86,-67,190
5969,-86,-72,206
5971,-85,-70,216
5972,-86,-71,246
5975,-86,-70,270
5977,-86,-71,297
5978,-86,-70,337
5980,-86,-71,368
5982,-86,-72,409
5984,-86,-73,436
5985,-89,-73,468
5987,-86,-72,481
5989,-86,-73,489
5990,-86,-71,486
5992,-86,-73,468
5994,-86,-73,448
5995,-86,-73,418
5997,-86,-73,381
5999,-86,-72,353
6001,-88,-69,316
6002,-86,-70,286
6004,-86,-69,254
6006,-86,-71,240
6007,-86,-70,217
6009,-85,-71,202
6011,-86,-68,190
6012,-85,-68,185
6014,-86,-68,184
6017,-86,-70,189
6019,-85,-71,192
6020,-86,-71,209
6022,-86,-69,224
6024,-86,-70,248
6025,-86,-69,279
6027,-86,-73,310
6029,-86,-71,346
6030,-86,-73,383
6032,-86,-71,418
6034,-86,-74,444
6036,-86,-74,472
6037,-86,-70,487
6039,-89,-73,488
6041,-89,-72,483
6042,-86,-74,458
6044,-86,-72,438
6046,-86,-74,405
6047,-86,-72,374
6049,-86,-73,338
6051,-86,-68,306
6053,-86,-73,280
6054,-85,-71,250
6056,-86,-69,232
6059,-86,-70,212
6060,-86,-71,202
6062,-86,-71,191
6064,-86,-67,184
6065,-86,-68,184
6067,-86,-70,189
6069,-86,-68,195
6071,-84,-71,213
6072,-86,-69,230
6074,-86,-70,256
6076,-86,-71,285
6077,-89,-71,324
6079,-88,-70,356
6081,-84,-72,394
6082,-86,-73,426
6084,-90,-72,455
6086,-86,-72,477
6088,-86,-74,487
6089,-86,-74,486
6091,-86,-74,477
6093,-86,-71,455
6094,-86,-74,432
6096,-86,-72,395
6098,-86,-70,362
6099,-85,-71,325
6102,-88,-71,296
6104,-86,-69,261
6106,-86,-72,246
6107,-86,-68,221
6109,-86,-72,209
6111,-86,-69,197
6112,-86,-71,188
6114,-86,-70,184
6116,-86,-67,185
6117,-85,-70,191
6119,-86,-70,205
6121,-84,-72,218
6123,-86,-68,237
6124,-86,-71,266
6126,-86,-71,294
6128,-86,-71,335
6129,-86,-69,368
6131,-86,-70,407
6133,-86,-74,436
6134,-86,-71,466
6136,-86,-70,480
6138,-86,-73,492
6140,-86,-71,487
6141,-88,-72,476
6144,-86,-73,448
6146,-86,-73,418
6147,-86,-74,383
6149,-86,-73,351
6151,-86,-69,317
6152,-88,-71,290
6154,-86,-72,255
6156,-86,-73,239
6158,-86,-67,216
6159,-86,-69,201
6161,-86,-70,193
6163,-83,-71,188
6164,-86,-69,184
6166,-84,-71,188
6168,-86,-70,192
6169,-86,-69,205
6171,-88,-71,222
6173,-85,-69,247
6175,-86,-71,276
6176,-86,-72,303
6178,-86,-73,340
6180,-89,-70,376
6181,-86,-71,415
6183,-86,-72,444
6185,-88,-73,470
6187,-86,-71,484
6189,-86,-73,492
6191,-86,-73,482
6193,-85,-74,466
6194,-86,-71,441
6196,-86,-71,413
6198,-86,-72,375
6199,-86,-72,347
6201,-86,-71,308
6203,-86,-71,278
6204,-85,-71,251
6206,-86,-71,232
6208,-86,-70,213
6210,-86,-70,197
6211,-86,-70,188
6213,-85,-71,186
6215,-84,-70,186
6216,-86,-70,189
6218,-86,-71,196
6220,-86,-70,211
6221,-86,-69,227
6223,-86,-70,255
6225,-86,-69,284
6227,-86,-71,316
6228,-86,-70,353
6231,-86,-71,390
6233,-86,-71,424
6234,-86,-70,450
6236,-86,-71,476
6238,-88,-70,487
6239,-86,-69,490
6241,-89,-72,480
6243,-88,-72,459
6245,-86,-72,431
6246,-86,-72,399
6248,-86,-71,366
6250,-86,-74,331
6251,-88,-71,296
6253,-86,-71,272
6255,-88,-70,246
6256,-86,-72,226
6258,-86,-66,208
6260,-84,-73,197
6262,-86,-71,188
6263,-85,-72,188
6265,-88,-68,186
6267,-86,-72,189
6268,-86,-69,198
6270,-86,-71,215
6273,-85,-71,232
6274,-85,-71,262
6276,-86,-71,289
6278,-86,-71,330
6280,-89,-72,362
6281,-86,-70,401
6283,-86,-72,432
6285,-86,-71,462
6286,-86,-71,480
6288,-86,-73,490
6290,-86,-72,489
6291,-86,-73,477
6293,-86,-72,450
6295,-86,-72,421
6297,-86,-72,387
6298,-86,-71,360
6300,-86,-71,320
6302,-86,-70,289
6303,-86,-71,258
6305,-86,-70,241
6307,-85,-69,220
6308,-86,-70,206
6310,-84,-70,195
6312,-86,-70,188
6315,-86,-70,185
6316,-86,-72,188
6318,-86,-72,196
6320,-86,-69,204
6321,-86,-71,223
6323,-85,-71,247
6325,-88,-70,273
6326,-86,-72,300
6328,-86,-72,339
6330,-86,-73,374
6332,-86,-72,412
6333,-86,-72,440
6335,-86,-73,473
6337,-86,-73,484
6338,-85,-74,489
6340,-86,-73,486
6342,-86,-72,467
6344,-86,-73,444
6345,-86,-72,418
6347,-86,-71,377
6349,-86,-71,346
6350,-86,-70,312
6352,-88,-70,280
6354,-90,-71,254
6355,-85,-72,234
6358,-86,-72,217
6360,-86,-67,199
6362,-86,-67,192
6363,-86,-71,188
6365,-85,-68,188
6367,-86,-70,188
6368,-86,-71,195
6370,-86,-65,211
6372,-86,-70,229
6373,-85,-73,253
6375,-86,-70,277
6377,-86,-71,316
6379,-89,-70,348
6380,-86,-73,388
6382,-86,-73,421
6384,-86,-72,454
6385,-86,-70,474
6387,-86,-72,484
6389,-86,-74,490
6390,-86,-74,479
6392,-86,-74,460
6394,-86,-72,435
6396,-86,-74,399
6397,-86,-72,370
6400,-86,-74,328
6402,-86,-72,300
6403,-86,-70,270
6405,-86,-70,246
6407,-86,-72,224
6408,-86,-70,210
6410,-86,-72,200
6412,-86,-71,190
6414,-84,-70,185
6415,-86,-67,188
6417,-86,-70,191
6419,-86,-69,202
6420,-86,-71,214
6422,-85,-69,232
6424,-86,-69,258
6425,-86,-70,288
6427,-85,-71,324
6429,-86,-69,360
6431,-86,-73,400
6432,-86,-73,428
6434,-86,-73,461
6436,-88,-74,478
6437,-88,-73,488
6439,-86,-74,487
6441,-86,-73,474
6443,-86,-73,453
6445,-88,-73,429
6447,-86,-73,390
6449,-86,-71,357
6450,-86,-71,324
6452,-88,-71,295
6454,-86,-70,262
6455,-86,-70,244
6457,-83,-70,221
6459,-86,-72,206
6460,-86,-70,192
6462,-86,-70,188
6464,-86,-70,188
6466,-86,-70,188
6467,-85,-70,194
6469,-86,-67,204
6471,-85,-72,218
6472,-86,-71,245
6474,-86,-68,267
6476,-88,-72,306
6477,-86,-70,336
6479,-86,-71,370
6481,-86,-70,408
6483,-86,-72,438
6484,-88,-72,465
6487,-86,-71,484
6489,-86,-71,489
6490,-86,-73,484
6492,-86,-71,467
6494,-86,-74,444
6495,-86,-72,412
6497,-86,-72,381
6499,-86,-71,348
6501,-86,-70,313
6502,-86,-73,284
6504,-86,-73,255
6506,-86,-71,236
6507,-85,-71,216
6509,-86,-68,200
6511,-86,-71,193
6512,-86,-70,188
6514,-86,-70,185
6516,-86,-70,188
6518,-85,-73,193
6519,-86,-68,208
6521,-86,-69,227
6523,-86,-70,251
6524,-86,-71,278
6526,-89,-71,314
6529,-86,-68,344
6530,-86,-72,384
6532,-86,-71,418
6534,-86,-74,447
6536,-85,-74,475
6537,-86,-73,484
6539,-86,-72,487
6541,-88,-72,482
6542,-86,-72,461
6544,-86,-70,440
6546,-86,-71,402
6547,-86,-72,371
6549,-86,-72,335
6551,-86,-70,303
6553,-86,-72,280
6554,-86,-71,250
6556,-85,-69,231
6558,-85,-71,212
6559,-86,-70,200
6561,-86,-71,188
6563,-86,-69,186
6564,-84,-69,188
6566,-86,-68,188
6568,-86,-71,203
6571,-86,-69,213
6572,-85,-72,230
6574,-85,-71,256
6576,-85,-70,287
6577,-86,-71,322
6579,-85,-72,356
6581,-86,-70,396
6582,-86,-70,425
6584,-86,-74,459
6586,-86,-74,478
6588,-86,-71,488
6589,-86,-72,488
6591,-86,-73,477
6593,-88,-74,455
6594,-89,-73,429
6596,-89,-71,394
6598,-86,-71,363
6599,-86,-70,323
6601,-84,-72,294
6603,-86,-72,266
6605,-86,-70,242
6606,-86,-71,228
6608,-85,-70,207
6610,-85,-71,196
6611,-85,-70,185
6614,-86,-70,186
6616,-86,-68,185
6617,-85,-69,191
6619,-85,-70,204
6621,-86,-70,216
6623,-86,-72,242
6624,-86,-71,265
6626,-86,-71,295
6628,-86,-68,333
6629,-86,-70,367
6631,-86,-71,407
6633,-86,-70,436
6634,-86,-73,463
6636,-86,-74,479
6638,-88,-70,489
6640,-86,-73,485
6641,-86,-71,474
6643,-86,-73,444
6645,-86,-73,422
6646,-86,-70,384
6648,-86,-70,351
6650,-88,-71,316
6651,-85,-72,291
6653,-86,-70,257
6656,-86,-70,236
6658,-86,-70,217
6659,-85,-70,202
6661,-86,-69,194
6663,-86,-70,185
6664,-86,-69,185
6666,-85,-69,189
6668,-86,-68,194
6669,-85,-72,210
6671,-86,-69,225
6673,-84,-71,250
6675,-86,-70,276
6676,-86,-70,313
6678,-86,-73,341
6680,-88,-72,383
6681,-86,-71,416
6683,-86,-72,444
6685,-89,-72,472
6686,-88,-71,487
6688,-86,-72,489
6690,-86,-71,481
6692,-86,-71,464
6693,-86,-74,440
6695,-86,-73,405
6697,-86,-71,373
6699,-86,-72,335
6701,-88,-69,305
6703,-86,-70,279
6704,-86,-71,252
6706,-86,-69,231
6708,-86,-71,210
6710,-85,-70,200
6711,-86,-70,189
6713,-86,-67,188
6715,-86,-68,186
6716,-85,-70,189
6718,-86,-69,196
6720,-86,-71,211
6721,-86,-71,231
6723,-86,-70,254
6725,-86,-71,285
6727,-86,-73,319
6728,-86,-71,353
6730,-86,-72,394
6732,-86,-73,424
6733,-86,-74,452
6735,-86,-70,476
6737,-86,-72,488
6738,-86,-71,487
6740,-88,-70,476
6743,-86,-72,455
6745,-88,-72,433
6746,-89,-71,398
6748,-84,-73,366
6750,-90,-69,326
6751,-86,-71,297
6753,-86,-69,273
6755,-86,-72,244
6756,-86,-69,226
6758,-86,-71,210
6760,-86,-69,194
6762,-86,-70,188
6763,-85,-70,184
6765,-85,-70,184
6767,-86,-69,192
6768,-86,-71,199
6770,-88,-70,213
6772,-86,-70,238
6773,-86,-70,265
6775,-86,-72,292
6777,-86,-71,328
6779,-86,-71,362
6780,-86,-71,403
6782,-86,-72,433
6785,-86,-71,462
6786,-89,-72,480
6788,-86,-71,488
6790,-86,-72,485
6791,-86,-72,475
6793,-86,-74,451
6795,-86,-73,422
6797,-86,-71,387
6798,-86,-69,354
6800,-86,-70,316
6802,-86,-72,289
6803,-86,-70,259
6805,-86,-68,237
6807,-86,-70,220
6808,-86,-72,204
6810,-85,-69,197
6812,-86,-70,188
6814,-86,-71,185
6815,-84,-70,188
6817,-86,-68,194
6819,-84,-70,204
6820,-85,-71,220
6822,-88,-69,249
6824,-86,-70,269
6825,-86,-69,301
6828,-86,-72,341
6830,-86,-69,374
6832,-86,-72,412
6833,-86,-71,443
6835,-86,-71,470
6837,-86,-73,486
6838,-88,-73,490
6840,-86,-74,481
6842,-86,-71,465
6843,-86,-73,441
6845,-86,-73,414
6847,-86,-74,380
6849,-86,-71,348
6850,-86,-71,309
6852,-86,-71,283
6854,-86,-71,253
6855,-86,-68,232
6857,-86,-70,214
6859,-86,-68,199
6860,-86,-68,193
6862,-86,-70,188
6864,-86,-70,185
6866,-85,-71,189
6867,-86,-70,197
6870,-86,-68,211
6872,-86,-69,226
6873,-86,-68,252
6875,-86,-71,283
6877,-86,-71,317
6878,-86,-70,352
6880,-86,-73,385
6882,-86,-74,423
6884,-88,-71,451
6885,-86,-73,476
6887,-86,-71,490
6889,-86,-72,487
6890,-88,-71,482
6892,-86,-72,460
6894,-86,-70,433
6895,-86,-72,398
6897,-86,-73,368
6899,-88,-73,336
6901,-86,-71,302
6902,-85,-69,277
6904,-86,-70,247
6906,-86,-71,227
6907,-86,-70,210
6909,-86,-70,199
6912,-84,-70,189
6913,-84,-71,186
6915,-84,-70,188
6917,-86,-68,192
6919,-86,-67,200
6920,-86,-69,214
6922,-86,-69,233
6924,-88,-68,258
6925,-86,-70,288
6927,-86,-72,327
6929,-86,-71,362
6930,-88,-72,398
6932,-86,-74,431
6934,-86,-72,456
6936,-88,-71,478
6937,-85,-71,486
6939,-86,-74,486
6941,-89,-73,475
6942,-86,-72,452
6944,-88,-73,427
6946,-86,-73,389
6947,-86,-73,356
6949,-88,-72,321
6951,-86,-71,292
6953,-86,-70,268
6955,-86,-70,239
6957,-84,-71,221
6959,-86,-70,204
6960,-86,-69,194
6962,-85,-68,188
6964,-85,-69,188
6965,-85,-71,186
6967,-86,-67,192
6969,-86,-69,207
6971,-86,-68,219
6972,-86,-71,240
6974,-86,-70,272
6976,-86,-72,297
6977,-86,-70,336
6979,-86,-72,370
6981,-88,-71,411
6982,-86,-71,442
6984,-86,-72,468
6986,-86,-73,483
6988,-86,-72,489
6989,-86,-74,482
6991,-86,-74,468
6993,-88,-71,442
6994,-86,-73,416
6996,-86,-71,381
6999,-86,-70,350
7000,-86,-73,311
7002,-88,-71,287
7004,-86,-71,253
7006,-85,-72,231
7007,-86,-69,216
7009,-86,-70,201
7011,-85,-70,191
7012,-85,-70,185
7014,-86,-68,181
7016,-86,-70,188
7017,-86,-70,193
7019,-86,-72,212
7021,-85,-71,227
7023,-86,-68,252
7024,-86,-73,279
7026,-86,-70,308
7028,-86,-73,344
7029,-86,-71,380
7031,-86,-73,419
7033,-88,-72,446
7034,-86,-73,473
7036,-86,-73,485
7038,-85,-73,489
7041,-86,-73,482
7042,-86,-74,457
7044,-86,-74,442
7046,-86,-72,400
7047,-86,-71,370
7049,-86,-74,340
7051,-86,-71,303
7052,-86,-71,276
7054,-89,-66,246
7056,-86,-70,233
7058,-86,-69,211
7059,-86,-72,197
7061,-84,-68,188
7063,-86,-71,188
7064,-84,-71,188
7066,-86,-68,191
7068,-84,-70,199
7069,-86,-71,216
7071,-86,-71,231
7073,-86,-70,261
7075,-86,-70,286
7076,-86,-73,325
7078,-86,-71,357
7080,-86,-73,402
7081,-86,-72,426
7084,-86,-71,456
7086,-86,-74,478
7087,-86,-72,486
7089,-86,-73,487
7091,-88,-71,478
7093,-86,-72,453
7094,-86,-71,426
7096,-88,-69,393
7098,-88,-72,361
7099,-88,-71,332
7101,-86,-74,295
7103,-86,-71,266
7104,-86,-70,240
7106,-86,-72,225
7108,-85,-71,205
7110,-86,-70,195
7111,-86,-68,188
7113,-86,-70,188
7115,-85,-68,189
7116,-86,-71,190
7118,-85,-69,200
7120,-86,-72,220
7121,-86,-70,237
7123,-91,-69,267
7126,-86,-69,295
7128,-86,-72,335
7129,-86,-73,365
7131,-88,-73,407
7133,-86,-73,438
7134,-86,-74,464
7136,-90,-70,481
7138,-86,-73,485
7139,-86,-72,487
7141,-88,-74,474
7143,-85,-73,446
7145,-86,-70,418
7146,-85,-71,384
7148,-86,-69,350
7150,-86,-71,314
7151,-84,-71,288
7153,-86,-70,260
7155,-86,-70,237
7156,-86,-71,221
7158,-86,-69,204
7160,-86,-70,195
7162,-84,-70,185
7163,-86,-70,185
7165,-86,-69,188
7168,-86,-68,192
7169,-83,-71,207
7171,-86,-68,225
7173,-86,-69,246
7174,-88,-68,276
7176,-86,-71,306
7178,-86,-70,343
7180,-86,-72,377
7181,-86,-72,415
7183,-86,-72,445
7185,-88,-71,473
7186,-86,-74,486
7188,-86,-74,488
7190,-86,-71,478
7191,-86,-73,467
7193,-86,-74,440
7195,-86,-73,407
7197,-86,-72,375
7198,-86,-71,341
7200,-88,-72,308
7202,-86,-71,283
7203,-86,-70,251
7205,-86,-72,232
7207,-86,-68,211
7208,-85,-70,199
7211,-84,-70,191
7213,-85,-68,184
7215,-86,-69,188
7216,-86,-70,189
7218,-86,-71,193
7220,-86,-70,212
7221,-86,-70,230
7223,-86,-71,256
7225,-86,-71,285
7226,-86,-70,321
7228,-86,-71,354
7230,-89,-69,385
7232,-86,-74,428
7233,-86,-72,454
7235,-86,-72,475
7237,-88,-74,489
7238,-86,-71,487
7240,-88,-71,477
7242,-86,-73,456
7243,-86,-71,431
7245,-86,-72,401
7247,-86,-71,366
7249,-86,-73,333
7250,-86,-71,296
7252,-86,-74,271
7255,-86,-71,244
7256,-86,-70,226
7258,-86,-71,206
7260,-86,-71,198
7261,-86,-66,188
7263,-85,-71,183
7265,-86,-69,185
7267,-86,-70,188
7268,-85,-70,202
7270,-86,-70,219
7272,-86,-70,235
7273,-90,-70,266
7275,-86,-73,292
7277,-86,-71,332
7278,-86,-71,365
7280,-86,-73,405
7282,-86,-71,434
7284,-86,-73,459
7285,-86,-71,482
7287,-86,-71,490
7289,-85,-74,486
7290,-86,-72,474
7292,-86,-71,450
7294,-86,-74,422
7296,-86,-74,384
7298,-86,-72,353
7300,-86,-73,319
7302,-86,-71,287
7303,-86,-73,265
7305,-86,-71,240
7307,-86,-71,222
7308,-86,-70,206
7310,-86,-68,194
7312,-86,-70,186
7313,-86,-69,186
7315,-86,-68,188
7317,-86,-70,192
7319,-86,-67,203
7320,-86,-73,222
7322,-86,-71,252
7324,-86,-71,274
7325,-86,-71,304
7327,-86,-68,341
7329,-86,-74,373
7330,-86,-72,416
7332,-90,-73,444
7334,-86,-71,470
7336,-86,-71,483
7337,-86,-73,488
7340,-86,-73,483
7342,-86,-72,469
7343,-86,-71,442
7345,-88,-73,413
7347,-88,-73,379
7348,-86,-73,345
7350,-86,-70,310
7352,-86,-71,280
7354,-86,-71,250
7355,-83,-72,232
7357,-86,-69,212
7359,-86,-71,202
7360,-86,-70,191
7362,-85,-70,188
7364,-86,-71,188
7366,-86,-71,188
7367,-86,-72,195
7369,-84,-71,213
7371,-86,-69,228
7372,-86,-70,255
7374,-86,-70,283
7376,-86,-69,317
7377,-86,-72,348
7379,-86,-71,383
7382,-86,-73,425
7383,-86,-69,453
7385,-86,-72,472
7387,-89,-73,486
7389,-86,-74,490
7390,-86,-72,479
7392,-86,-74,458
7394,-86,-73,434
7395,-86,-72,407
7397,-86,-72,369
7399,-86,-71,334
7400,-86,-69,296
7402,-86,-71,276
7404,-86,-68,248
7406,-86,-71,226
7407,-86,-69,209
7409,-86,-70,195
7411,-85,-71,188
7412,-86,-70,183
7414,-85,-71,184
7416,-86,-69,189
7417,-86,-68,200
7419,-86,-67,218
7421,-88,-71,234
7424,-85,-70,262
7425,-84,-71,292
7427,-86,-70,327
7429,-86,-71,360
7430,-86,-72,394
7432,-86,-72,434
7434,-86,-73,454
7435,-86,-72,481
7437,-86,-74,488
7439,-89,-73,487
7441,-86,-74,476
7442,-86,-72,450
7444,-86,-74,426
7446,-86,-71,389
7447,-86,-71,356
7449,-86,-72,328
7451,-88,-71,291
7452,-88,-71,266
7454,-85,-71,238
7456,-86,-71,223
7458,-83,-72,205
7459,-86,-68,193
7461,-86,-70,188
7463,-86,-73,184
7464,-86,-71,188
7467,-85,-69,194
7469,-86,-71,202
7470,-86,-69,220
7472,-86,-72,242
7474,-86,-70,269
7476,-86,-71,299
7477,-85,-73,339
7479,-88,-71,373
7481,-86,-71,412
7482,-86,-72,437
7484,-86,-69,464
7486,-86,-74,481
7487,-86,-74,490
7489,-89,-72,484
7491,-86,-72,470
7493,-86,-73,444
7494,-86,-72,416
7496,-86,-71,377
7498,-86,-73,347
7499,-89,-68,313
7501,-86,-71,283
7503,-86,-70,256
7504,-86,-68,233
7506,-86,-68,220
7508,-86,-71,200
7511,-86,-69,192
7512,-86,-68,185
7514,-86,-70,183
7516,-86,-70,188
7517,-86,-69,194
7519,-86,-68,212
7521,-86,-70,228
7522,-88,-68,247
7524,-86,-70,278
7526,-86,-71,309
7528,-86,-71,347
7529,-86,-71,381
7531,-86,-72,420
7533,-85,-71,446
7534,-86,-71,472
7536,-86,-74,488
7538,-88,-74,488
7539,-86,-72,480
7541,-86,-71,464
7543,-88,-69,436
7545,-86,-71,406
7546,-88,-71,369
7548,-86,-74,335
7550,-86,-70,303
7552,-86,-71,277
7554,-86,-70,249
7556,-86,-69,229
7557,-86,-70,210
7559,-86,-67,196
7561,-86,-70,190
7563,-86,-71,185
7564,-86,-70,185
7566,-86,-68,190
7568,-86,-68,194
7569,-86,-70,215
7571,-86,-71,232
7573,-86,-72,259
7574,-86,-71,290
7576,-86,-71,327
7578,-86,-72,358
7580,-86,-72,390
7581,-86,-71,431
7583,-88,-74,457
7585,-86,-71,476
7586,-86,-73,487
7588,-86,-71,490
7590,-86,-72,482
7592,-86,-72,452
7593,-86,-74,426
7596,-86,-73,392
7598,-88,-73,360
7599,-86,-72,324
7601,-86,-69,294
7603,-86,-69,269
7604,-86,-70,243
7606,-88,-70,223
7608,-86,-70,207
7610,-84,-70,195
7611,-85,-71,185
7613,-86,-72,186
7615,-85,-70,185
7616,-86,-69,192
7618,-86,-71,200
7620,-86,-71,221
7621,-86,-71,236
7623,-88,-68,269
7625,-86,-70,298
7627,-86,-70,335
7628,-86,-73,368
7630,-85,-74,408
7632,-86,-70,436
7633,-86,-74,466
7635,-86,-72,482
7638,-86,-74,488
7639,-86,-73,485
7641,-89,-72,474
7643,-90,-71,445
7645,-86,-72,420
7646,-86,-71,383
7648,-86,-73,350
7650,-86,-73,316
7651,-86,-71,284
7653,-86,-71,256
7655,-86,-70,236
7656,-86,-70,213
7658,-86,-69,202
7660,-86,-70,194
7662,-86,-68,184
7663,-86,-68,184
7665,-86,-71,185
7667,-86,-71,194
7668,-86,-70,210
7670,-86,-71,224
7672,-86,-71,250
7673,-86,-69,277
7675,-86,-70,312
7677,-86,-70,341
7680,-86,-73,385
7681,-86,-72,417
7683,-86,-72,446
7685,-85,-72,472
7686,-86,-74,484
7688,-86,-73,489
7690,-86,-71,482
7691,-86,-72,462
7693,-86,-73,437
7695,-88,-71,404
7697,-86,-73,371
7698,-88,-71,340
7700,-85,-70,304
7702,-86,-72,278
7703,-86,-70,247
7705,-86,-70,229
7707,-86,-71,213
7708,-84,-70,199
7710,-85,-73,188
7712,-86,-68,185
7714,-86,-69,185
7715,-86,-67,190
7717,-85,-70,198
7719,-86,-70,214
7720,-86,-70,231
7723,-86,-71,257
7725,-86,-70,284
7726,-89,-71,323
7728,-86,-71,354
7730,-86,-72,397
7732,-86,-72,425
7733,-88,-71,459
7735,-86,-72,476
7737,-86,-74,487
7738,-88,-70,486
7740,-86,-71,476
7742,-89,-73,458
7743,-86,-74,429
7745,-86,-71,392
7747,-86,-70,366
7749,-86,-71,328
7750,-86,-72,299
7752,-86,-72,266
7754,-86,-70,244
7755,-86,-72,227
7757,-86,-68,209
7759,-85,-71,195
7760,-86,-69,188
7762,-86,-69,186
7764,-86,-69,188
7767,-86,-70,190
7768,-86,-70,204
7770,-85,-72,218
7772,-85,-69,240
7773,-86,-70,264
7775,-88,-71,295
7777,-86,-72,330
7778,-86,-73,364
7780,-86,-71,407
7782,-86,-72,435
7784,-86,-70,464
7785,-86,-71,482
7787,-86,-70,490
7789,-86,-72,486
7790,-86,-73,472
7792,-88,-74,448
7794,-86,-74,422
7796,-86,-70,386
7797,-88,-71,351
7799,-86,-71,316
7801,-86,-71,288
7802,-86,-69,258
7804,-86,-69,239
7806,-86,-73,219
7808,-86,-71,204
7810,-86,-69,195
7812,-86,-70,188
7814,-85,-71,183
7815,-86,-68,188
7817,-85,-68,193
7819,-86,-68,207
7820,-86,-69,224
7822,-85,-71,247
7824,-86,-73,272
7825,-86,-70,308
7827,-86,-70,343
7829,-86,-74,382
7831,-88,-74,414
7832,-86,-71,444
7834,-86,-71,469
7836,-86,-74,485
7837,-86,-74,488
7839,-86,-74,483
7841,-86,-74,466
7842,-86,-71,441
7844,-86,-73,405
7846,-86,-73,376
7848,-85,-74,346
7849,-86,-71,308
7852,-86,-70,282
7854,-86,-70,252
7855,-85,-71,232
7857,-85,-71,212
7859,-84,-70,199
7860,-84,-70,190
7862,-84,-71,188
7864,-86,-71,186
7865,-86,-70,188
7867,-85,-70,196
7869,-86,-68,210
7871,-86,-68,228
7872,-86,-72,256
7874,-84,-73,285
7876,-86,-69,316
7877,-86,-73,350
7879,-86,-71,390
7881,-86,-73,424
7882,-86,-73,451
7884,-86,-73,476
7886,-86,-71,487
7888,-86,-73,489
7889,-86,-72,478
7891,-86,-73,458
7894,-88,-72,434
7895,-86,-70,396
7897,-86,-71,368
7899,-86,-71,328
7900,-86,-70,298
7902,-86,-71,273
7904,-86,-70,246
7906,-86,-70,226
7907,-86,-70,208
7909,-86,-67,196
7911,-86,-67,190
7912,-86,-71,185
7914,-86,-71,188
7916,-86,-68,192
7917,-85,-70,201
7919,-86,-70,217
7921,-86,-69,236
7923,-86,-72,264
7924,-86,-70,295
7926,-86,-72,328
7928,-86,-71,364
7929,-86,-71,401
7931,-86,-72,433
7933,-88,-73,463
7934,-86,-72,478
7937,-88,-71,488
7939,-86,-72,485
7941,-84,-74,475
7942,-89,-72,448
7944,-86,-70,425
7946,-86,-72,386
7947,-86,-71,354
7949,-86,-72,319
7951,-86,-72,292
7952,-86,-71,266
7954,-86,-71,239
7956,-85,-73,220
7958,-86,-70,206
7959,-86,-73,193
7961,-86,-68,188
7963,-85,-71,188
7964,-86,-71,188
7966,-86,-69,191
7968,-86,-69,207
7969,-86,-72,220
7971,-86,-71,244
7973,-86,-70,271
7975,-86,-71,300
7976,-86,-68,338
7979,-86,-71,375
7981,-86,-73,414
7982,-89,-72,442
7984,-86,-69,470
7986,-86,-71,482
7987,-86,-73,486
7989,-86,-73,482
7991,-86,-72,472
7993,-88,-70,444
7994,-86,-71,413
7996,-86,-74,380
7998,-86,-71,346
7999,-86,-70,309
8001,-86,-70,284
8003,-86,-70,256
8004,-86,-70,232
8006,-86,-71,215
8008,-86,-69,201
8010,-86,-68,194
8011,-86,-70,188
8013,-86,-71,184
8015,-89,-67,188
8016,-86,-69,196
8018,-86,-71,212
8020,-86,-71,227
8022,-86,-69,255
8024,-86,-72,281
8026,-86,-70,310
8028,-86,-71,348
8029,-86,-71,383
8031,-86,-71,423
8033,-88,-73,447
8034,-86,-73,475
8036,-86,-73,484
8038,-86,-72,490
8039,-86,-72,480
8041,-89,-74,461
8043,-86,-73,436
8045,-89,-71,407
8046,-89,-71,368
8048,-85,-71,337
8050,-86,-72,302
8051,-86,-70,272
8053,-86,-71,248
8055,-85,-72,230
8056,-85,-71,209
8058,-86,-70,201
8060,-86,-72,189
8062,-86,-71,185
8064,-86,-71,183
8066,-86,-70,188
8068,-86,-71,198
8069,-86,-71,218
8071,-86,-69,232
8073,-86,-70,261
8074,-86,-73,287
8076,-86,-68,324
8078,-86,-71,361
8080,-86,-72,400
8081,-86,-73,428
8083,-86,-74,455
8085,-85,-72,477
8086,-86,-73,488
8088,-86,-73,486
8090,-86,-72,477
8091,-90,-73,455
8093,-88,-72,426
8095,-86,-72,387
8097,-86,-71,359
8098,-86,-71,327
8100,-86,-70,293
8102,-86,-69,267
8103,-86,-71,240
8105,-86,-68,223
8108,-86,-70,204
8109,-85,-70,194
8111,-84,-71,188
8113,-86,-68,184
8115,-86,-68,185
8116,-86,-69,190
8118,-84,-70,206
8120,-86,-69,221
8121,-86,-71,239
8123,-86,-70,272
8125,-86,-72,298
8126,-86,-70,335
8128,-86,-70,368
8130,-86,-74,412
8132,-86,-70,439
8133,-88,-71,467
8135,-86,-69,486
8137,-86,-72,488
8138,-86,-74,484
8140,-86,-74,471
8142,-85,-74,448
8143,-86,-70,416
8145,-86,-73,380
8147,-86,-73,349
8150,-86,-73,315
8151,-85,-72,284
8153,-86,-71,255
8155,-88,-69,235
8156,-86,-67,220
8158,-86,-70,205
8160,-86,-72,192
8161,-86,-70,185
8163,-86,-70,188
8165,-84,-68,188
8167,-85,-69,196
8168,-86,-72,209
8170,-86,-71,226
8172,-86,-69,246
8173,-86,-71,277
8175,-86,-71,306
8177,-86,-71,347
8178,-86,-73,381
8180,-86,-74,418
8182,-86,-70,444
8184,-89,-74,475
8185,-86,-71,484
8187,-89,-74,489
8189,-86,-72,482
8190,-86,-72,465
8193,-86,-74,435
8195,-89,-72,411
8196,-86,-72,370
8198,-86,-72,340
8200,-86,-73,303
8202,-86,-71,276
8203,-86,-72,249
8205,-86,-72,230
8207,-86,-71,211
8208,-86,-70,201
8210,-86,-70,190
8212,-86,-70,184
8213,-86,-68,185
8215,-86,-69,189
8217,-86,-70,197
8219,-86,-69,212
8220,-86,-69,232
8222,-86,-71,261
8224,-86,-70,284
8225,-88,-71,320
8227,-86,-71,355
8229,-89,-72,391
8230,-86,-71,428
8232,-86,-73,454
8235,-86,-71,479
8237,-86,-73,487
8238,-86,-72,489
8240,-88,-72,479
8242,-86,-71,454
8243,-86,-72,430
8245,-86,-73,399
8247,-86,-74,361
8248,-86,-71,330
8250,-86,-72,293
8252,-86,-71,269
8254,-85,-71,242
8255,-86,-69,225
8257,-86,-68,204
8259,-86,-68,195
8260,-86,-70,188
8262,-86,-69,188
8264,-85,-71,188
8265,-84,-72,190
8267,-85,-68,201
8269,-86,-69,219
8271,-86,-70,235
8272,-86,-71,266
8274,-89,-69,294
8276,-86,-70,334
8278,-86,-72,367
8280,-86,-72,405
8282,-86,-72,436
8283,-86,-71,459
8285,-86,-74,480
8287,-86,-73,489
8289,-85,-74,484
8290,-86,-74,475
8292,-86,-71,447
8294,-86,-74,423
8295,-86,-71,381
8297,-88,-71,350
8299,-86,-74,322
8300,-86,-73,286
8302,-86,-71,262
8304,-86,-71,235
8306,-86,-68,220
8307,-86,-70,202
8309,-86,-71,195
8311,-86,-69,188
8312,-85,-69,184
8314,-85,-70,190
8316,-86,-69,192
8317,-86,-70,204
8320,-86,-71,223
8322,-86,-71,244
8324,-86,-70,276
8325,-86,-69,303
8327,-86,-71,344
8329,-86,-72,378
8330,-86,-70,416
8332,-86,-73,444
8334,-89,-71,470
8335,-86,-73,486
8337,-86,-72,488
8339,-86,-71,481
8341,-89,-72,465
8342,-85,-72,442
8344,-86,-71,412
8346,-86,-72,375
8347,-86,-73,341
8349,-86,-74,308
8351,-86,-71,280
8352,-86,-71,255
8354,-86,-71,230
8356,-86,-70,214
8358,-86,-68,197
8359,-86,-70,191
8361,-88,-68,188
8364,-84,-70,183
8365,-86,-71,191
8367,-86,-70,196
8369,-86,-71,213
8370,-86,-70,227
8372,-89,-68,250
8374,-86,-69,284
8376,-86,-68,314
8377,-86,-73,352
8379,-88,-69,386
8381,-86,-72,427
8382,-86,-72,452
8384,-88,-73,476
8386,-86,-71,487
8387,-86,-74,488
8389,-86,-71,479
8391,-86,-74,461
8393,-86,-72,433
8394,-86,-71,404
8396,-88,-70,365
8398,-86,-71,333
8399,-86,-72,299
8401,-86,-70,272
8403,-88,-71,243
8404,-86,-71,226
8407,-88,-68,213
8409,-85,-68,196
8411,-86,-70,188
8412,-86,-67,186
8414,-86,-69,186
8416,-86,-69,192
8417,-86,-69,198
8419,-86,-68,216
8421,-86,-70,239
8422,-86,-70,264
8424,-86,-70,291
8426,-86,-72,325
8428,-86,-71,363
8429,-86,-71,397
8431,-86,-72,434
8433,-86,-72,456
8434,-86,-73,480
8436,-86,-73,487
8438,-89,-70,487
8439,-88,-71,473
8441,-86,-70,448
8443,-86,-72,422
8445,-86,-74,394
8446,-88,-71,355
8449,-86,-72,322
8451,-88,-71,290
8452,-86,-72,265
8454,-86,-72,240
8456,-86,-69,222
8457,-86,-70,205
8459,-86,-70,195
8461,-86,-71,189
8463,-86,-70,183
8464,-86,-68,188
8466,-86,-71,194
8468,-86,-69,205
8469,-86,-69,222
8471,-86,-69,243
8473,-86,-70,272
8474,-86,-68,304
8476,-86,-73,343
8478,-86,-74,374
8480,-86,-73,409
8481,-85,-73,444
8483,-86,-72,467
8485,-86,-73,480
8486,-86,-72,488
8488,-85,-73,486
8491,-86,-74,472
8492,-86,-73,441
8494,-86,-72,416
8496,-88,-73,378
8498,-90,-71,345
8499,-86,-70,316
8501,-86,-71,282
8503,-88,-71,257
8504,-85,-72,232
8506,-86,-71,214
8508,-86,-70,200
8509,-86,-67,189
8511,-86,-70,186
8513,-86,-68,185
8515,-86,-68,190
8516,-86,-71,193
8518,-85,-71,208
8520,-86,-71,226
8521,-86,-69,250
8523,-86,-72,283
8525,-86,-71,312
8526,-86,-70,352
8528,-86,-73,384
8530,-86,-74,426
8532,-86,-74,450
8534,-86,-74,471
8536,-86,-73,490
8538,-86,-74,488
8539,-86,-73,482
8541,-86,-72,462
8543,-86,-73,436
8544,-86,-73,407
8546,-86,-71,366
8548,-86,-73,336
8550,-86,-73,298
8551,-86,-71,274
8553,-86,-71,250
8555,-86,-71,227
8556,-86,-71,212
8558,-86,-73,197
8560,-84,-69,189
8561,-86,-70,186
8563,-86,-68,185
8565,-86,-71,192
8567,-86,-72,201
8568,-85,-72,216
8570,-86,-68,231
8572,-86,-69,261
8573,-86,-74,288
8576,-86,-70,321
8578,-86,-72,359
8579,-86,-73,394
8581,-86,-73,431
8583,-86,-73,456
8585,-88,-71,478
8586,-86,-73,490
8588,-86,-70,486
8590,-86,-74,473
8591,-86,-73,452
8593,-86,-74,426
8595,-86,-72,395
8596,-86,-72,360
8598,-86,-72,323
8600,-86,-68,293
8602,-86,-71,264
8603,-90,-69,242
8605,-86,-71,220
8607,-86,-69,205
8608,-86,-68,194
8610,-86,-68,188
8612,-86,-68,185
8613,-86,-66,188
8615,-86,-70,192
8617,-86,-70,202
8620,-86,-67,220
8621,-86,-70,241
8623,-86,-71,271
8625,-86,-71,296
8626,-88,-69,337
8628,-86,-71,372
8630,-86,-70,404
8631,-86,-70,440
8633,-86,-74,463
8635,-86,-73,484
8637,-86,-71,488
8638,-85,-71,485
8640,-89,-71,472
8642,-88,-71,445
8643,-86,-72,416
8645,-86,-72,380
8647,-86,-72,349
8648,-86,-74,319
8650,-86,-71,284
8652,-86,-70,259
8654,-86,-71,234
8655,-86,-68,220
8657,-86,-70,203
8659,-85,-69,192
8660,-84,-70,188
8663,-85,-70,184
8665,-86,-72,188
8666,-86,-70,194
8668,-86,-70,205
8670,-85,-73,228
8672,-86,-71,247
8673,-86,-70,278
8675,-86,-72,309
8677,-86,-73,347
