1553.412847444861,1553.412847444861,1553.412847444861,0.9945
1553.6222869551002,1553.6222869551002,1553.6222869551002,0.9945
1553.8317264653394,1553.8317264653394,1553.8317264653394,0.9511
1554.0411659755787,1554.0411659755787,1554.0411659755787,0.866
1554.250605485818,1554.250605485818,1554.250605485818,0.7431
1554.4600449960571,1554.4600449960571,1554.4600449960571,0.5878
1554.6694845062964,1554.6694845062964,1554.6694845062964,0.4067
1554.8789240165356,1554.8789240165356,1554.8789240165356,0.2079
1555.0883635267749,1555.0883635267749,1555.0883635267749,0.0
1555.297803037014,1555.297803037014,1555.297803037014,-0.2079
1555.5072425472533,1555.5072425472533,1555.5072425472533,-0.4067
1555.7166820574926,1555.7166820574926,1555.7166820574926,-0.5878
1555.9261215677318,1555.9261215677318,1555.9261215677318,-0.7431
1556.135561077971,1556.135561077971,1556.135561077971,-0.866
1556.3450005882103,1556.3450005882103,1556.3450005882103,-0.9511
1556.5544400984495,1556.5544400984495,1556.5544400984495,-0.9945
1556.7638796086887,1556.7638796086887,1556.7638796086887,-0.9945
1556.973319118928,1556.973319118928,1556.973319118928,-0.9511
1557.1827586291672,1557.1827586291672,1557.1827586291672,-0.866
1557.3921981394064,1557.3921981394064,1557.3921981394064,-0.7431
1557.6016376496457,1557.6016376496457,1557.6016376496457,-0.5878
1557.811077159885,1557.811077159885,1557.811077159885,-0.4067
1558.0205166701242,1558.0205166701242,1558.0205166701242,-0.2079
1558.2299561803634,1558.2299561803634,1558.2299561803634,-0.0
1558.4393956906026,1558.4393956906026,1558.4393956906026,0.2079
1558.6488352008419,1558.6488352008419,1558.6488352008419,0.4067
1558.858274711081,1558.858274711081,1558.858274711081,0.5878
1559.0677142213203,1559.0677142213203,1559.0677142213203,0.7431
1559.2771537315596,1559.2771537315596,1559.2771537315596,0.866
1559.4865932417988,1559.4865932417988,1559.4865932417988,0.9511
1559.696032752038,1559.696032752038,1559.696032752038,0.9945
1559.9054722622773,1559.9054722622773,1559.9054722622773,0.9945
1560.1149117725165,1560.1149117725165,1560.1149117725165,0.9511
1560.3243512827557,1560.3243512827557,1560.3243512827557,0.866
1560.533790792995,1560.533790792995,1560.533790792995,0.7431
1560.7432303032342,1560.7432303032342,1560.7432303032342,0.5878
1560.9526698134734,1560.9526698134734,1560.9526698134734,0.4067
1561.1621093237127,1561.1621093237127,1561.1621093237127,0.2079
1561.371548833952,1561.371548833952,1561.371548833952,0.0
1561.5809883441912,1561.5809883441912,1561.5809883441912,-0.2079
1561.7904278544304,1561.7904278544304,1561.7904278544304,-0.4067
1561.9998673646696,1561.9998673646696,1561.9998673646696,-0.5878
1562.2093068749089,1562.2093068749089,1562.2093068749089,-0.7431
1562.418746385148,1562.418746385148,1562.418746385148,-0.866
1562.6281858953873,1562.6281858953873,1562.6281858953873,-0.9511
1562.8376254056266,1562.8376254056266,1562.8376254056266,-0.9945
1563.0470649158658,1563.0470649158658,1563.0470649158658,-0.9945
1563.256504426105,1563.256504426105,1563.256504426105,-0.9511
1563.4659439363443,1563.4659439363443,1563.4659439363443,-0.866
1563.6753834465835,1563.6753834465835,1563.6753834465835,-0.7431
1563.8848229568227,1563.8848229568227,1563.8848229568227,-0.5878
1564.094262467062,1564.094262467062,1564.094262467062,-0.4067
1564.3037019773012,1564.3037019773012,1564.3037019773012,-0.2079
1564.5131414875405,1564.5131414875405,1564.5131414875405,-0.0
1564.7225809977797,1564.7225809977797,1564.7225809977797,0.2079
1564.932020508019,1564.932020508019,1564.932020508019,0.4067
1565.1414600182582,1565.1414600182582,1565.1414600182582,0.5878
1565.3508995284974,1565.3508995284974,1565.3508995284974,0.7431
1565.5603390387366,1565.5603390387366,1565.5603390387366,0.866
1565.7697785489759,1565.7697785489759,1565.7697785489759,0.9511
1565.979218059215,1565.979218059215,1565.979218059215,0.9945
1566.1886575694543,1566.1886575694543,1566.1886575694543,0.9945
1566.3980970796936,1566.3980970796936,1566.3980970796936,0.9511
1566.6075365899328,1566.6075365899328,1566.6075365899328,0.866
1566.816976100172,1566.816976100172,1566.816976100172,0.7431
1567.0264156104113,1567.0264156104113,1567.0264156104113,0.5878
1567.2358551206505,1567.2358551206505,1567.2358551206505,0.4067
1567.4452946308897,1567.4452946308897,1567.4452946308897,0.2079
1567.654734141129,1567.654734141129,1567.654734141129,0.0
1567.8641736513682,1567.8641736513682,1567.8641736513682,-0.2079
1568.0736131616075,1568.0736131616075,1568.0736131616075,-0.4067
1568.2830526718467,1568.2830526718467,1568.2830526718467,-0.5878
1568.492492182086,1568.492492182086,1568.492492182086,-0.7431
1568.7019316923252,1568.7019316923252,1568.7019316923252,-0.866
1568.9113712025644,1568.9113712025644,1568.9113712025644,-0.9511
1569.1208107128036,1569.1208107128036,1569.1208107128036,-0.9945
1569.3302502230429,1569.3302502230429,1569.3302502230429,-0.9945
1569.539689733282,1569.539689733282,1569.539689733282,-0.9511
1569.7491292435213,1569.7491292435213,1569.7491292435213,-0.866
1569.9585687537606,1569.9585687537606,1569.9585687537606,-0.7431
1570.1680082639998,1570.1680082639998,1570.1680082639998,-0.5878
1570.377447774239,1570.377447774239,1570.377447774239,-0.4067
1570.5868872844783,1570.5868872844783,1570.5868872844783,-0.2079
1570.7963267947175,1570.7963267947175,1570.7963267947175,-0.0
1571.0057663049568,1571.0057663049568,1571.0057663049568,0.2079
1571.215205815196,1571.215205815196,1571.215205815196,0.4067
1571.4246453254352,1571.4246453254352,1571.4246453254352,0.5878
1571.6340848356745,1571.6340848356745,1571.6340848356745,0.7431
1571.8435243459137,1571.8435243459137,1571.8435243459137,0.866
1572.052963856153,1572.052963856153,1572.052963856153,0.9511
1572.2624033663922,1572.2624033663922,1572.2624033663922,0.9945
1572.4718428766314,1572.4718428766314,1572.4718428766314,0.9945
1572.6812823868706,1572.6812823868706,1572.6812823868706,0.9511
1572.8907218971099,1572.8907218971099,1572.8907218971099,0.866
1573.100161407349,1573.100161407349,1573.100161407349,0.7431
1573.3096009175883,1573.3096009175883,1573.3096009175883,0.5878
1573.5190404278276,1573.5190404278276,1573.5190404278276,0.4067
1573.7284799380668,1573.7284799380668,1573.7284799380668,0.2079
1573.937919448306,1573.937919448306,1573.937919448306,0.0
1574.1473589585453,1574.1473589585453,1574.1473589585453,-0.2079
1574.3567984687845,1574.3567984687845,1574.3567984687845,-0.4067
1574.5662379790238,1574.5662379790238,1574.5662379790238,-0.5878
1574.775677489263,1574.775677489263,1574.775677489263,-0.7431
1574.9851169995022,1574.9851169995022,1574.9851169995022,-0.866
1575.1945565097415,1575.1945565097415,1575.1945565097415,-0.9511
1575.4039960199807,1575.4039960199807,1575.4039960199807,-0.9945
1575.61343553022,1575.61343553022,1575.61343553022,-0.9945
1575.8228750404592,1575.8228750404592,1575.8228750404592,-0.9511
1576.0323145506984,1576.0323145506984,1576.0323145506984,-0.866
1576.2417540609376,1576.2417540609376,1576.2417540609376,-0.7431
1576.4511935711769,1576.4511935711769,1576.4511935711769,-0.5878
1576.660633081416,1576.660633081416,1576.660633081416,-0.4067
1576.8700725916553,1576.8700725916553,1576.8700725916553,-0.2079
1577.0795121018946,1577.0795121018946,1577.0795121018946,-0.0
1577.2889516121338,1577.2889516121338,1577.2889516121338,0.2079
1577.498391122373,1577.498391122373,1577.498391122373,0.4067
1577.7078306326123,1577.7078306326123,1577.7078306326123,0.5878
1577.9172701428515,1577.9172701428515,1577.9172701428515,0.7431
1578.1267096530908,1578.1267096530908,1578.1267096530908,0.866
1578.33614916333,1578.33614916333,1578.33614916333,0.9511
1578.5455886735692,1578.5455886735692,1578.5455886735692,0.9945
1578.7550281838085,1578.7550281838085,1578.7550281838085,0.9945
1578.9644676940477,1578.9644676940477,1578.9644676940477,0.9511
1579.173907204287,1579.173907204287,1579.173907204287,0.866
1579.3833467145262,1579.3833467145262,1579.3833467145262,0.7431
1579.5927862247654,1579.5927862247654,1579.5927862247654,0.5878
1579.8022257350046,1579.8022257350046,1579.8022257350046,0.4067
1580.0116652452439,1580.0116652452439,1580.0116652452439,0.2079
1580.221104755483,1580.221104755483,1580.221104755483,0.0
1580.4305442657223,1580.4305442657223,1580.4305442657223,-0.2079
1580.6399837759616,1580.6399837759616,1580.6399837759616,-0.4067
1580.8494232862008,1580.8494232862008,1580.8494232862008,-0.5878
1581.05886279644,1581.05886279644,1581.05886279644,-0.7431
1581.2683023066793,1581.2683023066793,1581.2683023066793,-0.866
1581.4777418169185,1581.4777418169185,1581.4777418169185,-0.9511
1581.6871813271578,1581.6871813271578,1581.6871813271578,-0.9945
1581.896620837397,1581.896620837397,1581.896620837397,-0.9945
1582.1060603476362,1582.1060603476362,1582.1060603476362,-0.9511
1582.3154998578755,1582.3154998578755,1582.3154998578755,-0.866
1582.5249393681147,1582.5249393681147,1582.5249393681147,-0.7431
1582.734378878354,1582.734378878354,1582.734378878354,-0.5878
1582.9438183885932,1582.9438183885932,1582.9438183885932,-0.4067
1583.1532578988324,1583.1532578988324,1583.1532578988324,-0.2079
1583.3626974090716,1583.3626974090716,1583.3626974090716,-0.0
1583.5721369193109,1583.5721369193109,1583.5721369193109,0.2079
1583.7815764295501,1583.7815764295501,1583.7815764295501,0.4067
1583.9910159397893,1583.9910159397893,1583.9910159397893,0.5878
1584.2004554500286,1584.2004554500286,1584.2004554500286,0.7431
1584.4098949602678,1584.4098949602678,1584.4098949602678,0.866
1584.619334470507,1584.619334470507,1584.619334470507,0.9511
1584.8287739807463,1584.8287739807463,1584.8287739807463,0.9945
1585.0382134909855,1585.0382134909855,1585.0382134909855,0.9945
1585.2476530012248,1585.2476530012248,1585.2476530012248,0.9511
1585.457092511464,1585.457092511464,1585.457092511464,0.866
1585.6665320217032,1585.6665320217032,1585.6665320217032,0.7431
1585.8759715319425,1585.8759715319425,1585.8759715319425,0.5878
1586.0854110421817,1586.0854110421817,1586.0854110421817,0.4067
1586.294850552421,1586.294850552421,1586.294850552421,0.2079
1586.5042900626602,1586.5042900626602,1586.5042900626602,0.0
1586.7137295728994,1586.7137295728994,1586.7137295728994,-0.2079
1586.9231690831386,1586.9231690831386,1586.9231690831386,-0.4067
1587.1326085933779,1587.1326085933779,1587.1326085933779,-0.5878
1587.3420481036171,1587.3420481036171,1587.3420481036171,-0.7431
1587.5514876138564,1587.5514876138564,1587.5514876138564,-0.866
1587.7609271240956,1587.7609271240956,1587.7609271240956,-0.9511
1587.9703666343348,1587.9703666343348,1587.9703666343348,-0.9945
1588.179806144574,1588.179806144574,1588.179806144574,-0.9945
1588.3892456548133,1588.3892456548133,1588.3892456548133,-0.9511
1588.5986851650525,1588.5986851650525,1588.5986851650525,-0.866
1588.8081246752918,1588.8081246752918,1588.8081246752918,-0.7431
1589.017564185531,1589.017564185531,1589.017564185531,-0.5878
1589.2270036957702,1589.2270036957702,1589.2270036957702,-0.4067
1589.4364432060095,1589.4364432060095,1589.4364432060095,-0.2079
1589.6458827162487,1589.6458827162487,1589.6458827162487,-0.0
1589.855322226488,1589.855322226488,1589.855322226488,0.2079
1590.0647617367272,1590.0647617367272,1590.0647617367272,0.4067
1590.2742012469664,1590.2742012469664,1590.2742012469664,0.5878
1590.4836407572056,1590.4836407572056,1590.4836407572056,0.7431
1590.6930802674449,1590.6930802674449,1590.6930802674449,0.866
1590.9025197776841,1590.9025197776841,1590.9025197776841,0.9511
1591.1119592879234,1591.1119592879234,1591.1119592879234,0.9945
1591.3213987981626,1591.3213987981626,1591.3213987981626,0.9945
1591.5308383084018,1591.5308383084018,1591.5308383084018,0.9511
1591.740277818641,1591.740277818641,1591.740277818641,0.866
1591.9497173288803,1591.9497173288803,1591.9497173288803,0.7431
1592.1591568391195,1592.1591568391195,1592.1591568391195,0.5878
1592.3685963493588,1592.3685963493588,1592.3685963493588,0.4067
1592.578035859598,1592.578035859598,1592.578035859598,0.2079
1592.7874753698372,1592.7874753698372,1592.7874753698372,0.0
1592.9969148800765,1592.9969148800765,1592.9969148800765,-0.2079
1593.2063543903157,1593.2063543903157,1593.2063543903157,-0.4067
1593.415793900555,1593.415793900555,1593.415793900555,-0.5878
1593.6252334107942,1593.6252334107942,1593.6252334107942,-0.7431
1593.8346729210334,1593.8346729210334,1593.8346729210334,-0.866
1594.0441124312727,1594.0441124312727,1594.0441124312727,-0.9511
1594.253551941512,1594.253551941512,1594.253551941512,-0.9945
1594.4629914517511,1594.4629914517511,1594.4629914517511,-0.9945
1594.6724309619904,1594.6724309619904,1594.6724309619904,-0.9511
1594.8818704722296,1594.8818704722296,1594.8818704722296,-0.866
1595.0913099824688,1595.0913099824688,1595.0913099824688,-0.7431
1595.300749492708,1595.300749492708,1595.300749492708,-0.5878
1595.5101890029473,1595.5101890029473,1595.5101890029473,-0.4067
1595.7196285131865,1595.7196285131865,1595.7196285131865,-0.2079
1595.9290680234258,1595.9290680234258,1595.9290680234258,-0.0
1596.138507533665,1596.138507533665,1596.138507533665,0.2079
1596.3479470439042,1596.3479470439042,1596.3479470439042,0.4067
1596.5573865541435,1596.5573865541435,1596.5573865541435,0.5878
1596.7668260643827,1596.7668260643827,1596.7668260643827,0.7431
1596.976265574622,1596.976265574622,1596.976265574622,0.866
1597.1857050848612,1597.1857050848612,1597.1857050848612,0.9511
1597.3951445951004,1597.3951445951004,1597.3951445951004,0.9945
1597.6045841053397,1597.6045841053397,1597.6045841053397,0.9945
1597.814023615579,1597.814023615579,1597.814023615579,0.9511
1598.0234631258181,1598.0234631258181,1598.0234631258181,0.866
1598.2329026360574,1598.2329026360574,1598.2329026360574,0.7431
1598.4423421462966,1598.4423421462966,1598.4423421462966,0.5878
1598.6517816565358,1598.6517816565358,1598.6517816565358,0.4067
1598.861221166775,1598.861221166775,1598.861221166775,0.2079
1599.0706606770143,1599.0706606770143,1599.0706606770143,0.0
1599.2801001872535,1599.2801001872535,1599.2801001872535,-0.2079
1599.4895396974928,1599.4895396974928,1599.4895396974928,-0.4067
1599.698979207732,1599.698979207732,1599.698979207732,-0.5878
1599.9084187179712,1599.9084187179712,1599.9084187179712,-0.7431
1600.1178582282105,1600.1178582282105,1600.1178582282105,-0.866
1600.3272977384497,1600.3272977384497,1600.3272977384497,-0.9511
1600.536737248689,1600.536737248689,1600.536737248689,-0.9945
1600.7461767589282,1600.7461767589282,1600.7461767589282,-0.9945
1600.9556162691674,1600.9556162691674,1600.9556162691674,-0.9511
1601.1650557794067,1601.1650557794067,1601.1650557794067,-0.866
1601.374495289646,1601.374495289646,1601.374495289646,-0.7431
1601.5839347998851,1601.5839347998851,1601.5839347998851,-0.5878
1601.7933743101244,1601.7933743101244,1601.7933743101244,-0.4067
1602.0028138203636,1602.0028138203636,1602.0028138203636,-0.2079
1602.2122533306028,1602.2122533306028,1602.2122533306028,-0.0
1602.421692840842,1602.421692840842,1602.421692840842,0.2079
1602.6311323510813,1602.6311323510813,1602.6311323510813,0.4067
1602.8405718613205,1602.8405718613205,1602.8405718613205,0.5878
1603.0500113715598,1603.0500113715598,1603.0500113715598,0.7431
1603.259450881799,1603.259450881799,1603.259450881799,0.866
1603.4688903920382,1603.4688903920382,1603.4688903920382,0.9511
1603.6783299022775,1603.6783299022775,1603.6783299022775,0.9945
1603.8877694125167,1603.8877694125167,1603.8877694125167,0.9945
1604.097208922756,1604.097208922756,1604.097208922756,0.9511
1604.3066484329952,1604.3066484329952,1604.3066484329952,0.866
1604.5160879432344,1604.5160879432344,1604.5160879432344,0.7431
1604.7255274534737,1604.7255274534737,1604.7255274534737,0.5878
1604.934966963713,1604.934966963713,1604.934966963713,0.4067
1605.1444064739521,1605.1444064739521,1605.1444064739521,0.2079
1605.3538459841914,1605.3538459841914,1605.3538459841914,0.0
1605.5632854944306,1605.5632854944306,1605.5632854944306,-0.2079
1605.7727250046698,1605.7727250046698,1605.7727250046698,-0.4067
1605.982164514909,1605.982164514909,1605.982164514909,-0.5878
1606.1916040251483,1606.1916040251483,1606.1916040251483,-0.7431
1606.4010435353875,1606.4010435353875,1606.4010435353875,-0.866
1606.6104830456268,1606.6104830456268,1606.6104830456268,-0.9511
1606.819922555866,1606.819922555866,1606.819922555866,-0.9945
1607.0293620661053,1607.0293620661053,1607.0293620661053,-0.9945
1607.2388015763445,1607.2388015763445,1607.2388015763445,-0.9511
1607.4482410865837,1607.4482410865837,1607.4482410865837,-0.866
1607.657680596823,1607.657680596823,1607.657680596823,-0.7431
1607.8671201070622,1607.8671201070622,1607.8671201070622,-0.5878
1608.0765596173014,1608.0765596173014,1608.0765596173014,-0.4067
1608.2859991275407,1608.2859991275407,1608.2859991275407,-0.2079
1608.49543863778,1608.49543863778,1608.49543863778,-0.0
1608.7048781480191,1608.7048781480191,1608.7048781480191,0.2079
1608.9143176582584,1608.9143176582584,1608.9143176582584,0.4067
1609.1237571684976,1609.1237571684976,1609.1237571684976,0.5878
1609.3331966787368,1609.3331966787368,1609.3331966787368,0.7431
1609.542636188976,1609.542636188976,1609.542636188976,0.866
1609.7520756992153,1609.7520756992153,1609.7520756992153,0.9511
1609.9615152094545,1609.9615152094545,1609.9615152094545,0.9945
1610.1709547196938,1610.1709547196938,1610.1709547196938,0.9945
1610.380394229933,1610.380394229933,1610.380394229933,0.9511
1610.5898337401723,1610.5898337401723,1610.5898337401723,0.866
1610.7992732504115,1610.7992732504115,1610.7992732504115,0.7431
1611.0087127606507,1611.0087127606507,1611.0087127606507,0.5878
1611.21815227089,1611.21815227089,1611.21815227089,0.4067
1611.4275917811292,1611.4275917811292,1611.4275917811292,0.2079
1611.6370312913684,1611.6370312913684,1611.6370312913684,0.0
1611.8464708016077,1611.8464708016077,1611.8464708016077,-0.2079
1612.055910311847,1612.055910311847,1612.055910311847,-0.4067
1612.2653498220861,1612.2653498220861,1612.2653498220861,-0.5878
1612.4747893323254,1612.4747893323254,1612.4747893323254,-0.7431
1612.6842288425646,1612.6842288425646,1612.6842288425646,-0.866
1612.8936683528038,1612.8936683528038,1612.8936683528038,-0.9511
1613.103107863043,1613.103107863043,1613.103107863043,-0.9945
1613.3125473732823,1613.3125473732823,1613.3125473732823,-0.9945
1613.5219868835215,1613.5219868835215,1613.5219868835215,-0.9511
1613.7314263937608,1613.7314263937608,1613.7314263937608,-0.866
1613.940865904,1613.940865904,1613.940865904,-0.7431
1614.1503054142393,1614.1503054142393,1614.1503054142393,-0.5878
1614.3597449244785,1614.3597449244785,1614.3597449244785,-0.4067
1614.5691844347177,1614.5691844347177,1614.5691844347177,-0.2079
1614.778623944957,1614.778623944957,1614.778623944957,-0.0
1614.9880634551962,1614.9880634551962,1614.9880634551962,0.2079
1615.1975029654354,1615.1975029654354,1615.1975029654354,0.4067
1615.4069424756747,1615.4069424756747,1615.4069424756747,0.5878
1615.616381985914,1615.616381985914,1615.616381985914,0.7431
1615.8258214961531,1615.8258214961531,1615.8258214961531,0.866
1616.0352610063924,1616.0352610063924,1616.0352610063924,0.9511
1616.2447005166316,1616.2447005166316,1616.2447005166316,0.9945
1616.4541400268708,1616.4541400268708,1616.4541400268708,0.9945
1616.66357953711,1616.66357953711,1616.66357953711,0.9511
1616.8730190473493,1616.8730190473493,1616.8730190473493,0.866
1617.0824585575886,1617.0824585575886,1617.0824585575886,0.7431
1617.2918980678278,1617.2918980678278,1617.2918980678278,0.5878
1617.501337578067,1617.501337578067,1617.501337578067,0.4067
1617.7107770883063,1617.7107770883063,1617.7107770883063,0.2079
1617.9202165985455,1617.9202165985455,1617.9202165985455,0.0
1618.1296561087847,1618.1296561087847,1618.1296561087847,-0.2079
1618.339095619024,1618.339095619024,1618.339095619024,-0.4067
1618.5485351292632,1618.5485351292632,1618.5485351292632,-0.5878
1618.7579746395024,1618.7579746395024,1618.7579746395024,-0.7431
1618.9674141497417,1618.9674141497417,1618.9674141497417,-0.866
1619.176853659981,1619.176853659981,1619.176853659981,-0.9511
1619.3862931702201,1619.3862931702201,1619.3862931702201,-0.9945
1619.5957326804594,1619.5957326804594,1619.5957326804594,-0.9945
1619.8051721906986,1619.8051721906986,1619.8051721906986,-0.9511
1620.0146117009378,1620.0146117009378,1620.0146117009378,-0.866
1620.224051211177,1620.224051211177,1620.224051211177,-0.7431
1620.4334907214163,1620.4334907214163,1620.4334907214163,-0.5878
1620.6429302316556,1620.6429302316556,1620.6429302316556,-0.4067
1620.8523697418948,1620.8523697418948,1620.8523697418948,-0.2079
1621.061809252134,1621.061809252134,1621.061809252134,-0.0
1621.2712487623733,1621.2712487623733,1621.2712487623733,0.2079
1621.4806882726125,1621.4806882726125,1621.4806882726125,0.4067
1621.6901277828517,1621.6901277828517,1621.6901277828517,0.5878
1621.899567293091,1621.899567293091,1621.899567293091,0.7431
1622.1090068033302,1622.1090068033302,1622.1090068033302,0.866
1622.3184463135694,1622.3184463135694,1622.3184463135694,0.9511
1622.5278858238087,1622.5278858238087,1622.5278858238087,0.9945
1622.737325334048,1622.737325334048,1622.737325334048,0.9945
1622.9467648442871,1622.9467648442871,1622.9467648442871,0.9511
1623.1562043545264,1623.1562043545264,1623.1562043545264,0.866
1623.3656438647656,1623.3656438647656,1623.3656438647656,0.7431
1623.5750833750049,1623.5750833750049,1623.5750833750049,0.5878
1623.784522885244,1623.784522885244,1623.784522885244,0.4067
1623.9939623954833,1623.9939623954833,1623.9939623954833,0.2079
1624.2034019057226,1624.2034019057226,1624.2034019057226,0.0
1624.4128414159618,1624.4128414159618,1624.4128414159618,-0.2079
1624.622280926201,1624.622280926201,1624.622280926201,-0.4067
1624.8317204364403,1624.8317204364403,1624.8317204364403,-0.5878
1625.0411599466795,1625.0411599466795,1625.0411599466795,-0.7431
1625.2505994569187,1625.2505994569187,1625.2505994569187,-0.866
1625.460038967158,1625.460038967158,1625.460038967158,-0.9511
1625.6694784773972,1625.6694784773972,1625.6694784773972,-0.9945
1625.8789179876364,1625.8789179876364,1625.8789179876364,-0.9945
1626.0883574978757,1626.0883574978757,1626.0883574978757,-0.9511
1626.297797008115,1626.297797008115,1626.297797008115,-0.866
1626.5072365183541,1626.5072365183541,1626.5072365183541,-0.7431
1626.7166760285934,1626.7166760285934,1626.7166760285934,-0.5878
1626.9261155388326,1626.9261155388326,1626.9261155388326,-0.4067
1627.1355550490719,1627.1355550490719,1627.1355550490719,-0.2079
1627.344994559311,1627.344994559311,1627.344994559311,-0.0
1627.5544340695503,1627.5544340695503,1627.5544340695503,0.2079
1627.7638735797896,1627.7638735797896,1627.7638735797896,0.4067
1627.9733130900288,1627.9733130900288,1627.9733130900288,0.5878
1628.182752600268,1628.182752600268,1628.182752600268,0.7431
1628.3921921105073,1628.3921921105073,1628.3921921105073,0.866
1628.6016316207465,1628.6016316207465,1628.6016316207465,0.9511
1628.8110711309857,1628.8110711309857,1628.8110711309857,0.9945
1629.020510641225,1629.020510641225,1629.020510641225,0.9945
1629.2299501514642,1629.2299501514642,1629.2299501514642,0.9511
1629.4393896617034,1629.4393896617034,1629.4393896617034,0.866
1629.6488291719427,1629.6488291719427,1629.6488291719427,0.7431
1629.858268682182,1629.858268682182,1629.858268682182,0.5878
1630.0677081924212,1630.0677081924212,1630.0677081924212,0.4067
1630.2771477026604,1630.2771477026604,1630.2771477026604,0.2079
1630.4865872128996,1630.4865872128996,1630.4865872128996,0.0
1630.6960267231389,1630.6960267231389,1630.6960267231389,-0.2079
1630.905466233378,1630.905466233378,1630.905466233378,-0.4067
1631.1149057436173,1631.1149057436173,1631.1149057436173,-0.5878
1631.3243452538566,1631.3243452538566,1631.3243452538566,-0.7431
1631.5337847640958,1631.5337847640958,1631.5337847640958,-0.866
1631.743224274335,1631.743224274335,1631.743224274335,-0.9511
1631.9526637845743,1631.9526637845743,1631.9526637845743,-0.9945
1632.1621032948135,1632.1621032948135,1632.1621032948135,-0.9945
1632.3715428050527,1632.3715428050527,1632.3715428050527,-0.9511
1632.580982315292,1632.580982315292,1632.580982315292,-0.866
1632.7904218255312,1632.7904218255312,1632.7904218255312,-0.7431
1632.9998613357704,1632.9998613357704,1632.9998613357704,-0.5878
1633.2093008460097,1633.2093008460097,1633.2093008460097,-0.4067
1633.418740356249,1633.418740356249,1633.418740356249,-0.2079
1633.6281798664882,1633.6281798664882,1633.6281798664882,-0.0
1633.8376193767274,1633.8376193767274,1633.8376193767274,0.2079
1634.0470588869666,1634.0470588869666,1634.0470588869666,0.4067
1634.2564983972059,1634.2564983972059,1634.2564983972059,0.5878
1634.465937907445,1634.465937907445,1634.465937907445,0.7431
1634.6753774176843,1634.6753774176843,1634.6753774176843,0.866
1634.8848169279236,1634.8848169279236,1634.8848169279236,0.9511
1635.0942564381628,1635.0942564381628,1635.0942564381628,0.9945
1635.303695948402,1635.303695948402,1635.303695948402,0.9945
1635.5131354586413,1635.5131354586413,1635.5131354586413,0.9511
1635.7225749688805,1635.7225749688805,1635.7225749688805,0.866
1635.9320144791197,1635.9320144791197,1635.9320144791197,0.7431
1636.141453989359,1636.141453989359,1636.141453989359,0.5878
1636.3508934995982,1636.3508934995982,1636.3508934995982,0.4067
1636.5603330098374,1636.5603330098374,1636.5603330098374,0.2079
1636.7697725200767,1636.7697725200767,1636.7697725200767,0.0
1636.979212030316,1636.979212030316,1636.979212030316,-0.2079
1637.1886515405552,1637.1886515405552,1637.1886515405552,-0.4067
1637.3980910507944,1637.3980910507944,1637.3980910507944,-0.5878
1637.6075305610336,1637.6075305610336,1637.6075305610336,-0.7431
1637.8169700712729,1637.8169700712729,1637.8169700712729,-0.866
1638.026409581512,1638.026409581512,1638.026409581512,-0.9511
1638.2358490917513,1638.2358490917513,1638.2358490917513,-0.9945
1638.4452886019906,1638.4452886019906,1638.4452886019906,-0.9945
1638.6547281122298,1638.6547281122298,1638.6547281122298,-0.9511
1638.864167622469,1638.864167622469,1638.864167622469,-0.866
1639.0736071327083,1639.0736071327083,1639.0736071327083,-0.7431
1639.2830466429475,1639.2830466429475,1639.2830466429475,-0.5878
1639.4924861531867,1639.4924861531867,1639.4924861531867,-0.4067
1639.701925663426,1639.701925663426,1639.701925663426,-0.2079
1639.9113651736652,1639.9113651736652,1639.9113651736652,-0.0
1640.1208046839045,1640.1208046839045,1640.1208046839045,0.2079
1640.3302441941437,1640.3302441941437,1640.3302441941437,0.4067
1640.539683704383,1640.539683704383,1640.539683704383,0.5878
1640.7491232146222,1640.7491232146222,1640.7491232146222,0.7431
1640.9585627248614,1640.9585627248614,1640.9585627248614,0.866
1641.1680022351006,1641.1680022351006,1641.1680022351006,0.9511
1641.3774417453399,1641.3774417453399,1641.3774417453399,0.9945
1641.586881255579,1641.586881255579,1641.586881255579,0.9945
1641.7963207658183,1641.7963207658183,1641.7963207658183,0.9511
1642.0057602760576,1642.0057602760576,1642.0057602760576,0.866
1642.2151997862968,1642.2151997862968,1642.2151997862968,0.7431
1642.424639296536,1642.424639296536,1642.424639296536,0.5878
1642.6340788067753,1642.6340788067753,1642.6340788067753,0.4067
1642.8435183170145,1642.8435183170145,1642.8435183170145,0.2079
1643.0529578272537,1643.0529578272537,1643.0529578272537,0.0
1643.262397337493,1643.262397337493,1643.262397337493,-0.2079
1643.4718368477322,1643.4718368477322,1643.4718368477322,-0.4067
1643.6812763579715,1643.6812763579715,1643.6812763579715,-0.5878
1643.8907158682107,1643.8907158682107,1643.8907158682107,-0.7431
1644.10015537845,1644.10015537845,1644.10015537845,-0.866
1644.3095948886892,1644.3095948886892,1644.3095948886892,-0.9511
1644.5190343989284,1644.5190343989284,1644.5190343989284,-0.9945
1644.7284739091676,1644.7284739091676,1644.7284739091676,-0.9945
1644.9379134194069,1644.9379134194069,1644.9379134194069,-0.9511
1645.147352929646,1645.147352929646,1645.147352929646,-0.866
1645.3567924398853,1645.3567924398853,1645.3567924398853,-0.7431
1645.5662319501246,1645.5662319501246,1645.5662319501246,-0.5878
1645.7756714603638,1645.7756714603638,1645.7756714603638,-0.4067
1645.985110970603,1645.985110970603,1645.985110970603,-0.2079
1646.1945504808423,1646.1945504808423,1646.1945504808423,-0.0
1646.4039899910815,1646.4039899910815,1646.4039899910815,0.2079
1646.6134295013208,1646.6134295013208,1646.6134295013208,0.4067
1646.82286901156,1646.82286901156,1646.82286901156,0.5878
1647.0323085217992,1647.0323085217992,1647.0323085217992,0.7431
1647.2417480320385,1647.2417480320385,1647.2417480320385,0.866
1647.4511875422777,1647.4511875422777,1647.4511875422777,0.9511
1647.660627052517,1647.660627052517,1647.660627052517,0.9945
1647.8700665627562,1647.8700665627562,1647.8700665627562,0.9945
1648.0795060729954,1648.0795060729954,1648.0795060729954,0.9511
1648.2889455832346,1648.2889455832346,1648.2889455832346,0.866
1648.4983850934739,1648.4983850934739,1648.4983850934739,0.7431
1648.707824603713,1648.707824603713,1648.707824603713,0.5878
1648.9172641139523,1648.9172641139523,1648.9172641139523,0.4067
1649.1267036241916,1649.1267036241916,1649.1267036241916,0.2079
1649.3361431344308,1649.3361431344308,1649.3361431344308,0.0
1649.54558264467,1649.54558264467,1649.54558264467,-0.2079
1649.7550221549093,1649.7550221549093,1649.7550221549093,-0.4067
1649.9644616651485,1649.9644616651485,1649.9644616651485,-0.5878
1650.1739011753878,1650.1739011753878,1650.1739011753878,-0.7431
1650.383340685627,1650.383340685627,1650.383340685627,-0.866
1650.5927801958662,1650.5927801958662,1650.5927801958662,-0.9511
1650.8022197061055,1650.8022197061055,1650.8022197061055,-0.9945
1651.0116592163447,1651.0116592163447,1651.0116592163447,-0.9945
1651.221098726584,1651.221098726584,1651.221098726584,-0.9511
1651.4305382368232,1651.4305382368232,1651.4305382368232,-0.866
1651.6399777470624,1651.6399777470624,1651.6399777470624,-0.7431
1651.8494172573016,1651.8494172573016,1651.8494172573016,-0.5878
1652.0588567675409,1652.0588567675409,1652.0588567675409,-0.4067
1652.26829627778,1652.26829627778,1652.26829627778,-0.2079
1652.4777357880193,1652.4777357880193,1652.4777357880193,-0.0
1652.6871752982586,1652.6871752982586,1652.6871752982586,0.2079
1652.8966148084978,1652.8966148084978,1652.8966148084978,0.4067
1653.106054318737,1653.106054318737,1653.106054318737,0.5878
1653.3154938289763,1653.3154938289763,1653.3154938289763,0.7431
1653.5249333392155,1653.5249333392155,1653.5249333392155,0.866
1653.7343728494548,1653.7343728494548,1653.7343728494548,0.9511
1653.943812359694,1653.943812359694,1653.943812359694,0.9945
1654.1532518699332,1654.1532518699332,1654.1532518699332,0.9945
1654.3626913801725,1654.3626913801725,1654.3626913801725,0.9511
1654.5721308904117,1654.5721308904117,1654.5721308904117,0.866
1654.781570400651,1654.781570400651,1654.781570400651,0.7431
1654.9910099108902,1654.9910099108902,1654.9910099108902,0.5878
1655.2004494211294,1655.2004494211294,1655.2004494211294,0.4067
1655.4098889313686,1655.4098889313686,1655.4098889313686,0.2079
1655.6193284416079,1655.6193284416079,1655.6193284416079,0.0
1655.828767951847,1655.828767951847,1655.828767951847,-0.2079
1656.0382074620863,1656.0382074620863,1656.0382074620863,-0.4067
1656.2476469723256,1656.2476469723256,1656.2476469723256,-0.5878
1656.4570864825648,1656.4570864825648,1656.4570864825648,-0.7431
1656.666525992804,1656.666525992804,1656.666525992804,-0.866
1656.8759655030433,1656.8759655030433,1656.8759655030433,-0.9511
1657.0854050132825,1657.0854050132825,1657.0854050132825,-0.9945
1657.2948445235218,1657.2948445235218,1657.2948445235218,-0.9945
1657.504284033761,1657.504284033761,1657.504284033761,-0.9511
1657.7137235440002,1657.7137235440002,1657.7137235440002,-0.866
1657.9231630542395,1657.9231630542395,1657.9231630542395,-0.7431
