3,0,4,81
4,0,5,80
6,0,1,91
7,0,5,90
8,0,5,99
10,0,2,107
11,0,2,114
13,0,4,125
14,0,3,135
16,1,1,151
17,0,4,156
19,0,4,166
20,0,3,173
22,0,2,181
23,0,2,184
25,0,3,186
26,0,3,188
28,0,3,183
29,0,3,179
31,0,2,172
32,0,4,161
34,0,2,153
35,0,2,146
37,0,3,130
38,0,5,124
40,1,3,116
41,0,3,102
44,0,4,96
45,-2,4,91
47,0,3,82
48,0,0,81
50,0,4,80
51,0,4,82
53,1,5,82
54,0,3,84
56,1,3,87
57,0,6,95
58,2,4,102
60,0,3,108
61,0,5,123
63,0,4,128
64,0,5,138
66,0,2,151
67,0,4,157
69,0,2,168
70,0,4,176
72,0,2,180
73,0,4,184
75,0,5,186
76,0,3,183
78,0,2,185
80,-2,4,176
81,0,1,171
83,0,3,162
84,0,3,152
87,-2,4,142
88,0,2,129
90,0,2,119
91,0,2,114
93,-2,5,106
94,0,2,94
96,0,2,90
97,0,3,85
98,0,3,81
100,0,4,81
101,0,5,80
103,1,3,80
104,0,3,83
106,0,3,90
107,1,4,97
109,0,4,104
110,-2,3,112
112,0,5,124
114,0,1,135
115,0,3,143
117,0,5,157
118,0,3,168
120,0,4,172
121,2,4,178
123,0,4,185
124,0,2,186
126,0,3,188
129,0,3,183
130,0,5,178
132,0,4,171
133,0,2,161
135,0,5,154
136,0,2,142
138,-2,4,132
139,0,2,124
141,0,3,111
142,0,4,102
144,0,5,96
146,0,4,88
147,0,4,81
149,0,3,82
150,0,4,78
152,1,4,79
153,0,2,80
155,-2,6,85
156,3,1,95
157,0,6,96
159,0,5,103
161,0,2,115
162,0,5,122
164,0,3,135
165,0,5,149
167,0,5,158
168,0,1,167
171,0,1,178
172,1,4,182
174,0,6,185
176,-3,1,188
177,0,1,188
179,0,1,183
180,0,1,177
182,-5,5,171
183,0,4,159
185,0,2,151
186,0,2,139
188,0,4,129
190,0,1,118
191,0,4,108
193,0,4,100
194,0,3,94
196,0,4,86
197,0,4,82
199,0,6,83
200,0,3,80
202,0,4,79
203,0,4,83
205,0,4,86
206,1,4,91
208,2,2,97
209,0,1,109
211,0,1,119
212,0,0,129
215,0,7,137
216,0,2,149
218,0,5,160
219,0,3,171
221,0,4,176
223,0,2,185
224,-2,5,188
226,0,0,187
227,0,5,183
229,0,3,183
230,0,3,176
232,0,3,167
233,0,4,157
235,0,1,147
237,0,3,135
238,0,4,128
240,0,3,116
241,0,3,107
243,0,4,99
244,0,0,95
246,0,4,87
247,0,3,85
249,0,2,79
250,0,2,79
252,0,4,78
253,3,3,84
256,0,1,90
257,1,4,95
259,0,6,98
260,0,1,109
262,0,3,116
263,0,4,132
265,0,1,140
266,1,3,151
268,0,2,160
270,1,2,172
271,1,3,175
273,0,3,184
274,0,1,184
276,0,1,190
277,0,3,184
279,0,3,180
280,0,3,174
282,-3,3,166
283,0,2,159
285,0,2,145
287,0,4,135
288,0,3,127
290,0,1,115
291,0,3,104
293,0,3,98
294,0,3,91
296,0,4,86
297,0,3,80
300,0,4,80
301,0,4,76
303,0,4,83
304,0,4,83
306,0,0,88
307,0,4,94
309,0,3,103
310,0,2,111
312,0,3,123
313,0,3,133
315,0,6,144
317,0,2,155
318,0,2,164
320,0,4,173
321,0,4,180
323,2,2,183
324,0,3,186
326,-2,3,184
327,0,2,187
329,0,3,177
331,0,3,172
332,0,3,161
334,-2,5,153
335,0,3,140
337,-3,3,136
338,0,4,124
340,-2,4,115
342,0,3,104
344,0,3,96
345,0,3,91
347,0,3,87
348,0,2,84
350,0,3,82
351,0,4,78
353,0,3,83
354,1,1,85
356,0,4,94
357,-2,3,98
359,0,5,105
361,0,3,116
362,0,5,126
364,0,4,133
365,0,1,146
367,0,3,157
368,0,2,164
370,-2,4,175
371,0,3,178
373,0,4,185
375,0,3,190
376,0,5,187
378,0,8,184
379,0,4,176
381,0,3,170
382,0,2,161
385,0,4,151
386,0,3,140
388,0,2,130
389,0,4,121
391,0,5,112
393,0,3,100
394,0,3,94
396,0,3,90
397,0,5,86
399,0,2,80
400,0,4,80
402,0,3,77
403,0,4,82
405,0,4,86
406,0,4,92
408,0,2,98
409,0,4,106
411,0,5,116
412,-2,4,126
414,0,5,136
415,0,3,150
417,0,3,160
418,0,2,169
420,0,2,176
422,0,3,185
423,0,1,187
425,1,4,188
427,0,4,187
429,0,2,184
430,0,3,177
432,0,3,169
433,0,2,159
435,0,2,147
437,2,4,138
438,0,1,128
440,1,3,119
441,0,2,109
443,0,2,102
444,0,3,92
446,0,6,89
447,0,4,83
449,0,4,80
450,0,3,80
452,0,1,83
453,0,4,86
455,0,2,87
456,0,2,92
458,0,3,100
459,0,5,110
461,0,4,119
462,0,3,128
464,0,4,138
466,0,4,151
467,0,4,160
470,2,4,169
471,0,3,178
473,0,2,184
474,0,2,185
476,-2,3,185
477,-2,4,186
479,0,2,181
481,0,3,174
482,0,1,165
484,0,2,154
485,0,1,146
487,0,2,132
488,0,4,124
490,0,1,115
491,2,4,103
493,0,3,96
494,0,3,90
496,0,4,86
497,1,2,81
499,0,3,82
500,0,1,78
502,0,4,81
503,1,2,83
505,0,2,88
506,0,4,95
508,0,4,101
509,0,4,113
512,0,7,121
514,0,1,132
515,0,4,147
517,0,3,153
518,0,4,163
520,-2,4,172
521,0,1,179
523,0,5,182
524,0,4,186
526,0,3,188
528,-3,7,187
529,1,2,179
531,0,4,173
532,0,5,165
534,-2,4,156
535,0,2,144
537,0,2,135
538,0,1,124
540,0,5,111
542,2,1,104
543,0,4,100
545,1,6,92
546,0,4,87
548,0,4,83
549,0,5,80
551,0,2,79
552,0,4,84
555,0,6,86
556,0,3,90
558,1,3,99
559,1,5,102
561,-2,3,114
562,0,4,125
564,1,2,134
565,0,4,145
567,0,4,156
568,0,3,165
570,0,4,174
572,0,3,179
573,0,2,181
575,0,4,187
576,0,5,188
578,-2,4,184
579,-3,4,176
581,0,2,168
582,0,3,161
584,0,2,153
586,0,1,144
587,-2,5,132
589,0,5,120
590,0,3,111
592,0,5,99
593,0,5,96
595,1,3,88
596,0,5,85
599,0,5,80
600,0,4,78
602,0,5,78
603,0,3,84
605,0,2,87
606,0,1,91
608,0,5,96
609,0,2,107
611,0,0,116
612,0,3,128
614,-2,4,135
615,0,2,150
617,-2,1,158
619,0,2,170
620,0,3,174
622,0,3,178
623,0,2,188
625,0,3,188
626,1,2,184
628,0,3,179
629,0,2,174
631,0,4,169
633,0,2,160
634,0,2,151
636,-2,4,140
637,0,4,128
640,0,3,116
641,-2,4,109
643,0,2,99
644,0,6,95
646,0,3,93
647,0,3,85
649,0,5,81
650,2,3,80
652,0,5,80
653,0,3,82
655,0,3,85
656,0,5,92
658,0,3,101
659,0,4,109
661,0,4,121
663,0,5,128
664,-2,3,142
666,0,2,151
667,1,1,163
669,0,2,171
670,0,4,177
672,0,1,183
673,-2,3,187
675,-2,1,188
677,-2,2,184
678,0,0,177
680,0,1,176
681,0,4,163
684,0,3,157
685,0,4,148
687,-2,4,139
688,0,0,125
690,0,3,115
692,0,5,109
693,-2,3,101
695,0,3,94
696,0,2,87
698,0,5,82
699,0,5,79
701,0,6,81
702,0,4,82
704,0,3,82
705,0,3,90
707,0,1,95
708,0,2,101
710,0,4,110
711,0,3,122
713,2,3,133
714,-2,4,143
716,0,5,154
717,0,3,161
719,0,2,172
721,-3,4,178
722,0,2,182
724,0,4,184
726,0,1,190
728,0,3,186
729,1,2,177
731,0,1,172
732,0,3,164
734,0,2,157
736,0,2,141
737,0,4,133
739,0,3,124
740,0,1,113
742,0,6,106
743,0,6,93
745,0,4,91
746,1,4,85
748,1,2,81
749,0,6,79
751,0,3,81
752,0,3,79
754,0,4,81
755,1,3,89
757,-1,3,97
758,-2,4,105
760,0,3,114
761,0,6,125
763,0,2,135
764,0,3,146
766,0,2,157
769,0,3,166
770,-2,5,173
772,1,2,180
773,0,3,185
775,-3,3,186
776,0,1,185
778,0,0,184
779,0,5,177
781,0,1,170
783,0,3,160
784,0,4,151
786,0,4,142
787,0,3,129
789,0,3,121
790,-3,5,108
792,0,4,100
793,-2,3,96
795,0,7,87
796,0,4,86
798,0,5,80
799,0,3,81
801,0,3,81
802,0,5,81
804,0,4,88
805,1,3,92
807,1,4,98
808,0,5,105
811,0,3,116
813,0,2,127
814,-2,3,140
816,-2,6,148
817,0,3,160
819,0,3,167
820,0,3,176
822,0,2,182
823,0,0,185
825,0,3,188
827,0,2,187
828,0,4,180
830,0,4,177
831,0,1,172
833,0,2,160
834,0,1,147
836,0,3,137
837,0,3,126
839,0,4,119
840,0,3,108
842,0,3,100
844,1,4,94
845,0,6,85
847,0,5,83
848,0,3,82
850,0,3,80
851,0,6,81
854,0,5,80
855,0,3,90
857,0,6,94
858,0,5,100
860,0,3,109
861,0,3,119
863,0,6,130
864,0,3,140
866,0,2,153
867,1,3,160
869,0,3,171
871,1,3,178
872,-3,6,182
874,-2,3,187
875,0,3,187
877,0,2,184
878,-2,2,179
880,0,3,172
881,0,3,163
883,0,1,153
884,0,1,143
886,0,3,136
888,0,3,122
889,0,6,116
891,0,3,105
892,0,4,98
894,0,5,92
896,1,2,87
898,0,4,84
899,3,1,78
901,0,2,81
902,0,6,80
904,0,3,86
905,0,3,90
907,0,3,96
908,0,4,102
910,0,3,111
911,0,3,121
913,0,5,130
914,0,2,140
916,0,1,153
918,0,3,163
919,0,3,170
921,0,2,180
922,0,3,181
924,0,6,183
925,0,5,184
927,0,4,184
928,0,0,181
930,1,1,171
932,0,4,164
933,0,2,152
935,0,6,144
936,0,0,132
939,0,3,121
940,0,3,113
942,0,2,104
943,0,4,96
945,0,5,91
946,0,3,84
948,0,4,80
949,0,3,80
951,0,3,79
952,0,5,82
954,0,3,88
955,0,4,87
957,1,3,94
958,0,3,103
960,0,3,113
961,0,3,125
963,0,4,132
965,0,4,145
966,-3,5,154
968,0,3,167
969,0,2,172
971,0,2,179
972,-2,6,184
974,0,1,188
975,0,4,186
977,0,1,180
979,0,2,178
980,-2,1,171
983,-2,3,163
984,0,3,152
986,0,3,144
987,0,3,130
989,0,6,118
990,0,3,110
992,1,4,102
994,0,2,94
995,0,3,89
997,0,4,85
998,0,4,80
1000,0,3,80
1001,0,2,80
1003,0,4,83
1004,0,4,87
1006,0,3,92
1007,0,3,99
1009,0,4,108
1010,-2,2,118
1012,0,3,129
1014,-3,3,139
1015,0,3,151
1017,0,2,160
1018,0,3,171
1020,0,1,177
1022,0,0,182
1024,0,6,185
1026,1,2,186
1027,0,2,188
1029,-2,2,177
1031,0,5,173
1032,0,3,164
1034,0,5,154
1035,0,4,142
1037,0,4,131
1039,1,4,120
1040,0,4,112
1042,0,3,103
1043,0,3,96
1045,0,6,91
1046,0,5,84
1048,-3,4,82
1050,0,3,80
1051,0,5,79
1053,0,6,81
1054,0,3,88
1056,0,3,91
1057,0,3,100
1059,0,3,110
1060,0,1,118
1062,1,4,129
1064,0,3,140
1065,0,3,152
1068,0,3,163
1069,0,0,173
1071,0,3,179
1073,0,1,184
1074,0,3,189
1076,0,4,187
1077,0,5,183
1079,0,3,178
1081,1,0,172
1082,0,3,161
1084,0,3,150
1085,0,5,139
1087,0,2,128
1089,0,6,119
1090,2,0,108
1092,1,5,100
1093,0,1,96
1095,0,4,87
1096,0,5,85
1098,0,4,81
1100,0,4,79
1101,0,7,79
1103,0,4,82
1104,0,4,90
1106,0,4,92
1107,0,2,103
1110,0,4,110
1111,0,4,120
1113,0,3,133
1115,0,3,142
1116,0,4,152
1118,1,3,163
1119,-2,1,172
1121,1,4,180
1123,0,1,185
1124,0,2,185
1126,0,1,187
1127,0,3,184
1129,0,3,176
1131,0,2,171
1132,0,3,160
1134,0,3,152
1135,0,5,135
1137,0,3,128
1139,0,1,120
1140,0,4,109
1142,0,3,95
1143,1,5,92
1145,2,4,86
1146,1,0,84
1148,0,3,83
1150,0,2,78
1152,0,2,79
1154,0,4,84
1155,0,4,91
1157,0,3,93
1158,-2,4,106
1160,0,3,113
1161,0,3,121
1163,0,4,130
1165,0,2,144
1166,0,2,158
1168,0,3,168
1169,0,3,176
1171,0,1,180
1173,-2,3,185
1174,0,5,188
1176,0,1,186
1177,0,2,182
1179,0,3,175
1181,0,4,171
1182,0,3,160
1184,0,0,151
1185,0,4,139
1187,1,5,129
1189,0,3,117
1190,2,3,108
1192,2,2,99
1193,0,6,88
1196,0,3,84
1197,0,6,81
1199,-2,4,77
1201,0,3,79
1202,1,4,80
1204,0,3,86
1205,0,6,89
1207,0,5,96
1208,0,3,103
1210,0,3,113
1211,-2,5,124
1213,0,1,135
1215,0,3,144
1216,0,0,157
1218,0,1,164
1219,0,2,175
1221,0,3,182
1223,-2,3,186
1224,0,3,186
1226,0,2,186
1227,0,3,180
1229,0,2,175
1231,0,4,169
1232,0,1,159
1234,0,4,145
1235,0,6,136
1238,0,4,128
1240,0,5,113
1241,2,1,108
1243,0,3,97
1244,0,4,94
1246,0,2,88
1247,0,3,81
1249,0,2,79
1250,0,4,77
1252,1,3,81
1254,0,3,86
1255,0,3,89
1257,0,5,96
1258,0,3,105
1260,0,4,113
1261,-2,4,128
1263,1,4,136
1265,-2,3,147
1266,0,3,156
1268,0,3,168
1269,0,3,178
1271,0,3,181
1273,0,3,188
1274,0,3,188
1276,0,4,186
1277,0,6,182
1280,0,1,172
1282,0,3,167
1283,0,3,157
1285,0,6,144
1286,0,3,136
1288,0,3,125
1290,0,5,114
1291,0,3,101
1293,0,3,96
1294,0,7,94
1296,0,4,83
1297,0,4,83
1299,0,2,79
1300,0,3,82
1302,0,6,81
1304,0,4,85
1305,0,3,88
1307,0,2,100
1308,0,6,105
1310,0,2,117
1311,0,1,125
1313,0,3,138
1315,0,4,148
1316,0,5,161
1318,0,4,168
1319,0,3,177
1321,0,3,179
1324,1,0,182
1325,0,2,191
1327,0,5,186
1328,0,5,180
1330,0,2,173
1332,0,3,167
1333,0,4,157
1335,0,3,146
1336,0,3,133
1338,0,6,124
1340,0,4,113
1341,0,3,104
1343,0,3,95
1344,-2,4,89
1346,1,2,85
1347,0,3,81
1349,0,3,79
1350,1,1,81
1352,0,2,85
1354,1,3,88
1355,0,3,92
1357,0,2,100
1358,0,5,104
1360,0,2,116
1361,0,3,128
1363,0,5,138
1366,0,3,151
1367,0,3,159
1369,0,1,169
1370,0,3,175
1372,0,0,183
1374,0,3,185
1375,0,2,188
1377,0,3,182
1378,0,3,177
1380,0,1,172
1382,0,4,162
1383,0,2,158
1385,-2,3,143
1386,0,2,131
1388,0,1,124
1390,0,5,112
1391,0,4,102
1393,0,5,96
1394,0,3,87
1396,0,4,84
1397,0,4,80
1399,0,1,79
1400,1,3,79
1402,0,3,82
1404,0,0,86
1405,0,3,95
1408,0,4,101
1409,0,1,108
1411,0,3,120
1412,1,1,128
1414,0,1,140
1416,0,4,148
1417,-3,3,164
1419,0,0,169
1420,0,3,180
1422,0,3,184
1424,0,0,190
1425,0,2,187
1427,-3,4,182
1428,0,2,178
1430,0,2,172
1432,0,4,161
1433,0,4,151
1435,0,4,141
1436,0,4,131
1438,0,1,123
1440,0,3,112
1441,1,1,103
1443,0,4,94
1444,0,3,89
1446,0,3,85
1447,2,2,80
1449,0,3,78
1452,0,5,79
1453,1,3,84
1455,0,3,88
1456,0,3,96
1458,-2,6,102
1459,1,4,110
1461,1,3,118
1463,0,2,131
1464,1,3,143
1466,0,3,154
1467,0,3,162
1469,0,1,172
1470,0,0,180
1472,0,4,180
1474,0,3,186
1475,0,3,188
1477,0,1,184
1478,1,3,180
1480,0,1,172
1482,0,2,160
1483,0,3,152
1485,-3,2,139
1486,0,4,129
1488,0,5,118
1490,0,2,108
1491,0,4,98
1494,-2,4,92
1495,0,3,85
1497,0,4,84
1498,0,3,76
1500,0,4,81
1502,0,3,79
1503,1,4,83
1505,0,3,88
1506,0,4,96
1508,0,2,103
1509,0,3,109
1511,0,4,122
1513,0,3,135
1514,0,3,143
1516,0,2,154
1517,0,4,163
1519,-2,4,173
1520,0,3,181
1522,-2,1,184
1524,0,5,186
1525,0,3,187
1527,0,4,181
1528,-2,4,177
1530,0,2,169
1532,0,3,160
1533,0,2,150
1536,0,1,137
1537,0,4,127
1539,0,4,113
1541,0,2,106
1542,0,2,97
1544,-2,4,92
1545,0,5,86
1547,-2,3,84
1548,0,3,83
1550,0,3,84
1552,0,6,83
1553,-2,4,88
1555,0,3,93
1556,1,3,96
1558,0,5,101
1559,0,3,114
1561,0,1,124
1563,1,0,135
1564,0,3,145
1566,1,0,157
1567,1,0,167
1569,0,0,173
1571,0,4,182
1572,0,0,185
1574,0,1,186
1575,-2,2,185
1577,0,2,182
1580,0,3,176
1581,0,0,168
1583,0,1,160
1584,0,4,149
1586,0,2,134
1587,-2,4,128
1589,0,4,115
1591,0,3,107
1592,1,4,97
1594,0,4,94
1595,0,4,88
1597,0,4,83
1598,0,4,79
1600,0,2,82
1602,0,3,79
1603,0,7,83
1605,0,3,92
1606,0,6,98
1608,-3,4,105
1609,0,3,116
1611,0,5,126
1612,0,2,135
1614,0,4,145
1616,0,2,159
1617,0,4,163
1619,0,3,176
1620,0,5,186
1623,0,3,187
1625,0,1,184
1626,0,3,188
1628,1,3,183
1629,0,2,177
1631,0,1,167
1633,0,3,158
1634,1,1,150
1636,0,3,135
1637,1,3,126
1639,0,4,113
1641,0,5,105
1642,0,4,98
1644,-2,2,89
1645,0,3,87
1647,0,3,83
1648,-2,3,85
1650,0,3,80
1652,1,4,82
1653,0,3,88
1655,1,3,90
1656,0,2,96
1658,0,3,103
1659,0,3,114
1661,-2,4,127
1662,0,5,136
1665,0,1,150
1667,1,3,158
1668,1,2,168
1670,0,4,179
1671,0,4,184
1673,1,2,183
1675,0,0,183
1676,-2,1,184
1678,0,2,180
1679,0,3,177
1681,0,2,168
1683,0,3,157
1684,0,3,142
1686,0,2,134
1687,0,5,123
1689,0,6,112
1691,0,4,106
1692,0,5,96
1694,0,2,94
1695,0,3,87
1697,0,5,80
1698,0,2,80
1700,0,1,83
1702,0,1,83
1703,0,4,85
1705,-2,3,95
1707,0,3,102
1709,0,4,104
1710,0,3,116
1712,0,3,128
1714,0,4,140
1715,0,0,154
1717,1,2,160
1718,0,3,171
1720,0,3,176
1722,0,2,183
1723,0,2,187
1725,0,3,185
1726,0,1,183
1728,0,2,178
1730,0,4,172
1731,0,3,165
1733,0,3,156
1734,0,4,144
1736,1,4,132
1738,-3,3,124
1739,0,3,113
1741,0,4,103
1742,-2,4,96
1744,0,2,90
1745,0,4,85
1747,2,3,80
1748,0,5,81
1751,0,4,81
1753,0,4,83
1754,0,2,86
1756,0,3,92
1757,0,1,100
1759,0,6,108
1760,-2,2,118
1762,0,3,131
1764,1,4,143
1765,0,5,152
1767,-2,3,162
1768,0,3,173
1770,0,2,178
1772,0,2,184
1773,0,3,186
1775,-4,3,186
1776,-2,2,184
1778,0,3,178
1780,0,3,173
1781,0,4,162
1783,0,6,154
1784,0,3,143
1786,-2,2,131
1788,0,2,120
1789,0,2,108
1792,0,4,103
1793,0,1,94
1795,0,5,88
1796,0,2,83
1798,0,3,84
1800,0,3,80
1801,0,4,83
1803,0,1,84
1804,0,2,84
1806,0,3,96
1807,0,4,100
1809,0,4,112
1810,0,4,119
1812,-2,4,132
1814,0,3,141
1815,0,5,153
1817,0,3,164
1818,0,3,174
1820,0,2,181
1822,0,3,185
1823,0,3,186
1825,0,4,189
1826,0,2,181
1828,0,3,178
1830,0,1,169
1831,0,4,160
1833,0,4,148
1835,0,4,142
1837,0,2,130
1839,0,1,117
1840,0,2,107
1842,0,3,100
1843,0,4,90
1845,0,4,88
1846,1,4,81
1848,0,3,78
1850,0,3,81
1851,0,3,81
1853,0,7,86
1854,-3,5,89
1856,0,1,95
1857,0,3,101
1859,0,1,112
1860,0,0,121
1862,0,4,131
1864,0,1,147
1865,-1,2,155
1867,-3,2,166
1868,0,1,175
1870,0,3,181
1872,0,4,187
1873,1,3,184
1875,0,4,185
1876,0,2,183
1879,0,4,176
1881,-2,3,167
1882,0,4,160
1884,0,3,148
1885,-3,5,138
1887,0,4,128
1889,0,3,116
1890,0,2,107
1892,0,3,96
1893,0,6,93
1895,0,3,88
1896,0,3,84
1898,0,4,82
1900,0,4,78
1901,0,3,77
1903,0,7,84
1904,0,4,90
1906,0,3,96
1907,1,4,104
1909,0,3,113
1910,1,6,123
1912,0,2,135
1914,0,3,147
1915,0,2,155
1917,0,4,166
1918,0,2,176
1921,0,1,182
1923,-3,3,184
1924,0,4,186
1926,-2,4,187
1927,0,0,184
1929,0,2,176
1931,-2,3,164
1932,0,4,159
1934,0,4,148
1935,0,4,139
1937,1,3,128
1939,0,0,117
1940,0,4,107
1942,0,3,96
1943,-3,4,90
1945,0,4,85
1946,0,4,80
1948,0,1,80
1950,0,4,81
1951,0,2,81
1953,0,3,84
1954,-2,3,92
1956,0,3,95
1957,0,4,105
1959,0,4,113
1960,0,3,126
1963,1,2,138
1965,2,3,149
1966,0,4,160
1968,0,3,170
1969,0,2,177
1971,0,4,182
1973,0,2,186
1974,-2,1,187
1976,0,2,184
1977,0,0,182
1979,0,3,176
1981,-2,4,169
1982,0,4,160
1984,0,1,147
1985,0,1,133
1987,0,0,126
1989,0,3,114
1990,0,2,102
1992,0,2,96
1993,0,3,91
1995,0,4,87
1996,0,4,80
1998,3,2,82
2000,0,4,80
2001,0,3,83
2003,0,4,87
2004,1,4,91
2007,0,4,97
2008,0,2,102
2010,0,5,112
2011,1,2,127
2013,0,3,138
2015,0,2,146
2016,0,2,159
2018,2,3,167
2019,-2,5,176
2021,0,2,182
2023,0,1,187
2024,0,3,185
2026,1,1,184
2027,0,3,179
2029,1,1,172
2031,0,1,165
2032,0,1,158
2034,0,2,149
2035,0,4,133
2037,0,2,121
2039,0,4,114
2040,0,2,106
2042,0,4,96
2043,0,6,89
2045,0,6,85
2046,0,2,82
2049,0,4,81
2051,0,2,79
2052,2,3,83
2054,0,2,88
2055,0,5,89
2057,0,4,97
2058,2,1,104
2060,0,1,116
2061,-2,3,128
2063,2,4,139
2065,-2,0,151
2066,0,1,157
2068,1,3,171
2069,0,1,180
2071,-2,2,181
2073,0,2,187
2074,0,5,188
2076,0,2,188
2077,-2,3,179
2079,0,3,172
2081,-2,4,166
2082,0,3,154
2084,0,3,142
2085,0,3,132
2087,0,3,121
2089,0,3,111
2091,2,2,104
2093,1,5,95
2094,0,5,88
2096,0,4,83
2097,1,6,83
2099,0,4,78
2101,0,3,82
2102,1,4,82
2104,0,5,89
2105,0,3,95
2107,0,4,96
2108,0,4,108
2110,0,6,121
2111,0,4,129
2113,0,2,139
2115,0,3,152
2116,0,3,162
2118,-3,5,171
2119,0,4,177
2121,0,0,183
2123,-3,3,188
2124,0,3,188
2126,0,5,188
2127,0,1,179
2129,0,4,171
2131,0,4,162
2132,0,1,155
2135,0,1,142
2136,0,3,128
2138,0,0,118
2140,0,4,113
2141,0,4,102
2143,0,4,96
2144,0,6,89
2146,0,4,83
2147,0,3,82
2149,-2,5,76
2151,0,2,76
2152,0,4,80
2154,0,3,88
2155,0,3,94
2157,0,4,103
2158,-2,5,112
2160,0,3,122
2161,-2,5,132
2163,0,3,141
2165,1,2,151
2166,-2,6,163
2168,0,3,169
2169,-2,2,180
2171,0,2,185
2173,0,3,183
2174,0,3,186
2177,0,3,186
2178,0,2,179
2180,-3,4,171
2182,0,2,161
2183,0,3,147
2185,0,1,141
2186,0,1,133
2188,0,2,124
2190,0,3,108
2191,0,4,100
2193,0,4,94
2194,0,4,87
2196,0,3,84
2197,0,5,82
2199,-2,5,81
2201,0,2,82
2202,0,4,84
2204,1,3,87
2205,0,4,95
2207,-2,5,101
2208,0,4,111
2210,-2,4,122
2212,0,3,133
2213,0,5,145
2215,0,3,155
2216,0,3,163
2219,0,2,175
2221,0,3,178
2222,2,0,184
2224,1,3,187
2225,1,2,185
2227,0,3,185
2229,0,2,179
2230,0,1,168
2232,0,3,159
2233,0,3,149
2235,0,3,139
2237,1,0,128
2238,-3,3,119
2240,0,3,108
2241,0,1,99
2243,0,2,94
2244,0,6,86
2246,0,5,82
2248,0,3,80
2249,0,3,83
2251,0,4,83
2252,0,3,81
2254,0,4,88
2255,0,3,93
2257,0,2,105
2258,0,4,112
2260,0,5,124
2263,0,4,133
2264,-3,4,146
2266,0,4,154
2267,0,0,165
2269,0,1,174
2271,0,3,179
2272,0,3,190
2274,0,2,184
2275,0,3,186
2277,-3,4,182
2279,0,2,179
2280,0,5,168
2282,0,3,160
2283,0,3,148
2285,0,3,137
2287,1,4,125
2288,0,1,116
2290,0,1,106
2291,2,2,97
2293,0,4,91
2294,0,4,84
2296,0,4,82
2298,0,1,83
2299,0,3,81
2301,0,2,82
2302,0,4,82
2305,3,1,92
2306,0,2,97
2308,0,3,105
2309,0,2,118
2311,0,0,123
2313,0,6,134
2314,0,5,145
2316,0,5,159
2317,0,4,169
2319,0,2,176
2321,0,4,182
2322,0,3,184
2324,0,3,185
2325,0,4,186
2327,0,2,180
2329,0,1,174
2330,0,1,166
2332,0,2,157
2333,0,4,145
2335,0,4,136
2337,0,0,126
2338,0,3,116
2340,0,3,105
2341,0,3,99
2343,0,2,94
2344,0,3,88
2347,0,4,79
2349,0,4,79
2350,0,4,79
2352,0,2,82
2353,0,1,86
2355,0,6,93
2356,1,4,99
2358,0,6,107
2359,1,2,117
2361,1,4,126
2363,0,1,138
2364,0,4,147
2366,-2,3,160
2367,1,1,169
2369,1,1,177
2371,0,3,186
2372,0,4,184
2374,-4,4,185
2375,0,1,186
2377,0,2,181
2379,2,2,175
2380,0,3,167
2382,-2,5,156
2383,0,3,143
2385,0,1,134
2387,0,4,126
2388,0,1,112
2391,0,1,106
2392,0,3,98
2394,0,3,90
2395,0,2,84
2397,1,3,80
2399,0,3,79
2400,0,5,79
2402,0,4,80
2403,0,4,87
2405,0,5,90
2406,1,4,98
2408,0,2,110
2409,0,1,116
2411,0,3,126
2413,0,2,138
2414,0,5,149
2416,0,4,159
2417,0,3,173
2419,0,4,178
2421,0,4,182
2422,0,4,185
2424,0,3,186
2425,0,1,184
2427,0,1,182
2429,0,6,174
2430,-2,4,163
2433,0,5,152
2434,-2,4,144
2436,1,3,133
2438,0,4,124
2439,0,4,115
2441,0,3,105
2442,0,4,90
2444,0,3,91
2445,0,4,85
2447,0,3,81
2448,0,3,79
2450,0,2,81
2452,-4,7,82
2453,-2,3,86
2455,0,3,91
2456,0,3,101
2458,1,3,105
2459,0,6,119
2461,0,3,128
2463,0,3,141
2464,0,1,151
2466,-3,3,163
2467,0,3,170
2469,0,2,176
2471,0,1,182
2472,0,1,185
2475,0,2,186
2476,0,3,180
2478,0,0,180
2480,0,1,173
2481,0,4,163
2483,0,4,153
2484,0,4,142
2486,1,4,136
2488,0,2,123
2489,0,2,109
2491,0,5,102
2492,0,4,92
2494,-2,3,87
2495,0,5,84
2497,0,5,80
2499,-2,4,84
2500,0,4,79
2502,0,3,82
2503,0,3,89
2505,0,2,95
2506,0,3,96
2508,0,6,108
2509,0,3,119
2511,0,2,130
2513,0,3,143
2514,0,4,151
2516,0,3,161
2518,0,3,173
2520,0,4,177
2522,0,0,185
2523,-2,5,188
2525,-2,3,186
2526,0,2,181
2528,0,2,177
2530,0,1,172
2531,0,4,164
2533,0,2,152
2534,-2,3,141
2536,0,6,130
2538,0,2,118
2539,0,3,109
2541,0,4,101
2542,0,4,95
2544,-2,4,88
2545,-2,5,82
2547,0,4,79
2549,0,2,80
2550,0,4,81
2552,0,5,81
2553,0,4,90
2555,1,1,97
2556,-3,5,103
2558,0,5,110
2560,0,1,122
2562,0,5,129
2564,0,3,144
2565,0,3,154
2567,0,3,163
2568,1,0,174
2570,0,3,181
2572,0,2,189
2573,0,3,188
2575,0,3,185
2576,1,0,182
2578,0,1,179
2580,0,1,171
2581,-2,2,161
2583,0,5,150
2584,0,3,138
2586,0,3,128
2588,0,3,118
2589,0,2,107
2591,0,4,99
2592,0,3,93
2594,1,2,87
2595,0,3,82
2597,0,4,81
2599,0,3,78
2600,0,2,76
2603,-3,4,85
2604,0,2,91
2606,1,0,94
2607,0,1,105
2609,0,2,115
2610,0,3,123
2612,-3,3,134
2614,-3,3,142
2615,0,2,154
2617,0,4,167
2618,0,3,174
2620,-2,1,179
2622,0,4,185
2623,0,3,187
2625,0,4,187
2626,0,2,182
2628,0,4,175
2630,0,3,168
2631,0,2,158
2633,0,1,147
2634,0,2,137
2636,0,3,128
2638,0,1,115
2639,0,4,107
2641,0,3,98
2642,0,6,91
2644,0,2,86
2646,0,4,82
2648,0,3,78
2650,1,4,81
2651,0,3,80
2653,0,3,84
2654,0,1,90
2656,0,2,94
2657,0,3,101
2659,0,3,113
2660,-2,4,124
2662,-2,3,136
2664,0,3,146
2665,-3,1,157
2667,0,2,168
2668,0,4,174
2670,0,1,180
2672,0,1,188
2673,0,3,185
2675,0,0,183
2676,0,1,182
2678,0,5,176
2680,0,2,166
2681,0,2,156
2683,0,4,148
2684,0,5,136
2686,0,4,127
2689,0,2,115
2690,1,2,107
2692,0,4,99
2693,1,4,91
2695,0,3,83
2696,0,4,82
2698,0,4,80
2700,0,5,79
2701,0,4,81
2703,1,2,85
2704,0,3,91
2706,0,0,96
2707,0,4,106
2709,0,2,118
2710,1,2,125
2712,0,5,135
2714,0,4,148
2715,0,3,160
2717,0,3,166
2718,0,3,177
2720,0,3,184
2722,0,0,186
2723,0,3,192
2725,0,5,185
2726,0,5,179
2728,0,2,171
2731,0,3,164
2732,-2,4,156
2734,0,2,145
2735,0,3,135
2737,0,4,124
2739,0,5,112
2740,0,3,103
2742,0,4,94
2743,0,6,89
2745,0,2,87
2746,0,4,78
2748,0,3,80
2750,0,2,79
2751,0,4,82
2753,0,2,86
2754,0,3,92
2756,0,3,95
2757,0,3,107
2759,0,3,113
2760,0,2,125
2762,0,2,140
2764,0,2,148
2765,0,3,161
2767,0,3,167
2768,0,4,176
2770,0,3,183
2772,0,3,185
2774,0,4,190
2776,0,3,184
2777,0,4,178
2779,0,3,173
2781,-4,1,166
2782,0,3,156
2784,0,3,143
2785,0,4,134
2787,1,7,121
2789,0,4,110
2790,-2,5,102
2792,0,3,96
2793,0,4,86
2795,0,4,83
2796,2,0,83
2798,0,5,80
2800,0,1,79
2801,1,4,81
2803,0,3,86
2804,0,4,94
2806,0,1,96
2807,0,1,106
2809,0,4,116
2810,0,3,128
2812,0,3,141
2814,0,2,150
2816,1,4,162
2818,0,4,169
2819,0,4,177
2821,0,5,185
2823,0,0,185
2824,0,1,184
2826,0,3,183
2827,0,4,179
2829,0,0,171
2831,0,2,161
2832,0,3,154
2834,0,2,144
2835,1,5,130
2837,0,3,121
2839,0,5,111
2840,0,1,101
2842,0,4,96
2843,0,2,87
2845,2,4,83
2846,0,3,83
2848,0,4,77
2850,0,3,79
2851,0,4,81
2853,1,1,87
2854,1,3,96
2856,-2,7,103
2857,0,2,107
2860,0,1,121
2862,0,2,129
2863,0,3,141
2865,0,1,153
2866,-2,4,163
2868,1,2,174
2870,2,3,178
2871,0,1,184
2873,-3,4,186
2874,0,2,188
2876,0,3,184
2878,0,1,176
2879,0,3,169
2881,0,3,160
2882,0,2,154
2884,0,4,140
2885,0,5,128
2887,0,4,122
2889,0,6,108
2890,1,2,101
2892,0,3,97
2893,0,2,87
2895,0,3,86
2897,0,4,81
2898,0,5,84
2900,0,7,83
2902,0,0,85
2904,0,5,90
2905,0,3,94
2907,0,6,100
2908,0,4,111
2910,0,5,119
2912,0,5,132
2913,0,5,143
2915,-2,3,157
2916,0,3,166
2918,0,3,175
2920,0,2,182
2921,0,2,184
2923,-2,3,186
2924,0,2,188
2926,0,3,183
2928,0,3,176
2929,0,3,168
2931,0,5,158
2932,0,4,148
2934,0,1,139
2936,0,3,128
2937,0,4,118
2939,0,4,108
2940,0,3,99
2942,-3,5,94
2944,0,4,86
2946,0,3,82
2948,0,3,81
2949,1,5,83
2951,1,3,84
2952,0,3,84
2954,0,2,86
2955,0,5,96
2957,0,1,99
2958,0,2,112
2960,0,3,118
2962,0,3,131
2963,0,4,143
2965,1,0,157
2966,0,4,164
2968,0,0,174
2970,0,0,180
2971,0,1,187
2973,0,4,187
2974,0,3,186
2976,0,2,183
2977,0,1,179
2979,0,6,170
2981,-2,3,162
2982,0,4,146
2984,0,3,134
2985,0,1,126
2988,0,2,115
2990,0,4,108
2991,0,2,98
2993,0,4,92
2994,0,2,90
2996,0,5,85
2997,1,5,83
2999,0,3,82
3001,1,4,81
3002,0,3,82
3004,0,4,88
3005,0,3,91
3007,0,4,101
3008,0,5,112
3010,0,4,123
3011,0,2,135
3013,0,4,147
3015,0,3,160
3016,0,3,167
3018,0,4,178
3019,-2,2,182
3021,0,1,184
3023,0,2,186
3024,0,2,186
3026,0,5,177
3027,1,3,176
3030,0,4,166
3032,-3,3,156
3033,0,1,145
3035,0,3,137
3036,0,5,126
3038,0,1,118
3040,-2,5,105
3041,0,4,97
3043,0,2,91
3044,0,3,86
3046,0,5,80
3047,0,3,81
3049,0,3,79
3051,0,4,83
3052,0,5,86
3054,0,3,89
3055,1,1,97
3057,0,2,105
3058,0,3,116
3060,-2,4,126
3061,0,4,137
3063,-2,4,149
3065,0,2,158
3066,0,4,167
3068,0,2,172
3069,0,2,182
3072,0,5,184
3074,-2,3,187
3075,0,3,184
3077,0,2,180
3078,0,3,175
3080,0,4,167
3082,0,3,156
3083,0,0,148
3085,2,1,135
3086,0,3,126
3088,0,4,114
3090,0,4,107
3091,0,3,96
3093,0,5,88
3094,0,4,85
3096,0,3,84
3097,0,1,78
3099,0,3,80
3101,1,3,82
3102,0,4,88
3104,0,4,90
3105,0,2,98
3107,-3,4,105
3108,0,1,113
3110,1,2,127
3111,0,3,138
3113,0,3,147
3116,0,3,161
3117,0,2,169
3119,0,3,180
3120,0,3,181
3122,1,0,184
3124,0,2,184
3125,0,3,185
3127,-4,5,182
3128,0,4,175
3130,0,3,169
3132,0,3,154
3133,0,3,145
3135,0,4,131
3136,0,5,122
3138,1,4,112
3140,-2,5,105
3141,-3,6,98
3143,0,3,92
3144,0,4,83
3146,0,4,83
3147,0,4,82
3149,0,6,82
3151,1,2,83
3152,1,2,87
3154,-2,5,93
3155,-3,5,99
3158,0,4,107
3159,0,4,119
3161,2,4,131
3163,0,3,138
3164,0,3,153
3166,0,2,160
3167,0,5,170
3169,0,6,179
3171,2,0,185
3172,0,2,188
3174,0,1,189
3175,0,3,185
3177,0,3,178
3179,0,4,173
3180,0,3,165
3182,0,2,154
3183,0,4,143
3185,0,3,131
3186,-2,5,120
3188,0,1,110
3190,0,4,100
3191,0,4,96
3193,0,2,88
3194,0,4,82
3196,0,6,81
3197,1,4,79
3200,0,2,80
3202,0,1,83
3203,0,4,88
3205,0,5,92
3206,-2,6,101
3208,0,4,109
3209,-2,4,123
3211,0,3,128
3213,0,2,140
3214,1,0,151
3216,0,5,164
3217,0,5,169
3219,0,3,180
3221,0,2,184
3222,-2,3,186
3224,0,1,188
3225,0,2,184
3227,0,1,179
3229,0,4,171
3230,0,2,162
3232,0,4,153
3233,0,3,140
3235,0,6,130
3237,0,3,123
3238,0,3,112
3240,0,5,103
3241,0,1,94
3244,0,3,87
3245,0,3,85
3247,0,5,79
3249,0,3,82
3250,0,3,80
3252,0,4,81
3253,0,4,87
3255,-2,6,93
3256,0,5,98
3258,1,3,110
3259,0,3,122
3261,0,4,131
3263,0,2,142
3264,0,7,154
3266,0,3,166
3267,1,4,174
3269,0,2,178
3271,0,4,186
3272,0,4,186
3274,0,3,184
3275,0,3,184
3277,0,3,179
3279,0,1,168
3280,0,1,160
3282,0,1,150
3283,0,2,139
3286,0,4,128
3287,0,3,120
3289,0,3,109
3291,0,3,103
3292,0,3,96
3294,0,4,87
3295,0,5,83
3297,-2,4,82
3298,0,5,79
3300,-2,6,82
3302,0,2,84
3303,0,4,86
3305,1,4,97
3306,0,6,99
3308,0,6,110
3309,-2,2,122
3311,0,3,133
3313,0,3,142
3314,0,1,157
3316,0,3,164
3317,0,4,174
3319,0,2,179
3321,0,1,184
3322,0,1,188
3324,0,2,186
3325,-2,3,187
3328,-3,2,176
3330,0,4,168
3331,-2,3,159
3333,0,4,151
3334,0,3,139
3336,0,4,128
3338,-2,2,120
3339,0,5,107
3341,0,1,97
3342,0,3,89
3344,0,0,86
3345,0,4,82
3347,0,2,80
3348,0,4,82
3350,0,4,80
3352,0,3,84
3353,0,2,87
3355,0,1,98
3356,0,4,105
3358,0,2,111
3359,-2,4,122
3361,-2,6,133
3363,0,1,144
3364,-4,4,157
3366,0,2,166
3367,0,2,174
3369,0,5,182
3372,0,3,184
3373,-3,2,185
3375,0,0,185
3376,3,2,182
3378,0,2,174
3380,0,2,170
3381,0,2,158
3383,0,1,152
3384,-2,2,135
3386,2,2,124
3388,1,2,116
3389,0,2,105
3391,0,3,97
3392,0,3,89
3394,0,4,85
3395,0,3,80
3397,0,3,82
3398,0,3,81
3400,0,4,82
3402,0,3,85
3403,1,3,90
3405,0,5,96
3406,0,3,104
3408,0,2,113
3409,-2,3,124
3411,0,3,138
3414,0,4,147
3415,0,4,156
3417,0,2,166
3418,0,4,174
3420,0,1,184
3422,0,2,184
3423,0,4,188
3425,0,1,184
3426,0,2,181
3428,0,3,175
3430,-2,4,165
3431,0,3,160
3433,0,4,148
3434,0,5,136
3436,1,3,126
3438,0,3,115
3439,0,3,107
3441,0,5,96
3442,2,3,89
3444,0,4,86
3445,1,4,81
3447,1,2,81
3448,0,3,81
3450,1,3,83
3451,1,2,84
3453,0,4,93
3456,0,1,97
3457,0,3,105
3459,1,4,116
3460,0,4,127
3462,0,3,138
3463,0,3,150
3465,0,2,159
3467,0,1,166
3468,0,2,176
3470,0,3,184
3471,1,2,186
3473,0,0,187
3475,0,4,187
3476,0,2,180
3478,0,0,174
3479,0,1,164
3481,0,1,155
3483,0,3,148
3484,0,3,132
3486,0,5,121
3487,0,3,114
3489,0,2,104
3491,0,3,97
3492,0,2,91
3494,0,4,84
3495,0,4,81
3497,1,2,80
3499,0,5,83
3501,0,4,82
3502,0,5,86
3504,0,3,92
3506,0,3,95
3507,1,2,103
3509,1,2,117
3510,0,0,128
3512,0,1,139
3513,0,3,149
3515,0,3,158
3517,0,3,168
3518,0,5,175
3520,-2,4,185
3521,0,3,188
3523,0,2,185
3525,0,1,184
3526,0,3,182
3528,0,1,175
3529,-2,4,165
3531,0,1,158
3533,0,5,141
3534,0,3,132
3536,-2,4,123
3537,1,4,111
3539,0,4,104
3542,0,3,99
3543,0,3,91
3545,0,4,84
3546,0,5,82
3548,0,2,82
3549,0,1,79
3551,0,0,83
3552,0,7,84
3554,0,3,90
3556,0,3,101
3557,0,5,107
3559,0,3,121
3560,0,4,128
3562,0,5,139
3564,0,1,151
3565,0,5,160
3567,-2,2,169
3568,0,1,180
3570,0,2,183
3572,0,4,187
3573,0,4,187
3575,2,4,181
3576,0,1,180
3578,0,3,172
3579,0,3,161
3581,0,3,153
3584,0,2,141
3585,0,2,133
3587,0,3,122
3588,0,3,110
3590,0,5,101
3592,0,4,95
3593,0,2,89
3595,0,4,87
3596,0,5,80
3598,0,2,82
3599,1,5,81
3601,0,4,83
3602,0,5,85
3604,0,3,92
3606,0,4,96
3607,0,4,109
3609,0,2,122
3610,0,2,129
3612,0,4,140
3613,-2,7,153
3615,0,4,163
3617,0,2,173
3618,0,2,179
3620,0,4,187
3621,0,4,188
3623,0,4,184
3625,0,2,183
3627,0,1,180
3629,0,3,170
3630,0,0,162
3632,0,1,152
3634,0,3,140
3635,0,3,132
3637,0,0,121
3638,0,3,112
3640,0,2,101
3642,-2,4,93
3643,0,4,88
3645,0,4,82
3646,0,4,82
3648,1,5,79
3649,0,5,82
3651,0,4,82
3652,0,5,87
3654,0,6,92
3656,0,2,100
3657,0,7,109
3659,0,3,121
3660,0,5,130
3662,0,3,143
3664,0,3,154
3665,-2,2,162
3667,0,1,171
3668,0,4,179
3671,0,2,187
3673,0,3,187
3674,0,3,187
3676,0,2,185
3677,0,3,176
3679,0,2,168
3680,0,3,162
3682,0,0,153
3684,0,4,141
3685,0,2,129
3687,0,0,119
3688,0,4,107
3690,-2,4,99
3692,-2,4,92
3693,0,3,86
3695,0,2,85
3696,0,4,81
3698,0,4,81
3699,0,3,80
3701,0,4,82
3702,0,3,87
3704,0,1,96
3706,0,2,103
3707,0,3,110
3709,0,3,122
3710,3,5,134
3713,0,4,145
3715,0,4,155
3716,0,1,167
3718,0,2,175
3719,0,1,181
3721,0,4,184
3722,0,4,191
3724,0,3,189
3726,0,1,179
3727,-2,3,176
3729,1,3,170
3730,0,3,158
3732,-2,3,151
3734,0,1,141
3735,0,2,128
3737,0,3,120
3738,0,6,106
3740,0,2,97
3742,0,3,92
3743,0,4,85
3745,2,3,82
3746,0,6,80
3748,0,2,82
3749,0,3,82
3751,0,2,81
3752,0,2,86
3755,0,5,93
3757,0,2,104
3758,0,4,111
3760,0,3,123
3761,0,4,134
3763,0,4,146
3764,0,3,156
3766,0,3,165
3768,0,5,174
3769,0,1,180
3771,0,3,188
3772,0,2,188
3774,0,3,187
3776,0,3,182
3777,-2,3,175
3779,0,1,167
3780,-2,3,160
3782,0,2,149
3784,0,0,138
3785,0,2,128
3787,0,4,114
3788,0,1,107
3790,0,5,96
3792,1,0,91
3793,0,4,85
3795,0,2,81
3796,1,3,81
3799,0,4,80
3800,0,3,82
3802,0,4,86
3803,0,4,88
3805,0,3,95
3806,0,4,100
3808,0,3,114
3810,0,2,124
3811,0,1,133
3813,0,2,145
3814,0,4,158
3816,0,4,169
3818,0,3,178
3819,1,2,182
3821,0,3,185
3822,0,3,189
3824,0,4,190
3826,1,1,185
3827,0,4,175
3829,0,3,166
3830,0,3,158
3832,0,2,150
3834,-2,3,136
3835,0,3,125
3837,0,3,116
3838,0,2,107
3841,0,4,98
3843,0,3,91
3844,0,4,86
3846,0,4,82
3847,0,4,81
3849,0,4,80
3850,2,2,82
3852,0,3,87
3853,1,2,91
3855,0,4,96
3856,0,3,105
3858,0,3,116
3860,0,2,128
3861,0,3,138
3863,0,4,148
3864,0,3,158
3866,0,1,170
3868,0,0,177
3869,1,3,184
3871,1,3,183
3872,0,4,186
3874,0,2,186
3876,0,3,181
3877,-2,2,175
3879,0,2,165
3880,0,4,156
3883,0,1,145
3885,0,3,134
3886,0,3,124
3888,0,2,113
3889,-3,1,104
3891,0,6,96
3893,0,3,91
3894,1,3,86
3896,0,5,80
3897,0,4,78
3899,0,4,81
3900,0,3,80
3902,1,2,85
3903,0,3,94
3905,-3,2,97
3906,0,1,108
3908,-2,1,118
3910,0,4,126
3911,0,4,138
3913,0,5,150
3914,0,2,160
3916,0,3,171
3918,0,4,177
3919,0,3,184
3921,1,1,186
3922,0,2,185
3924,0,3,184
3927,0,2,178
3928,0,2,174
3930,0,4,162
3931,0,3,153
3933,0,2,144
3935,0,1,132
3936,0,4,121
3938,0,3,112
3939,0,3,104
3941,0,3,94
3943,0,3,89
3944,0,3,83
3946,1,4,82
3947,0,5,82
3949,0,2,81
3950,0,3,81
3952,0,4,87
3953,0,4,92
3955,0,4,100
3957,0,3,109
3958,0,2,118
3960,1,4,129
3961,0,4,137
3963,0,4,152
3965,0,1,163
3966,0,5,171
3969,0,3,176
3970,0,1,186
3972,0,3,187
3974,0,1,189
3975,0,3,184
3977,0,4,179
3978,0,2,171
3980,0,3,161
3981,0,3,153
3983,1,5,142
3985,0,7,128
3986,0,2,121
3988,1,2,113
3989,1,2,102
3991,0,3,96
3993,0,4,87
3994,0,4,82
3996,0,1,81
3997,0,4,81
3999,0,4,82
4000,0,4,81
4002,0,4,88
4003,0,3,94
4005,1,6,99
4007,0,4,110
4008,-3,5,121
4011,0,4,129
4012,0,4,143
4014,0,2,156
4016,0,1,162
4017,0,4,173
4019,0,3,179
4020,-2,4,185
4022,1,2,190
4024,0,2,189
4025,0,2,180
4027,1,4,177
4028,0,1,170
4030,0,3,163
4031,-4,5,152
4033,1,3,141
4035,0,5,128
4036,0,3,124
4038,-2,4,109
4039,-2,4,102
4041,0,4,93
4043,0,3,90
4044,0,3,84
4046,0,2,79
4047,0,3,80
4049,0,3,80
4050,0,3,84
4052,0,4,88
4054,0,5,92
4056,1,2,102
4058,0,6,110
4059,0,5,121
4061,1,2,134
4062,0,2,142
4064,0,3,154
4066,0,2,166
4067,0,3,172
4069,0,2,183
4070,0,0,184
4072,0,2,187
4074,0,3,184
4075,-2,4,182
4077,-2,4,178
4078,0,4,169
4080,0,2,160
4082,0,3,148
4083,0,3,137
4085,0,3,127
4086,-2,3,116
4088,0,3,107
4090,-3,6,98
4091,0,3,91
4093,0,6,87
4094,0,4,82
4097,0,3,81
4098,0,4,79
4100,0,3,82
4101,0,4,86
4103,0,2,92
4104,0,3,95
4106,0,1,104
4108,0,3,113
4109,0,4,121
4111,0,1,132
4112,0,3,144
4114,0,5,152
4116,0,3,165
4117,-2,3,175
4119,0,2,182
4120,0,2,187
4122,-2,1,187
4124,0,0,187
4125,0,2,181
4127,0,4,177
4128,-3,3,168
4130,0,3,160
4132,0,3,145
4133,0,3,137
4135,0,1,127
4136,0,6,115
4139,0,1,107
4141,1,1,99
4142,0,4,93
4144,0,4,88
4145,0,3,79
4147,-2,3,80
4148,0,4,79
4150,-2,6,79
4151,0,3,84
4153,0,4,92
4154,0,2,95
4156,0,3,105
4158,0,4,113
4159,0,2,124
4161,0,2,135
4162,0,4,149
4164,0,2,158
4166,0,3,163
4167,0,4,172
4169,0,1,185
4170,0,1,184
4172,-3,4,188
4174,0,3,186
4175,0,2,183
4177,0,2,174
4178,0,2,169
4180,0,3,157
4183,0,3,142
4184,0,4,134
4186,0,4,126
4187,-2,1,116
4189,0,3,106
4191,0,2,96
4192,0,1,91
4194,1,3,84
4195,0,5,85
4197,1,1,78
4198,0,3,78
4200,0,2,81
4201,0,3,85
4203,0,5,92
4204,-2,4,96
4206,1,3,105
4208,0,3,118
4209,0,3,126
4211,0,2,135
4212,-2,6,146
4214,0,1,159
4216,-2,2,170
4217,0,2,178
4219,0,3,184
4220,0,1,185
4222,0,1,185
4225,0,1,184
4226,0,3,183
4228,1,0,176
4229,0,5,166
4231,-2,3,156
4233,0,4,145
4234,0,4,134
4236,0,4,127
4237,0,4,113
4239,0,3,104
4240,0,3,98
4242,0,5,92
4244,0,4,84
4245,0,3,80
4247,1,2,80
4248,1,3,84
4250,0,2,82
4251,2,4,86
4253,0,4,89
4254,0,6,95
4256,0,2,108
4258,0,2,116
4259,1,2,124
4261,0,1,137
4262,0,3,149
4264,0,2,160
4265,0,3,172
4268,0,3,176
4270,0,4,182
4271,0,0,188
4273,0,5,187
4274,0,3,186
4276,0,1,178
4278,0,4,174
4279,0,4,165
4281,-3,4,153
4282,2,2,142
4284,0,4,132
4286,0,5,125
4287,1,3,114
4289,0,2,104
4290,0,2,96
4292,0,3,88
4294,1,3,86
4295,0,4,83
4297,0,4,79
4298,0,6,78
4300,2,2,79
4301,1,3,88
4303,2,2,90
4304,0,0,102
4306,-2,4,107
4308,-2,4,117
4310,0,4,126
4312,0,2,138
4313,-2,4,154
4315,1,0,162
4317,-2,2,169
4318,0,3,178
4320,-2,2,185
4321,0,2,187
4323,0,3,189
4325,0,1,187
4326,0,3,177
4328,0,5,173
4329,-2,4,163
4331,0,2,154
4333,0,3,142
4334,0,4,132
4336,0,3,123
4337,0,3,113
4339,0,4,101
4340,0,4,94
4342,0,4,88
4344,0,2,83
4345,0,3,80
4347,0,2,81
4348,0,0,83
4350,0,0,83
4352,0,3,87
4354,1,3,92
4355,0,3,99
4357,0,2,108
4359,0,1,118
4360,0,1,129
4362,1,3,141
4363,0,2,154
4365,0,5,163
4366,0,3,172
4368,-2,2,177
4370,0,1,181
4371,-2,4,187
4373,-2,2,187
4375,-2,4,182
4376,0,4,177
4378,-3,3,170
4379,0,4,163
4381,0,3,154
4383,0,2,142
4384,1,1,132
4386,0,3,120
4387,0,5,111
4389,0,4,101
4390,0,5,96
4392,0,4,88
4395,0,2,85
4396,0,4,80
4398,0,4,78
4399,0,4,81
4401,0,3,82
4402,0,4,86
4404,0,4,95
4405,0,4,102
4407,-2,2,112
4409,0,4,120
4410,0,4,129
4412,0,3,142
4413,0,1,151
4415,0,1,166
4417,0,3,171
4418,0,2,182
4420,-2,4,184
4421,0,4,186
4423,0,3,188
4425,0,1,185
4426,0,3,177
4428,0,4,171
4429,0,1,161
4431,-3,4,150
4433,0,2,141
4434,0,1,129
4436,0,3,119
4438,0,0,108
4440,0,4,99
4442,0,3,92
4443,0,4,88
4445,1,1,82
4446,0,2,80
4448,0,4,80
4449,1,3,79
4451,0,5,85
4452,0,5,90
4454,1,2,93
4455,0,1,100
4457,0,4,110
4459,0,3,124
4460,0,1,133
4462,1,1,144
4463,0,1,157
4465,-2,0,163
4467,-2,3,176
4468,0,1,180
4470,0,3,185
4471,0,3,189
4473,0,4,189
4475,0,3,186
4476,0,3,176
4478,0,0,169
4480,0,0,160
4482,2,3,151
4484,1,3,139
4485,1,2,126
4487,0,3,116
4488,0,3,108
4490,0,4,101
4492,0,2,91
4493,0,3,89
4495,0,2,82
4496,0,4,83
4498,0,3,83
4499,0,1,80
4501,0,3,84
4502,0,6,87
4504,0,4,95
4505,0,3,108
4507,0,5,113
4509,0,6,124
4510,0,4,132
4512,0,1,144
4513,0,2,159
4515,0,2,168
4517,0,3,175
4518,0,3,182
4520,0,3,185
4521,0,3,187
4524,0,0,188
4526,0,1,184
4527,0,6,176
4529,0,4,166
4530,0,1,156
4532,0,5,145
4534,0,4,135
4535,0,5,126
4537,0,1,116
4538,0,3,109
4540,0,4,96
4542,0,0,92
4543,0,0,89
4545,0,3,82
4546,0,3,80
4548,0,6,79
4549,0,5,81
4551,0,5,83
4552,0,1,90
4554,1,3,96
4555,-3,4,105
4557,0,4,112
4559,0,3,124
4560,0,1,134
4562,0,3,148
4563,0,0,160
4566,0,4,165
4568,0,1,176
4569,1,1,182
4571,0,3,188
4572,-3,4,189
4574,0,1,184
4576,0,1,182
4577,0,3,174
4579,0,2,164
4580,-4,3,159
4582,0,2,145
4584,1,5,138
4585,0,4,126
4587,1,3,115
4588,0,5,102
4590,0,6,96
4591,0,2,92
4593,1,4,83
4595,0,5,82
4596,0,3,82
4598,0,1,80
4599,0,0,80
4601,0,3,83
4602,0,3,88
4604,0,3,96
4605,0,1,106
4608,1,1,118
4610,0,3,125
4611,0,3,138
4613,0,3,149
4614,0,2,158
4616,0,3,169
4618,0,3,177
4619,0,4,186
4621,0,3,184
4622,0,3,187
4624,0,2,184
4626,0,3,180
4627,0,3,173
4629,1,3,164
4630,1,2,153
4632,0,1,147
4634,0,3,134
4635,0,3,124
4637,0,1,114
4638,0,5,105
4640,0,5,94
4641,0,5,89
4643,0,1,86
4645,0,5,84
4646,0,1,79
4648,0,2,79
4649,0,3,81
4652,0,4,85
4653,0,3,93
4655,0,3,96
4656,1,3,107
4658,0,1,115
4660,0,2,124
4661,0,3,140
4663,0,3,148
4664,0,4,160
4666,0,3,168
4668,0,0,176
4669,0,2,182
4671,0,3,188
4672,0,4,188
4674,0,2,184
4675,0,5,180
4677,-2,2,176
4679,0,4,163
4680,0,3,154
4682,0,2,146
4683,0,3,133
4685,0,4,123
4687,-2,2,112
4688,0,3,103
4690,0,5,94
4691,0,3,90
4694,0,5,85
4696,0,2,84
4697,2,3,82
4699,0,4,80
4700,0,4,82
4702,0,4,89
4703,0,5,91
4705,0,2,96
4706,0,1,108
4708,0,3,117
4710,0,4,131
4711,0,5,138
4713,0,1,154
4714,0,3,163
4716,0,4,169
4718,0,1,176
4719,0,2,182
4721,0,3,190
4722,0,3,188
4724,0,3,187
4725,-2,1,177
4727,0,1,174
4729,0,3,166
4730,0,3,152
4732,0,4,142
4733,0,1,133
4736,0,1,120
4738,0,2,112
4739,0,2,101
4741,0,2,93
4742,0,2,90
4744,0,3,86
4745,0,4,81
4747,1,3,81
4749,0,4,82
4750,0,3,81
4752,0,3,89
4753,0,2,96
4755,0,4,102
4756,0,0,108
4758,0,3,119
4760,0,3,128
4761,3,2,142
4763,0,3,152
4764,-2,3,163
4766,0,3,171
4768,2,3,180
4769,0,2,186
4771,0,2,184
4772,0,5,187
4774,0,1,180
4776,0,4,178
4777,0,2,171
4780,0,1,161
4781,0,3,150
4783,1,3,138
4785,0,2,128
4786,1,2,118
4788,0,0,107
4789,0,4,100
4791,0,6,93
4792,0,5,87
4794,0,5,82
4796,0,2,80
4797,2,3,81
4799,0,4,80
4800,0,4,82
4802,0,5,87
4803,0,1,94
4805,0,3,102
4806,0,5,110
4808,0,3,120
4810,0,3,131
4811,0,2,143
4813,0,1,154
4814,0,3,164
4816,0,3,173
4818,0,3,183
4819,0,3,187
4822,-2,2,188
4823,0,1,187
4825,0,1,185
4827,-2,4,180
4828,0,2,169
4830,0,2,161
4831,-3,4,149
4833,0,3,139
4835,0,5,129
4836,0,3,116
4838,0,3,108
4839,1,3,101
4841,0,5,91
4843,0,4,87
4844,0,3,86
4846,0,4,80
4847,0,2,78
4849,0,6,78
4850,0,4,83
4852,0,4,89
4853,0,4,94
4855,0,3,103
4856,0,3,109
4858,0,2,122
4860,0,4,132
4861,0,1,145
4864,0,1,156
4865,0,2,167
4867,0,1,174
4869,0,5,179
4870,0,4,187
4872,0,3,187
4873,0,1,186
4875,0,2,181
4877,0,2,176
4878,1,3,166
4880,-2,4,160
4881,0,6,145
4883,0,4,136
4885,0,1,128
4886,0,6,115
4888,0,4,104
4889,0,2,96
4891,0,4,90
4892,0,2,84
4894,3,1,82
4896,0,2,81
4897,0,4,79
4899,0,2,80
4900,0,6,85
4902,0,2,89
4903,0,3,97
4905,0,4,102
4907,0,4,110
4909,0,4,124
4911,0,3,135
4912,0,4,146
4914,0,3,158
4915,1,2,166
4917,-1,3,177
4919,0,3,180
4920,1,3,184
4922,0,5,186
4923,-2,2,184
4925,1,1,179
4927,0,5,175
4928,0,2,166
4930,0,4,156
4931,0,4,148
4933,0,2,138
4935,0,1,127
4936,0,4,114
4938,0,3,103
4939,0,3,95
4941,0,4,92
4942,-2,4,88
4944,0,4,83
4946,0,2,79
4947,0,5,81
4950,0,2,79
4951,0,4,85
4953,1,2,88
4954,0,5,96
4956,0,2,106
4957,1,3,114
4959,0,4,128
4961,-2,3,136
4962,0,5,148
4964,0,0,160
4965,0,2,169
4967,0,3,179
4969,0,3,181
4970,0,0,186
4972,0,3,185
4973,0,1,185
4975,0,2,179
4977,1,4,177
4978,-2,6,166
4980,0,4,158
4981,0,6,148
4983,0,4,137
4985,0,5,123
4986,0,2,114
4988,0,4,107
4989,0,2,96
4992,0,2,91
4993,0,3,87
4995,0,4,80
4997,0,2,79
4998,0,1,79
5000,0,4,80
5001,0,5,83
5003,0,5,88
5004,0,3,99
5006,0,3,106
5007,0,4,116
5009,0,3,127
5011,-2,2,137
5012,0,2,150
5014,0,5,160
5015,0,2,171
5017,0,3,172
5019,0,4,184
5020,1,3,187
5022,0,2,188
5023,0,3,186
5025,0,3,181
5027,0,3,171
5028,0,5,163
5030,1,4,155
5031,0,2,144
5033,0,2,132
5036,0,3,123
5037,1,4,110
5039,0,1,102
5040,0,3,96
5042,0,5,90
5043,-2,4,88
5045,0,4,82
5047,0,4,79
5048,-2,4,82
5050,-2,5,79
5051,0,2,86
5053,0,3,94
5054,1,1,100
5056,1,3,107
5057,0,2,118
5059,-2,4,128
5061,0,3,141
5062,0,4,151
5064,-3,4,161
5065,0,3,171
5067,0,3,176
5069,0,5,186
5070,0,3,189
5072,2,2,186
5073,0,2,187
5075,0,2,181
5078,0,2,169
5079,0,1,166
5081,0,3,152
5082,0,1,140
5084,0,3,132
5086,3,1,118
5087,0,4,109
5089,0,3,102
5090,0,1,92
5092,0,4,89
5094,0,3,84
5095,0,4,81
5097,0,3,78
5098,0,2,79
5100,0,4,83
5101,0,3,88
5103,0,5,93
5104,1,0,98
5106,0,0,109
5107,0,6,117
5109,0,4,129
5111,-2,4,142
5112,0,2,154
5114,0,3,164
5115,0,3,174
5117,0,1,180
5120,-2,4,187
5121,-2,2,187
5123,-2,3,189
5124,0,2,184
5126,0,0,180
5128,0,4,170
5129,0,5,161
5131,0,4,153
5132,0,1,141
5134,0,2,131
5136,1,1,120
5137,0,3,107
5139,0,5,102
5140,0,5,95
5142,0,3,87
5144,0,3,85
5145,1,1,81
5147,0,6,79
5148,0,1,83
5150,0,3,83
5151,0,4,87
5153,0,3,91
5154,0,2,102
5156,0,3,111
5158,0,5,124
5159,0,4,130
5161,0,3,141
5163,0,4,154
5165,0,4,164
5167,0,4,169
5168,0,1,184
5170,0,2,186
5171,0,3,185
5173,0,3,188
5175,2,3,183
5176,0,1,179
5178,0,4,168
5179,0,1,160
5181,0,4,148
5182,0,3,138
5184,0,3,124
5186,0,3,116
5187,0,1,106
5189,0,3,100
5190,0,3,95
5192,0,3,86
5194,0,4,85
5195,1,4,83
5197,1,3,78
5198,0,4,83
5200,0,3,83
5201,0,3,91
5203,0,2,99
5204,0,3,103
5207,0,3,113
5209,0,5,124
5210,0,2,133
5212,0,6,145
5213,0,3,156
5215,0,3,162
5217,0,4,175
5218,0,2,180
5220,0,3,187
5221,2,3,185
5223,0,2,186
5225,0,2,182
5226,0,2,175
5228,0,3,171
5229,0,1,160
5231,0,2,148
5233,0,4,138
5234,-3,4,128
5236,0,1,118
5237,0,5,106
5239,0,2,101
5241,0,3,90
5242,0,4,86
5244,0,5,82
5245,0,3,78
5248,0,3,80
5249,0,6,80
5251,0,2,83
5252,0,4,91
5254,1,4,95
5255,0,3,105
5257,1,2,115
5259,0,4,124
5260,0,4,135
5262,0,4,145
5263,0,1,159
5265,0,4,168
5267,0,3,176
5268,0,2,180
5270,0,4,185
5271,0,3,186
5273,0,1,186
5275,0,4,182
5276,0,4,176
5278,-2,5,166
5279,0,3,158
5281,0,3,147
5283,0,4,133
5284,0,3,128
5286,-2,5,117
5287,0,3,107
5289,1,3,102
5292,0,3,91
5293,0,3,84
5295,0,3,83
5296,0,4,81
5298,0,3,78
5299,1,3,82
5301,1,4,82
5302,0,3,90
5304,-2,5,96
5305,0,3,103
5307,0,3,112
5309,0,6,128
5310,0,3,136
5312,0,1,153
5313,0,4,160
5315,0,3,170
5317,0,4,176
5318,0,1,184
5320,0,2,188
5321,0,3,187
5323,0,3,185
5325,0,4,178
5326,0,3,172
5328,0,1,167
5329,0,2,157
5331,1,2,147
5334,0,3,131
5335,0,0,123
5337,1,4,115
5338,0,2,104
5340,0,3,96
5342,-2,5,90
5343,0,4,88
5345,0,4,83
5346,0,4,79
5348,0,4,84
5349,0,3,81
5351,-2,3,86
5352,0,4,91
5354,2,4,99
5355,-2,5,107
5357,0,2,113
5359,0,4,127
5360,0,1,139
5362,0,4,148
5363,0,1,160
5365,0,2,167
5367,0,1,178
5368,0,2,181
5370,0,3,188
5371,0,4,185
5373,0,2,183
5376,0,2,181
5377,0,2,174
5379,0,4,163
5380,0,1,155
5382,1,2,146
5384,0,6,134
5385,-3,4,121
5387,0,4,111
5388,0,6,103
5390,0,4,94
5392,0,5,89
5393,0,1,84
5395,0,4,81
5396,0,6,81
5398,0,3,83
5399,0,5,82
5401,0,4,87
5402,0,4,91
5404,2,3,100
5405,0,4,107
5407,0,5,120
5409,0,6,129
5410,0,3,142
5412,0,4,150
5413,0,3,160
5415,0,4,171
5417,0,3,182
5419,0,3,185
5421,0,3,189
5422,0,0,187
5424,0,1,184
5426,-2,1,180
5427,0,0,172
5429,0,2,163
5430,0,3,152
5432,0,4,142
5434,0,1,131
5435,0,2,120
5437,0,3,110
5438,0,4,101
5440,0,3,96
5442,0,5,89
5443,0,3,83
5445,0,3,86
5446,0,6,81
5448,0,4,82
5449,-2,5,83
5451,0,4,87
5452,0,2,94
5454,0,2,101
5456,0,4,110
5457,0,4,123
5459,0,4,129
5460,0,3,140
5463,0,3,148
5464,0,1,160
5466,0,3,172
5468,0,2,182
5469,0,3,185
5471,1,3,187
5472,0,4,187
5474,0,3,183
5476,0,3,177
5477,0,2,171
5479,0,4,163
5480,0,2,151
5482,1,3,143
5484,0,4,128
5485,0,4,122
5487,0,4,108
5488,0,4,101
5490,0,3,94
5492,0,4,90
5493,0,5,83
5495,0,5,80
5496,0,5,79
5498,0,3,82
5499,-3,5,86
5501,0,6,87
5502,0,4,95
5505,0,4,100
5507,0,5,112
5508,-2,4,123
5510,0,2,131
5511,1,1,142
5513,-4,5,157
5515,0,4,163
5516,0,2,173
5518,0,3,180
5519,0,4,184
5521,0,5,187
5523,0,2,189
5524,0,4,182
5526,0,3,177
5527,-2,2,169
5529,0,4,158
5531,-2,5,148
5532,0,4,138
5534,0,2,130
5535,0,4,113
5537,0,2,106
5539,0,4,97
5540,0,3,93
5542,0,3,85
5543,0,6,82
5545,0,3,80
5547,0,6,81
5549,0,3,81
5550,0,6,82
5552,0,5,91
5553,0,4,96
5555,-2,4,102
5557,0,4,115
5558,-2,3,123
5560,0,2,134
5561,0,3,144
5563,0,4,156
5565,0,1,166
5566,0,3,174
5568,-2,2,182
5569,-3,2,185
5571,0,3,187
5573,-2,1,186
5574,0,2,181
5576,0,3,173
5577,0,6,167
5579,0,4,159
5581,0,3,151
5582,0,2,134
5584,-2,6,124
5585,0,6,118
5587,0,2,105
5590,1,4,96
5591,0,3,91
5593,0,3,85
5594,0,3,85
5596,0,4,79
5597,0,3,81
5599,0,2,81
5600,0,3,86
5602,0,2,88
5603,0,1,96
5605,0,4,104
5607,0,3,115
5608,0,3,125
5610,0,4,136
5611,0,3,150
5613,0,5,156
5615,0,4,168
5616,0,2,174
5618,0,4,180
5619,0,4,186
5621,0,3,188
5623,0,2,190
5624,0,3,179
5626,0,2,176
5627,-3,3,167
5629,0,3,156
5632,0,4,145
5633,-2,4,131
5635,0,4,124
5636,0,3,115
5638,0,4,105
5640,0,6,96
5641,0,3,90
5643,0,4,85
5644,0,4,84
5646,0,3,79
5647,0,5,81
5649,2,2,84
5650,0,6,84
5652,-2,5,89
5653,0,4,96
5655,0,6,107
5657,0,3,116
5658,1,3,125
5660,0,2,136
5661,0,3,147
5663,0,1,157
5665,0,2,168
5666,-2,2,177
5668,0,3,184
5669,0,5,185
5671,0,0,187
5673,0,0,185
5675,0,4,181
5677,0,4,178
5678,0,1,167
5680,0,5,157
5682,0,2,143
5683,0,4,134
5685,-2,2,126
5686,0,4,113
5688,2,2,103
5690,0,0,98
5691,0,4,89
5693,0,3,88
5694,0,1,83
5696,0,2,79
5697,0,5,78
5699,0,4,80
5700,0,3,88
5702,0,4,92
5703,1,3,96
5705,0,4,107
5707,1,1,116
5708,0,3,127
5710,0,6,139
5711,0,3,150
5713,0,2,162
5715,0,2,168
5716,0,4,178
5719,0,4,182
5720,0,3,187
5722,1,2,188
5724,0,2,185
5725,2,3,179
5727,0,2,176
5728,0,3,162
5730,0,2,154
5732,0,2,142
5733,1,1,133
5735,-3,3,122
5736,0,2,112
5738,1,2,103
5740,0,3,94
5741,0,4,90
5743,1,2,85
5744,0,4,80
5746,0,4,80
5747,0,5,79
5749,0,6,82
5750,0,5,87
5752,0,3,95
5753,0,5,102
5755,0,3,108
5757,0,4,117
5758,0,4,128
5761,0,1,140
5762,0,2,151
5764,0,3,162
5766,-2,5,170
5767,-1,3,179
5769,0,3,186
5770,0,3,188
5772,0,0,187
5774,-2,4,184
5775,0,3,180
5777,0,0,170
5778,-2,4,164
5780,1,2,155
5782,0,4,143
5783,0,1,130
5785,0,2,119
5786,0,4,110
5788,1,5,101
5790,0,6,95
5791,0,4,90
5793,0,5,81
5794,0,3,80
5796,0,5,81
5797,0,4,82
5799,0,5,81
5800,0,1,89
5803,0,4,92
5804,0,3,104
5806,1,4,109
5808,0,3,121
5809,0,2,131
5811,0,3,143
5812,0,4,153
5814,0,1,163
5816,0,2,168
5817,0,2,179
5819,0,3,181
5820,0,1,188
5822,0,6,184
5824,0,3,184
5825,0,3,177
5827,0,2,170
5828,-2,3,162
5830,0,2,155
5832,0,4,140
5833,0,3,127
5835,0,3,120
5836,0,1,110
5838,0,3,100
5840,0,3,93
5841,-2,6,89
5843,0,3,83
5844,0,3,79
5847,0,5,80
5848,0,6,79
5850,0,3,85
5851,1,2,89
5853,0,4,96
5855,0,3,100
5856,0,2,112
5858,0,4,120
5859,0,2,133
5861,-2,3,144
5863,0,4,152
5864,0,1,165
5866,0,3,174
5867,1,0,180
5869,0,1,186
5871,0,2,186
5872,0,4,186
5874,0,1,185
5875,0,3,179
5877,-2,4,171
5878,0,2,161
5880,0,0,147
5882,0,1,137
5883,0,3,128
5885,0,4,121
5886,0,4,108
5889,0,2,99
5891,0,3,92
5892,0,4,86
5894,0,3,82
5895,0,1,81
5897,0,4,78
5898,0,3,81
5900,0,4,86
5901,0,6,89
5903,1,3,95
5905,0,6,104
5906,0,5,113
5908,0,4,124
5909,0,4,134
5911,0,3,145
5912,0,0,156
5914,1,0,166
5916,0,3,175
5917,-2,2,181
5919,0,4,183
5920,0,1,188
5922,0,2,185
5924,0,2,182
5925,0,2,175
5927,0,1,167
5928,0,2,159
5931,0,3,148
5933,0,3,136
5934,0,3,127
5936,0,2,114
5937,0,0,105
5939,0,3,102
5941,0,4,92
5942,0,4,83
5944,0,3,82
5945,0,6,84
5947,0,2,81
5948,0,3,81
5950,1,1,84
5951,0,3,91
5953,0,3,96
5955,0,2,104
5956,0,4,112
5958,0,4,123
5959,0,2,134
5961,-2,3,148
5963,0,2,156
5964,0,1,167
5966,0,3,178
5967,0,3,183
5969,1,4,184
5971,0,1,186
5972,0,3,186
5975,0,4,184
5976,0,3,177
5978,-3,3,167
5979,0,1,156
5981,0,2,148
5983,-2,3,133
5984,0,1,127
5986,0,4,115
5987,1,3,105
5989,0,3,96
5991,0,2,91
5992,0,4,84
5994,0,3,82
5995,0,5,79
5997,0,4,79
5998,-2,3,80
6000,0,3,84
6001,0,3,89
6003,0,5,94
6005,0,5,105
6006,0,3,116
6008,0,4,127
6009,-4,5,142
6011,0,4,147
6013,1,3,160
6014,-2,2,168
6017,0,1,175
6018,0,2,182
6020,0,2,184
6022,0,3,188
6023,0,1,184
6025,0,3,180
6026,-2,1,174
6028,0,4,163
6030,0,3,156
6031,0,2,145
6033,1,3,132
6034,1,2,120
6036,-2,4,114
6038,0,3,102
6039,2,3,98
6041,0,3,88
6042,0,3,82
6044,0,2,80
6045,0,4,82
6047,0,3,80
6048,0,3,84
6050,0,4,84
6051,0,3,91
6053,0,3,97
6055,0,6,105
6056,0,3,113
6059,0,3,129
6060,0,4,139
6062,0,3,148
6064,-2,4,160
6065,0,4,167
6067,0,2,177
6068,2,1,183
6070,0,2,187
6071,0,3,190
6073,0,3,185
6075,-2,2,179
6076,0,1,173
6078,1,5,165
6079,0,1,156
6081,-2,4,147
6083,0,4,134
6084,0,4,123
6086,0,5,111
6087,0,3,104
6089,0,3,95
6091,0,3,92
6092,1,1,85
6094,0,5,80
6095,0,3,79
6097,1,3,80
6098,2,4,82
6100,0,4,88
6102,0,2,94
6104,0,4,99
6106,0,3,106
6107,0,1,120
6109,0,4,128
6110,0,4,140
6112,0,4,150
6113,-2,3,162
6115,1,1,169
6117,0,4,176
6118,0,0,186
6120,0,1,188
6121,0,2,187
6123,0,0,188
6125,0,3,179
6126,0,2,171
6128,1,3,163
6129,0,3,153
6131,0,3,142
6133,0,3,130
6134,0,3,119
6136,-3,4,113
6137,0,4,100
6139,0,3,96
6141,0,4,88
6142,0,3,84
6145,0,5,79
6146,0,3,81
6148,0,4,83
6149,0,1,84
6151,0,5,87
6152,0,5,96
6154,-2,3,100
6156,0,2,107
6157,0,4,120
6159,0,0,130
6160,0,2,141
6162,0,3,152
6164,0,3,160
6165,0,3,169
6167,0,5,180
6168,0,2,188
6170,0,1,188
6172,0,2,186
6173,0,2,183
6175,0,5,177
6176,-3,7,173
6178,0,3,164
6180,0,1,150
6181,0,2,141
6183,0,3,129
6184,0,1,119
6187,2,1,111
6189,0,4,99
6190,0,3,94
6192,0,5,89
6193,0,4,83
6195,0,4,81
6196,0,3,78
6198,0,0,80
6199,-2,6,83
6201,0,3,88
6202,0,4,94
6204,0,4,103
6206,0,2,110
6207,0,3,122
6209,0,3,130
6210,0,3,143
6212,0,5,152
6214,1,1,164
6215,0,1,173
6217,-2,4,180
6218,0,1,183
6220,0,1,188
6222,0,3,185
6223,0,2,186
6225,0,3,179
6226,0,3,168
6228,0,3,160
6231,-2,2,151
6232,0,3,140
6234,0,3,130
6235,0,3,120
6237,0,3,110
6239,0,2,100
6240,0,5,93
6242,0,3,89
6243,0,2,83
6245,0,3,79
6246,0,2,82
6248,0,4,84
6249,0,5,83
6251,0,3,90
6252,0,4,95
6254,1,2,99
6256,0,3,112
6257,0,3,120
6259,0,1,132
6260,0,5,144
6262,0,4,157
6264,0,2,166
6265,0,5,176
6267,-2,3,182
6268,1,3,183
6270,0,3,184
6273,0,3,190
6274,0,4,185
6276,0,5,175
6277,0,3,164
6279,0,2,157
6280,0,4,147
6282,0,4,137
6284,0,4,125
6285,0,5,116
6287,0,2,109
6288,-2,6,96
6290,0,3,95
6292,0,5,88
6293,0,4,81
6295,2,2,81
6296,1,3,80
6298,-2,4,81
6299,0,4,85
6301,-3,4,90
6302,0,3,94
6304,0,6,102
6306,0,2,112
6307,0,3,124
6309,1,2,132
6310,0,3,143
6312,-2,2,156
6315,0,2,166
6316,0,1,175
6318,1,3,183
6319,-2,3,188
6321,0,3,188
6323,0,2,184
6324,0,3,181
6326,0,3,174
6327,0,3,168
6329,0,1,157
6331,0,2,147
6332,0,3,136
6334,0,3,124
6335,0,3,118
6337,0,4,105
6338,0,5,97
6340,0,4,94
6342,0,4,83
6343,0,3,82
6345,0,2,81
6346,0,2,80
6348,1,4,83
6349,0,3,86
6351,0,1,90
6352,0,2,96
6354,0,3,106
6356,0,6,112
6358,-2,3,127
6360,0,4,136
6361,0,3,146
6363,1,2,157
6365,1,4,168
6366,0,2,178
6368,0,2,182
6369,0,2,185
6371,2,3,186
6372,0,2,183
6374,-3,5,181
6376,0,2,174
6377,0,4,164
6379,0,6,154
6380,0,3,146
6382,0,2,135
6384,0,2,126
6385,0,3,110
6387,1,4,107
6388,0,2,96
6390,0,5,90
6392,0,4,85
6393,-3,6,83
6395,0,5,82
6396,0,3,81
6398,0,4,79
6400,0,4,89
6402,0,3,90
6403,0,6,96
6405,0,3,105
6407,0,2,116
6408,0,3,126
6410,0,2,140
6411,0,3,151
6413,0,3,160
6414,0,0,169
6416,-3,6,177
6418,0,1,181
6419,0,3,182
6421,0,3,186
6422,0,2,189
6424,-2,4,179
6426,0,2,174
6427,0,1,167
6429,1,3,155
6430,-2,6,147
6432,0,4,136
6434,0,3,123
6435,0,3,112
6437,1,3,103
6438,0,5,96
6440,0,2,91
6443,0,3,86
6444,1,3,83
6446,0,3,83
6447,0,3,82
6449,0,7,84
6450,0,3,88
6452,0,4,92
6453,0,4,101
6455,0,3,112
6457,0,3,118
6458,0,5,128
6460,0,5,139
6461,0,3,150
6463,1,1,162
6465,0,0,168
6466,0,1,176
6468,0,3,182
6469,0,1,190
6471,0,2,187
6473,0,0,189
6474,0,2,180
6476,0,4,174
6477,0,2,164
6479,0,4,156
6481,1,3,140
6482,2,2,133
6484,0,2,118
6486,0,4,113
6488,0,4,103
6489,0,3,95
6491,0,5,91
6493,0,3,85
6494,0,4,80
6496,0,4,81
6497,0,3,81
6499,0,4,84
6500,0,3,90
6502,0,3,92
6503,0,2,101
6505,1,2,111
6507,0,3,118
6508,0,4,129
6510,0,2,139
6511,0,2,150
6513,0,2,161
6515,-2,1,169
6516,0,4,180
6518,0,3,187
6519,0,2,187
6521,0,3,185
6523,0,2,185
6524,0,1,176
6526,-2,3,171
6528,0,4,160
6530,0,2,149
6532,0,3,140
6533,-2,4,130
6535,0,3,122
6536,0,3,110
6538,0,3,102
6540,0,5,94
6541,1,0,89
6543,0,4,85
6544,0,3,81
6546,0,4,83
6547,0,4,83
6549,0,4,85
6550,0,2,88
6552,0,4,93
6553,1,3,100
6555,0,2,110
6557,0,3,121
6558,0,1,131
6560,0,1,145
6561,0,4,156
6563,0,2,164
6565,0,4,175
6566,0,4,181
6568,0,2,185
6569,0,0,186
6572,-4,5,187
6574,0,4,186
6575,1,1,175
6577,0,3,169
6578,0,1,162
6580,0,4,150
6582,-2,4,138
6583,0,2,129
6585,0,7,116
6586,2,3,107
6588,0,4,100
6590,0,4,93
6591,0,3,88
6593,0,3,82
6594,0,4,78
6596,0,4,80
6597,0,3,83
6599,0,6,83
6600,0,3,88
6602,0,3,91
6603,0,3,102
6605,0,4,115
6607,0,3,124
6608,0,2,134
6610,0,6,144
6611,0,1,158
6614,0,2,167
6616,0,3,172
6617,0,3,180
6619,0,1,185
6620,0,1,184
6622,2,3,185
6624,0,3,179
6625,0,4,178
6627,0,1,172
6628,0,3,160
6630,0,3,149
6632,0,3,138
6633,0,3,128
6635,0,5,117
6636,0,5,108
6638,0,3,96
6640,0,3,91
6641,0,4,84
6643,0,1,82
6644,0,3,77
6646,0,3,80
6647,0,4,80
6649,0,4,86
6650,0,4,89
6652,0,4,99
6653,-4,3,103
6656,2,3,113
6658,0,6,125
6659,0,3,133
6661,-2,4,145
6662,0,3,155
6664,2,2,166
6666,0,1,175
6667,0,3,182
6669,0,2,185
6670,0,1,188
6672,0,3,186
6674,-2,4,183
6675,0,4,173
6677,0,2,167
6678,0,4,156
6680,0,3,148
6682,0,2,136
6683,0,6,125
6685,1,2,115
6686,0,3,107
6688,1,4,100
6690,0,4,93
6691,-2,4,88
6693,0,3,80
6694,1,1,82
6696,0,3,79
6697,0,3,83
6700,0,4,83
6701,1,4,90
6703,0,4,97
6705,0,4,103
6706,1,3,114
6708,0,4,127
6709,0,2,136
6711,0,3,146
6713,0,6,160
6714,0,5,168
6716,0,4,176
6717,0,3,182
6719,0,2,186
6720,0,4,188
6722,0,3,185
6724,0,3,181
6725,0,4,173
6727,0,4,165
6728,0,2,156
6730,0,3,143
6732,1,3,135
6733,0,1,125
6735,0,3,113
6736,0,3,105
6738,0,1,96
6740,0,3,93
6742,0,4,84
6744,0,5,83
6745,0,3,82
6747,0,2,78
6748,-2,4,79
6750,0,2,83
6751,0,4,93
6753,0,1,98
6754,0,3,106
6756,0,5,114
6758,-2,4,130
6759,0,1,138
6761,0,5,150
6762,0,3,159
6764,0,4,171
6766,0,2,178
6767,0,3,183
6769,-2,2,186
6770,0,5,188
6772,0,2,184
6774,0,3,182
6775,0,4,169
6777,0,2,163
6778,0,3,157
6780,0,3,144
6782,3,0,133
6784,0,1,122
6786,0,6,112
6787,1,2,106
6789,0,4,95
6791,0,4,89
6792,-2,4,83
6794,0,5,82
6795,0,1,79
6797,0,4,81
6798,0,5,84
6800,1,3,86
6801,-2,3,92
6803,0,1,100
6805,0,3,110
6806,0,3,118
6808,0,4,128
6809,0,5,139
6811,0,4,152
6813,0,5,159
6814,-2,4,170
6816,0,3,179
6817,0,2,184
6819,0,4,185
6821,0,1,188
6822,0,1,183
6824,-3,4,179
6825,0,4,172
6828,0,3,164
6830,0,3,154
6831,0,2,145
6833,1,2,131
6834,0,2,121
6836,0,6,107
6838,0,2,102
6839,1,2,97
6841,0,4,88
6842,0,5,84
6844,2,3,79
6845,0,3,82
6847,1,6,81
6848,0,4,82
6850,3,1,89
6851,0,2,92
6853,0,4,102
6855,0,3,110
6856,0,4,119
6858,0,0,132
6859,0,0,142
6861,0,3,154
6863,0,4,160
6864,0,2,171
6866,0,1,178
6867,-2,3,183
6870,0,2,189
6872,-3,1,186
6873,0,3,185
6875,0,4,180
6876,1,1,171
6878,0,3,160
6880,0,3,153
6881,0,5,136
6883,0,3,129
6884,0,4,119
6886,0,6,108
6888,0,3,103
6889,0,7,95
6891,0,5,88
6892,0,3,83
6894,1,3,80
6895,0,4,79
6897,2,4,80
6898,0,2,80
6900,0,2,93
6901,0,6,93
6903,0,3,100
6905,1,4,108
6906,0,3,121
6908,0,2,133
6909,0,2,144
6912,0,4,155
6914,0,3,163
6915,0,4,173
6917,0,2,179
6918,0,0,185
6920,0,4,187
6922,0,2,188
6923,0,2,182
6925,0,4,179
6926,-3,4,171
6928,0,2,160
6930,0,4,151
6931,0,2,139
6933,0,3,128
6934,0,3,119
6936,0,4,108
6938,0,4,99
6939,0,4,95
6941,0,4,89
6942,1,5,82
6944,0,1,78
6945,0,5,78
6947,0,3,81
6948,0,4,86
6950,0,3,87
6951,0,4,94
6953,0,3,103
6956,0,2,112
6957,0,4,123
6959,0,3,134
6960,0,4,143
6962,0,3,156
6964,0,3,166
6965,0,3,174
6967,0,3,181
6968,-2,3,187
6970,0,0,186
6972,1,3,185
6973,0,3,186
6975,-2,4,177
6976,0,4,167
6978,0,3,159
6980,0,3,146
6981,0,0,138
6983,0,1,128
6984,0,5,118
6986,-3,4,106
6988,0,4,98
6989,0,3,91
6991,0,3,87
6992,0,4,82
6994,0,3,80
6995,0,2,80
6998,0,4,80
6999,0,4,84
7001,0,3,90
7002,0,5,96
7004,0,1,103
7006,0,3,112
7007,0,2,123
7009,0,3,134
7010,0,4,143
7012,0,3,159
7014,0,3,170
7015,0,4,172
7017,0,4,180
7018,0,2,187
7020,0,4,185
7022,0,2,185
7023,0,3,182
7025,0,3,176
7026,0,2,168
7028,0,6,156
7030,0,3,146
7031,0,3,137
7033,0,3,127
7034,0,2,119
7036,0,3,111
7038,0,2,96
7040,1,3,94
7042,1,4,86
7043,0,5,85
7045,0,3,83
7046,0,4,79
7048,0,4,80
7049,0,2,88
7051,0,1,91
7052,0,3,97
7054,0,3,104
7056,-2,3,116
7057,0,1,125
7059,0,3,136
7060,-3,4,148
7062,0,2,157
7064,0,5,169
7065,0,3,181
7067,-2,2,180
7068,-2,3,185
7070,0,2,188
7072,1,2,188
7073,0,3,184
7075,0,3,176
7076,0,2,164
7078,0,3,153
7080,0,1,146
7081,0,3,134
7084,0,4,128
7085,0,3,112
7087,0,5,107
7089,0,3,99
7090,0,3,94
7092,0,3,86
7093,2,7,84
7095,0,4,78
7096,0,1,80
7098,1,1,80
7099,1,4,87
7101,0,2,90
7102,0,5,96
7104,1,5,108
7106,0,3,114
7107,0,4,125
7109,0,3,140
7110,0,6,146
7112,-4,4,158
7114,0,1,165
7115,1,0,174
7117,0,3,181
7118,0,2,188
7120,0,2,189
7122,0,2,185
7123,0,4,183
7126,0,3,174
7127,0,1,164
7129,0,5,156
7131,0,2,144
7132,0,1,132
7134,0,4,125
7135,0,1,111
7137,0,3,102
7139,0,4,96
7140,-3,3,91
7142,-2,3,87
7143,0,4,84
7145,2,3,80
7146,0,5,80
7148,0,4,81
7149,0,4,86
7151,0,5,93
7152,0,4,98
7154,0,3,108
7156,0,6,116
7157,0,4,131
7159,0,3,140
7160,-2,4,151
7162,0,4,159
7164,0,2,172
7165,0,1,176
7168,1,0,184
7169,-2,2,187
7171,0,3,188
7173,0,2,184
7174,0,3,178
7176,0,2,174
7177,1,3,164
7179,0,3,155
7181,0,2,143
7182,1,3,131
7184,0,5,121
7185,1,3,112
7187,0,5,98
7188,0,3,95
7190,0,3,92
7192,0,4,86
7193,0,4,80
7195,0,7,80
7196,0,3,83
7198,0,3,82
7199,0,4,85
7201,0,2,92
7202,0,3,99
7204,0,5,110
7206,0,6,119
7207,0,3,129
7209,0,4,142
7211,0,3,150
7213,0,3,163
7215,0,3,173
7216,-2,3,178
7218,0,3,183
7219,0,2,187
7221,0,4,184
7222,0,5,184
7224,0,1,177
7226,0,1,169
7227,0,3,162
7229,0,4,155
7230,0,3,144
7232,0,1,131
7234,0,1,120
7235,0,2,110
7237,0,3,100
7238,0,3,95
7240,0,5,91
7242,0,3,83
7243,0,4,79
7245,0,4,80
7246,0,3,79
7248,0,4,84
7249,0,5,88
7251,0,5,93
7252,0,4,102
7255,0,5,109
7257,1,0,121
7258,0,3,131
7260,0,3,142
7261,-2,1,156
7263,0,3,160
7265,0,1,167
7266,0,3,181
7268,0,2,184
7269,0,4,187
7271,0,4,188
7273,0,4,185
7274,0,5,179
7276,0,3,171
7277,0,4,164
7279,0,2,152
7281,0,4,139
7282,-2,3,129
7284,0,1,119
7285,0,4,106
7287,0,3,98
7288,0,6,94
7290,0,4,87
7292,-3,4,86
7293,0,4,79
7296,0,3,81
7297,0,3,83
7299,0,2,80
7300,-2,3,88
7302,-2,5,96
7303,0,2,102
7305,0,1,113
7307,0,3,118
7308,0,7,130
7310,0,4,141
7311,0,2,156
7313,0,5,163
7315,0,4,174
7316,0,3,180
7318,0,3,184
7319,0,2,185
7321,0,4,184
7323,0,4,183
7324,0,2,175
7326,0,1,172
7327,0,2,161
7329,1,2,148
7331,0,0,137
7332,0,4,128
7334,0,2,117
7335,-2,2,109
7337,0,3,102
7340,0,5,94
7341,0,1,84
7343,1,1,82
7344,0,5,81
7346,0,6,81
7347,0,4,80
7349,0,5,86
7350,0,4,90
7352,0,2,96
7353,0,6,101
7355,1,3,113
7357,0,2,120
7358,0,0,132
7360,0,4,147
7361,1,0,158
7363,0,2,166
7365,0,2,173
7366,0,6,180
7368,0,4,184
7369,0,3,188
7371,0,4,183
7373,1,2,182
7374,0,2,176
7376,0,2,166
7377,0,2,156
7379,-3,5,152
7382,0,3,139
7383,0,4,128
7385,0,1,118
7386,0,4,108
7388,0,5,98
7390,-2,4,93
7391,0,3,83
7393,0,3,79
7394,0,4,80
7396,1,3,83
7397,0,4,81
7399,0,3,86
7400,0,4,89
7402,0,4,96
7403,0,4,103
7405,0,3,113
7407,0,2,124
7408,0,2,134
7410,0,2,146
7411,0,3,158
7413,-3,4,166
7415,0,2,174
7416,0,1,181
7418,-2,2,186
7419,0,1,188
7421,2,2,187
7424,0,2,177
7425,0,3,173
7427,0,3,165
7428,0,3,160
7430,0,4,145
7432,0,2,135
7433,0,3,128
7435,0,4,116
7436,0,4,106
7438,0,1,95
7440,0,0,93
7441,0,4,85
7443,0,2,81
7444,0,3,79
7446,0,3,80
7447,0,3,84
7449,-2,3,85
7450,0,4,91
7452,0,2,97
7453,0,1,104
7455,-2,5,117
7457,-2,4,129
7458,-2,5,137
7460,0,4,149
7461,0,3,158
7463,0,0,168
7465,-2,5,174
7467,0,2,182
7469,0,4,186
7470,0,5,188
7472,0,3,184
7474,-2,2,177
7475,0,2,176
7477,0,1,166
7478,0,3,155
7480,-2,5,145
7482,0,3,132
7483,0,4,125
7485,0,2,114
7486,0,3,107
7488,0,6,96
7490,0,4,88
7491,0,3,87
7493,0,3,81
7494,0,3,82
7496,0,3,79
7497,0,2,78
7499,0,4,86
7500,0,0,93
7502,0,3,100
7504,1,2,108
7505,0,3,118
7507,0,3,128
7508,1,1,139
7511,1,3,150
7512,1,3,161
7514,0,4,171
7516,0,3,175
7517,0,2,184
7519,0,3,187
7520,0,1,186
7522,0,1,183
7524,0,3,179
7525,0,4,173
7527,0,1,163
7528,0,3,152
7530,0,3,141
7532,0,4,134
7533,0,4,123
7535,0,0,112
7536,0,4,99
7538,0,6,95
7540,0,4,93
7541,0,4,85
7543,-2,2,82
7544,0,4,80
7546,1,2,82
7547,0,5,82
7549,-2,3,89
7550,2,2,92
7553,1,2,98
7554,0,3,108
7556,0,4,120
7558,0,4,129
7559,0,2,138
7561,0,3,151
7562,0,2,160
7564,0,3,172
7566,0,1,178
7567,0,4,185
7569,0,3,186
7570,0,2,186
7572,0,3,184
7574,0,2,181
7575,0,3,171
7577,0,2,161
7578,-2,1,150
7580,0,4,142
7582,0,2,131
7583,0,3,120
7585,0,3,112
7586,0,5,103
7588,0,3,93
7590,0,5,90
7591,1,4,81
7593,0,2,80
7595,0,3,80
7597,1,3,81
7598,0,2,82
7600,0,4,86
7601,0,1,92
7603,0,1,103
7604,1,4,108
7606,-3,4,119
7608,2,0,129
7609,0,4,144
7611,0,4,158
7612,0,2,165
7614,-2,4,174
7616,0,1,181
7617,0,2,188
7619,0,4,186
7620,-4,5,189
7622,0,2,186
7624,-2,2,178
7625,-2,4,171
7627,0,3,162
7628,0,4,152
7630,0,3,139
7632,-2,3,130
7633,0,3,117
7635,0,4,108
7636,1,4,99
7639,0,0,91
7641,0,2,87
7642,0,4,85
7644,0,4,81
7645,-3,3,82
7647,0,2,81
7648,0,3,84
7650,0,2,88
7651,1,2,91
7653,-2,3,102
7655,0,4,111
7656,0,4,126
7658,-2,3,132
7659,1,4,144
7661,0,4,155
7663,-3,3,162
7664,0,3,170
7666,1,5,181
7667,0,3,185
7669,0,4,187
7670,-2,3,187
7672,0,1,182
7674,0,0,177
7675,0,4,168
7677,0,4,161
7678,0,1,151
7681,0,2,140
7683,0,5,128
7684,0,4,116
7686,0,3,106
7687,-3,5,98
7689,0,4,95
7691,0,3,90
7692,1,0,81
7694,0,1,82
7695,0,0,80
7697,0,3,84
7698,0,3,85
7700,0,2,89
7701,0,4,96
7703,1,1,102
7705,0,5,113
7706,0,1,121
7708,-2,4,134
7709,0,2,145
7711,0,5,156
7712,-4,3,164
7714,0,1,173
7716,0,2,181
7717,-2,2,188
7719,1,4,185
7720,0,5,186
7723,-2,3,184
7725,0,3,175
7726,0,2,167
7728,0,0,160
7729,1,0,149
7731,1,3,134
7733,-2,4,126
7734,0,4,116
7736,0,4,110
7737,0,4,99
7739,0,2,91
7741,1,2,87
7742,0,7,80
7744,0,3,78
7745,0,3,81
7747,0,4,81
7748,0,2,86
7750,0,3,90
7751,0,4,96
7753,0,1,102
7754,0,3,116
7756,0,4,126
7758,0,4,136
7759,0,4,148
7761,0,2,156
7762,0,3,166
7764,1,2,175
7767,0,1,182
7768,1,3,186
7770,0,2,186
7771,-2,3,187
7773,0,3,180
7775,1,0,176
7776,0,1,168
7778,0,3,156
7779,-2,2,147
7781,0,2,135
7783,1,2,126
7784,1,2,116
7786,1,2,105
7787,0,4,96
7789,0,5,92
7791,-2,4,85
7792,0,5,82
7794,0,6,79
7795,0,3,79
7797,0,2,81
7798,2,2,87
7800,0,2,92
7801,0,5,96
7803,0,3,105
7804,0,6,117
7806,0,3,125
7809,0,3,137
7810,0,3,147
7812,0,3,156
7813,0,3,168
7815,0,4,178
7817,0,2,185
7818,0,2,184
7820,0,5,190
7821,0,2,184
7823,0,4,180
7825,0,1,176
7826,0,4,167
7828,0,4,157
7829,-2,3,147
7831,0,1,133
7833,0,5,126
7834,0,3,113
7836,0,3,105
7837,0,1,99
7839,0,3,92
7841,0,2,82
7842,0,6,82
7844,0,3,80
7845,0,5,79
7847,0,2,81
7848,0,2,86
7851,0,3,92
7852,0,4,96
7854,0,3,111
7855,0,3,116
7857,0,3,128
7859,0,1,136
7860,0,3,150
7862,0,2,162
7863,0,3,169
7865,0,1,178
7867,0,3,182
7868,0,1,185
7870,1,4,184
7871,0,1,182
7873,0,3,180
7875,1,2,175
7876,1,2,165
7878,1,3,152
7879,0,3,145
7881,0,7,135
7883,0,4,124
7884,0,2,117
7886,0,4,107
7887,0,3,96
7889,-2,5,90
7891,1,3,83
7892,-3,4,83
7895,0,4,81
7896,-3,3,80
7898,0,7,82
7899,2,3,87
7901,0,4,94
7902,0,4,96
7904,0,3,107
7905,-2,4,118
7907,0,5,128
7909,0,5,137
7910,0,1,151
7912,0,2,163
7913,0,4,171
7915,1,4,178
7917,0,1,184
7918,-2,2,189
7920,0,3,189
7921,0,2,186
7923,0,2,180
7925,0,1,171
7926,0,2,163
7928,0,3,154
7929,0,1,144
7931,0,2,134
7933,0,5,120
7934,0,4,114
7937,0,4,105
7938,0,1,96
7940,0,4,90
7942,0,6,82
7943,0,4,82
7945,0,2,79
7946,1,3,81
7948,1,4,82
7949,0,5,83
7951,0,4,96
7952,0,0,100
7954,0,3,110
7956,0,2,118
7957,0,3,128
7959,0,3,140
7960,0,6,152
7962,0,3,164
7964,0,4,170
7965,0,0,177
7967,0,3,184
7968,-3,4,188
7970,0,3,187
7972,0,3,182
7973,0,1,175
7975,0,6,170
7976,-2,5,162
7979,0,3,149
7980,0,4,141
7982,0,5,132
7984,0,5,123
7985,0,2,109
7987,-2,4,103
7988,0,4,94
7990,0,3,89
7992,0,4,82
7993,0,4,78
7995,0,3,79
7996,0,2,80
7998,0,4,83
7999,0,4,87
8001,0,1,95
8002,1,2,98
8004,0,3,110
8006,0,4,123
8007,-3,3,132
8009,0,3,143
8010,0,1,153
8012,1,2,165
8014,0,3,172
8015,0,2,181
8017,0,3,183
8018,0,2,186
8020,-3,2,187
8023,0,2,183
8024,-2,4,178
8026,-2,2,171
8027,2,2,160
8029,0,3,149
8031,0,2,138
8032,0,1,131
8034,-2,4,118
8035,0,3,110
8037,0,3,100
